:020000040800F2
:1000000000400220D172010861730108BD5E010841
:1000100000000000000000000000000000000000E0
:10002000000000000000000000000000E77A010866
:100030000000000000000000F17B0108A95E01083B
:10004000617301086173010861730108617301083C
:1000500061730108FD5E01086173010861730108A5
:10006000617301086173010861730108617301081C
:10007000617301086173010861730108617301080C
:1000800061730108617301086173010861730108FC
:1000900061730108617301086173010861730108EC
:1000A00061730108617301086173010861730108DC
:0C00B000095F0108395F01086173010855
:1000C00010B5064C2378002B07D1054B002B02D02E
:1000D000044800E000BF0123237010BD180A00206F
:1000E00000000000FC7D0208044B10B5002B03D07B
:1000F0000349044800E000BF10BDC04600000000F6
:100100001C0A0020FC7D020802780B78002A03D02C
:10011000013001319A42F7D0D01A70470023C25CF7
:100120000133002AFBD1581E7047000002B471460B
:1001300049084900095C49008E4402BC7047C0462A
:1001400003B47146490840004900095A49008E44E9
:1001500003BC7047002243088B4274D303098B42CF
:100160005FD3030A8B4244D3030B8B4228D3030C87
:100170008B420DD3FF22090212BA030C8B4202D329
:100180001212090265D0030B8B4219D300E0090A51
:10019000C30B8B4201D3CB03C01A5241830B8B425A
:1001A00001D38B03C01A5241430B8B4201D34B0343
:1001B000C01A5241030B8B4201D30B03C01A5241A8
:1001C000C30A8B4201D3CB02C01A5241830A8B422D
:1001D00001D38B02C01A5241430A8B4201D34B0216
:1001E000C01A5241030A8B4201D30B02C01A52417A
:1001F000CDD2C3098B4201D3CB01C01A524183092E
:100200008B4201D38B01C01A524143098B4201D367
:100210004B01C01A524103098B4201D30B01C01A92
:100220005241C3088B4201D3CB00C01A524183080C
:100230008B4201D38B00C01A524143088B4201D339
:100240004B00C01A5241411A00D201465241104699
:100250007047FFE701B5002000F0F0F802BDC0468E
:100260000029F7D076E7704703460B437FD400227E
:1002700043088B4274D303098B425FD3030A8B423A
:1002800044D3030B8B4228D3030C8B420DD3FF22A4
:10029000090212BA030C8B4202D31212090265D072
:1002A000030B8B4219D300E0090AC30B8B4201D325
:1002B000CB03C01A5241830B8B4201D38B03C01A6C
:1002C0005241430B8B4201D34B03C01A5241030BE3
:1002D0008B4201D30B03C01A5241C30A8B4201D394
:1002E000CB02C01A5241830A8B4201D38B02C01A3F
:1002F0005241430A8B4201D34B02C01A5241030AB6
:100300008B4201D30B02C01A5241CDD2C3098B429A
:1003100001D3CB01C01A524183098B4201D38B0117
:10032000C01A524143098B4201D34B01C01A5241BA
:1003300003098B4201D30B01C01A5241C3088B42FF
:1003400001D3CB00C01A524183088B4201D38B00EA
:10035000C01A524143088B4201D34B00C01A52418C
:10036000411A00D201465241104670475DE0CA0F63
:1003700000D04942031000D34042534000229C4623
:1003800003098B422DD3030A8B4212D3FC2289012D
:1003900012BA030A8B420CD3890192118B4208D303
:1003A000890192118B4204D389013AD0921100E065
:1003B0008909C3098B4201D3CB01C01A5241830979
:1003C0008B4201D38B01C01A524143098B4201D3A6
:1003D0004B01C01A524103098B4201D30B01C01AD1
:1003E0005241C3088B4201D3CB00C01A524183084B
:1003F0008B4201D38B00C01A5241D9D243088B42A1
:1004000001D34B00C01A5241411A00D20146634643
:1004100052415B10104601D34042002B00D54942A7
:10042000704763465B1000D3404201B5002000F0E6
:1004300005F802BD0029F8D016E770477047C0469E
:100440008446100062468C461900634600E0C046B0
:100450001FB501F057FD002801D40021C8421FBD7F
:1004600010B501F097FC4042013010BD10B501F00D
:1004700049FD002801DB002010BD012010BDC04651
:1004800010B501F03FFD002801DD002010BD012066
:1004900010BDC04610B501F0C1FC002801DC0020F1
:1004A00010BD012010BDC04610B501F0B7FC0028FA
:1004B00001DA002010BD012010BDC04684460800AE
:1004C0006146FFE71FB500F055FA002801D400216E
:1004D000C8421FBD10B500F0D5F94042013010BD33
:1004E00010B500F047FA002801DB002010BD012004
:1004F00010BDC04610B500F03DFA002801DD002017
:1005000010BD012010BDC04610B500F0E3F9002871
:1005100001DC002010BD012010BDC04610B500F068
:10052000D9F9002801DA002010BD012010BDC04615
:10053000994201D1801A04D002D201204042704772
:1005400001207047002B11D1002A0FD1002900D1C2
:10055000002802D00021C943080007B4024802A1C4
:100560004018029003BDC046D5FEFFFF03B46846A5
:1005700001B5029800F0BAF8019B9E4602B00CBC8F
:100580007047C046F0B5CE469946030C9C4613040E
:1005900047461B0C1D000E0061460404240C80B568
:1005A0000700100C4B436543414360432C0CC018BB
:1005B00024188C46A34203D980235B029846C44486
:1005C000494679435643230C2D042D0C8919634465
:1005D00024046019C918C0BCB946B046F0BDC04675
:1005E0009E2110B5C905041CFFF798FF002803D110
:1005F000201C00F0EFFC10BD9E21201CC90500F05E
:1006000045FB00F0E7FC80231B069C466044F2E7B4
:1006100070B500220C4B04000D00FFF745FF0028C9
:1006200004D12000290002F065FB70BD064B0022BA
:100630002000290001F0A0FF02F05CFB80231B06D4
:100640009C466044F1E7C0460000E04170B50022DE
:10065000002304000D00FFF709FF002808D1200047
:10066000290000F00FF802000B001000190070BD07
:1006700080231B06E918200000F004F80023424202
:100680008B41F2E770B500220B4B0D00040001F026
:10069000ABFCFFF7BDFF060002F096FB0022074B04
:1006A00001F0A2FC02000B002000290001F064FF11
:1006B000FFF7AEFF310070BD0000F03D0000F041DB
:1006C00070B50600080002F051FB0022064B01F055
:1006D0008BFC0D000400300002F076FB2B002200A2
:1006E00000F0DAFC70BDC0460000F041F0B557469E
:1006F0004E464546DE46E0B504000D00924699465A
:1007000083B08B4230D82DD04946504602F06AFC67
:1007100029000600200002F065FC331A9846203BB1
:1007200034D49B4653465A46934042461F00534694
:1007300093401E00AF423BD8AF4200D179E05B4608
:10074000A41BBD41002B00DA76E0002200230092BA
:10075000019301235A46934001930123424693405B
:10076000009329E08242CFD9002200230092019316
:100770000C9B002B01D01C605D600098019903B0B8
:10078000F0BCBB46B246A946A046F0BD42469B46D9
:1007900020239B1A5246DA40414613004A468A40BB
:1007A000170042461F43534693401E00AF42C3D931
:1007B00000220023009201934346002BD8D0FB0770
:1007C00072081A4346467B080EE0AB4201D1A242B2
:1007D0000CD8A41A9D41012024196D410021013E2D
:1007E00024184D41002E06D0AB42EED9013E24190B
:1007F0006D41002EF8D1009801995B4600196941BE
:10080000002B24DB2B005A464446D3402A00E2400A
:100810001C005B461500002B2ADB26009E4033009F
:1008200026004746BE403200801A9941009001914F
:100830009EE7A342BCD882E74246202300219B1AB0
:100840000022009101920122DA40019285E742469E
:1008500020239B1A2A0046469A402300F340444630
:1008600013432A00E2401C005B461500002BD4DA3B
:1008700042462F002023260097409B1ADE403B0073
:100880003343CDE770B542004E024C0045026D0A7D
:10089000120EC30F760A240EC90FFF2A10D0FF2CA8
:1008A0000CD00120A2420AD1B54208D18B420FD010
:1008B000002A04D12800431E984100E0012070BDA9
:1008C0000120FF2CFBD13543F9D14B401800F6E74E
:1008D0000020F4E730B5420044024D02C30F480047
:1008E000640A120E6D0A000EC90FFF2A19D0FF28E4
:1008F0000BD0002A1ED100280BD1002D27D0002CB0
:1009000034D100292FD0080030BD002D28D1002A75
:1009100001D1002CF5D08B4207D1002B23D0180039
:10092000F2E7002C1CD1FF2814D0581E02231840D7
:100930000138E9E70028F8D08B42F6D18242F4DC96
:10094000EBDBAC42F1D80020AC42DDD2E5E7002C75
:10095000DAD0EAE7002D03D18B42E6D10020D3E7BD
:1009600002204042D0E701204042CDE78B42E8D050
:10097000DBE7C04630B5420044024D02C30F4800D9
:10098000640A120E6D0A000EC90FFF2A1AD0FF2842
:100990000ED0002A1ED100280ED1002D2AD0002C06
:1009A0000CD08B421DD0581E02231840013810E095
:1009B000002D0DD1002A20D1002C1ED1002923D0DA
:1009C000080006E0002C03D1FF28ECD1002D17D041
:1009D000022030BD0028E6D08B42E4D18242E2DC26
:1009E00004DBAC42DFD80020AC42F2D2002B0BD0AB
:1009F0001800EEE7002CECD0D5E78B42D3D1F5E719
:100A000000208B42E5D0CEE701204042E1E7C0461E
:100A1000F0B54F464646D64643025B0A4500C0B590
:100A200099460F1C2D0EC60F002D00D188E0FF2D1A
:100A300000D18DE08022DB00D2041A4300239146CE
:100A400098469A467F3D7C027B00640A1B0EFF0F8E
:100A5000002B68D0FF2B21D08022E400D204144365
:100A600042467F3B5B1900215D1C0A2A2EDC7E403A
:100A70004246022A23DC013A012A00D9BDE00229BC
:100A80006ED001292CD100200022C005F6071043AA
:100A90003043E0BCBA46B146A846F0BD2B00FF3358
:100AA000002C65D0032241461143320001358846AF
:100AB0007A40FF350A2900DDD8E0160003214046C0
:100AC00001228240A620C000024220D05346022BC1
:100AD00046D0032B00D1BBE051464C460129D2D071
:100AE0002B007F33002B70DD620704D00F222240E1
:100AF000042A00D00434220103D5634B1C402B0090
:100B00008033FE2B2CDCA201520AD8B2BDE7902024
:100B10008000024227D1B938FF3810426DD03E0024
:100B2000A1468A46D2E7002C41D1012342461A430E
:100B300090462B00424601215D1C0A2A97DDC5E73D
:100B4000002B26D104239846033B00259A467AE7DA
:100B5000002B18D108239846063BFF259A4672E7DA
:100B6000FF20002291E780220026FF20D2038CE79D
:100B700041460222013511438846FF350A29A5DC8A
:100B800002217E4074E70C239846093BFF259A46D4
:100B900059E7180002F008FA4A46431F76259A40A2
:100BA00000236D42914698469A462D1A4BE7200045
:100BB00002F0FAF94246431F9C402B1A763B002173
:100BC0005D1C0A2A00DC52E780E70122D31A1B2BA6
:100BD00000DD58E79E352200AC40DA40631E9C41A0
:100BE0002243530704D00F231340042B00D00432B8
:100BF000530137D50120002247E7210C4A4624043F
:100C0000240C2700100C1204120C44435743484391
:100C100051433A0C09195218944203D980214902D0
:100C20008C4660443F0411043F0CC9198C01671EB7
:100C3000BC41120C890E12180C439201144312018C
:100C40000ED5012362081C40144349E73E00A1462B
:100C500080224B46D2031A435202FF20520A14E765
:100C60001D003DE792010020520A0EE70F29EDD149
:100C700080224B46D2031342EAD01442E8D13E0010
:100C8000FF20224301E7C046FFFFFFF7F8B54746C4
:100C9000CE464E0243024500720AC40F480080B59A
:100CA00094465F0A2D0E9B09000EC90FB609FF2856
:100CB00024D0012251402A1A8C420FD0002A00DC95
:100CC0006AE1002835D1002E00D1A2E0511E012A90
:100CD00000D124E1FF2A21D00A002FE0002A00DC05
:100CE00067E100285ED0FF2D18D08021C9040E4393
:100CF0001B2A00DC76E02A00013332E02A00FF3AAA
:100D00009146002E42D08C4255D04A46002A00D14E
:100D10009CE0002D00D177E00C003300DB08002BB5
:100D200000D16EE08022D20313435B02FF205B0AF6
:100D300024E0FF2DF2D08021C9040E4301211B2A9B
:100D400008DC31002020D140821A96403200501E2B
:100D5000824111435B1A5A0160D407212A001940CD
:100D600057D00F211940042900D00433590150D520
:100D7000501CFE2A45D09B01C0B25B0AC005184337
:100D8000E4072043C0BCB946B046F8BD012251403B
:100D90008C42BAD14A46002A10D0002D00D198E0EA
:100DA0000023BBE7002E34D0511E012A6ED0FF2A4B
:100DB000B4D00A009CE7002A00D088E0FE206A1C1C
:100DC000104200D092E0002D00D0A4E0002B00D112
:100DD000CBE0002E00D0CAE00022DB085B025B0AF9
:100DE000D0B2CBE731002020D140821A96403200A9
:100DF000501E82410A439B185A01AED56A1CFE2D33
:100E00004AD1FF200023B9E7FF22002B4BD10C0071
:100E10003300DB08FF2A00D181E7DFE79F01BF092C
:100E2000380002F0C1F805388740854221DC3B00DC
:100E30002021421B0132D3408A1A97407A1E9741E3
:100E400000223B43590700D08BE78FE7FE206A1C46
:100E5000104212D1002D52D1002B7CD0002EBBD0DD
:100E60009A1B500100D48BE001240022F31A0C409D
:100E7000E8E7564B2A1A3B40E4E79F1B7A0146D429
:100E8000002FCDD100240020002377E79B190125F6
:100E90000132590100D460E701214D4819405B0837
:100EA00003400B43CEE7571E012A5AD00C00FF2AFD
:100EB00033D001221B2F07DC2021C91B1A008B40D5
:100EC000FA40591E8B411A430500B31A43E7002D1F
:100ED00023D1FF22002B9BD0511E012AD6D0FF2AFE
:100EE0001BD01B292CDD0200731C3AE7FF2A88D097
:100EF0009B195B08590700D033E7DB086EE7002B2E
:100F000010D1002E43D0012433000C4006E7012409
:100F1000F71A0C4084E7002B04D13300FEE60125CC
:100F20009B1B18E7002E00D1F8E68022D2039742DF
:100F300004D3944502D2012433000C40DB08F1E6CF
:100F40001A002025CA40691A8B40591E8B41134351
:100F500005009B1950E7002E94D0012433000C406B
:100F60003AE70C000125F31AF5E6330034E79B1944
:100F700000225901C1D5154A1340DB0801222DE793
:100F8000002A00D17EE713000022DB0826E7802339
:100F90000024FF20DB03F1E6002A00D156E7471BBF
:100FA0003A00002D00D130E78022D2040C00134318
:100FB0007FE7002A00D101E7411B002D01D10A0083
:100FC00088E78022D20413438BE7C046FFFFFFFB74
:100FD000FFFFFF7D41024200C30F490A0020120EAD
:100FE0007E2A03DD9D2A02DD094A98187047802079
:100FF00000040143952A07DC9620821AD14048421A
:10100000002BF3D10800F1E7963A9140F7E7C0468C
:10101000FFFFFF7F70B5041E0ED001F0C5FF9E23B9
:1010200001001B1A962B0CDC08282FD008398C40A5
:101030006402640AD8B201E000200024C005204305
:1010400070BD992B16DC421F052800D09440220069
:1010500010480240650709D00F252C40042C05D00C
:101060000432540102D59F2302405B1A9201540AB4
:10107000D8B2E3E7020020001B3290400200501E6D
:1010800082410520401AC4401443E0E764029620E0
:10109000640AD3E7FFFFFFFBF0B557464E464546CF
:1010A000DE46E0B583B0009001910C034F00CE0FF7
:1010B000610A009C1D03640F0C4300990092019388
:1010C000C80059004B0D9946009A019B6D0AD90F33
:1010D000530F2B439A46009B7F0DDA0094464A46F5
:1010E000B046BA1A8E4200D1B0E0002A00DC78E0A7
:1010F0004946002900D1E9E0C9498F4200D195E174
:101100000125382A16DC8021534609040B439A46F0
:101110001F2A00DDE7E1202155468B1A61469D40DC
:10112000D1400D43614699404B1E99415346D340EF
:101130000D43E41A451BA84280414042241A230271
:1011400000D40FE16402640A002C00D139E12000D0
:1011500001F02AFF0300083B20212800CA1AD040D2
:101160009C4002009D4022439F4200DD73E1D81B5A
:101170000130091A2C008D40C4406B1E9D411300A4
:10118000C2408B402543002714001D436B0709D044
:101190000F232B40042B05D02B1DAB42AD416D42DC
:1011A00064191D00230200D42DE19D4A01379742A6
:1011B00000D1D3E046469B49ED0821404A072A4327
:1011C0007C054D022D0B640D24052C43F60734439A
:1011D0001000210003B0F0BCBB46B246A946A046B1
:1011E000F0BD002A00D184E04A46D21B002F00D077
:1011F0006DE12500054300D127E1561E012A00D1EB
:101200003BE2874DAA4200D16AE20125382E12DC6A
:1012100032001F2A00DDF8E120262500B61A07005B
:101220005346B040D440B540D740461EB0411B1B8A
:101230009A463D4305436246551BAC459241534691
:1012400052420E004F4688469C1A78E7002A00DC7E
:101250008EE04946002975D161465346194300D1B5
:10126000F6E0511E012A00D191E16D4DAA4200D154
:10127000DCE00125382914DC0A001F2A00DDA2E188
:1012800020215346891A8B401D006346D3401D43DD
:1012900063468B4019004B1E99415346D3400D4382
:1012A000E4182D188542804140422418230259D564
:1012B0005B4B01379F4251D001215A4B6A081C40B9
:1012C00029400A43E507154364085FE76146534632
:1012D000194300D1BCE0511E012A00D164E1504DF8
:1012E000AA4200D16AE10125382900DD22E70A007F
:1012F0000EE74D4A7D1C154200D0D0E02500624625
:10130000534605431A43002F00D037E1002D00D18A
:10131000A8E1002A00D16AE16346C51A5346E21AE1
:10132000A8429B415B42D31A1A0200D403E26346EF
:101330001D1AAC459241534652421C1B0E00884672
:10134000A41A23E736498F4270D00125382AA8DC39
:101350008021534609040B439A468EE73C00002542
:10136000002231E707232B40002B00D010E793E049
:10137000002A74D04A46D21B002F00D1C7E028496A
:10138000894500D185E10125382A12DC8021090434
:101390000C431F2A00DDABE120212500891A07003C
:1013A00088408D40D740411E8841D4403D4305438D
:1013B000A2446544654592415242524414004F464E
:1013C00074E7280001F0F0FD030018331F2B00DC48
:1013D000C2E62A00083882409F4200DDA9E0DB1BFC
:1013E000581C1F2800DCACE115001F3BDD40202805
:1013F00005D040231B1A9A40531E9A4115430723D8
:1014000000272B40B0E7ED08054B62072A43E408AC
:101410009F420FD02403250B7C05640DD4E6C04603
:10142000FF070000FFFF7FFFFE070000C008620704
:101430000243E4081300234300D186E180252D03F5
:1014400025432D03C34C2D0BBEE6604654460E00CB
:101450001700C508D8E7C04CFF1A144096E6BF4AEB
:10146000791C11426BD122000243002F00D0DBE037
:10147000002A00D12DE1624653461A4300D1B6E05E
:101480006346C518854280415444404224182302D3
:1014900002D50F00B04B1C403A002800D8E7624646
:1014A000851AA8429241534652429146E31A1A00C5
:1014B0004B46D21A130091461A0254D44A464C465F
:1014C0002A4300D040E60026002400257CE6A14DFA
:1014D000A94500D190E00125382A00DDABE6802542
:1014E0002D042C4395E6110055462039CD40A946E0
:1014F000202A06D0402153468A1A934062461A4356
:10150000944665466B1E9D414B461D4312E62100E5
:10151000014300D1C4E0511E012A00D1FBE08D4DF2
:10152000AA4200D1B5E00125382900DD41E70A00D3
:101530002FE7894CFF1A14406207E4086AE7854ADE
:10154000914200D1E3E06346C21882428041230009
:10155000404253441B18DD075C080723520815431B
:101560000F002B4000E763461D1AAC4592415346DD
:1015700052421C1B0E008846A41AE5E5002D00D03F
:1015800091E0002A38D180240026240356E76346E0
:10159000C518854280415444404224180127230243
:1015A00000D4DFE6022787E66346C51AA8428041D9
:1015B00053464042E41A0127241AC0E56207C008D6
:1015C0000243E40836E7110053462039CB409946E0
:1015D000202A06D0402153468A1A934062461A4375
:1015E000944665466B1E9D414B461D4359E6620776
:1015F000C0080243E4080DE753465A076346D8087B
:1016000053460E000243DC0814E715002600203D77
:10161000EE40202A03D04025AA1A94402043421EBF
:1016200090410500354306E6002A7CD062465346C9
:10163000C0081A4300D1FAE6620710438022E4088A
:101640001203144208D0D908114205D16346D808C4
:1016500053460C005B071843420FC000C0085207F6
:101660000243E7E6002A00D12DE76346D808534637
:101670005A070E000243DC08CCE663461D1AAC454F
:101680009241534652421C1B0E008846A41A013751
:1016900055E56346D90853465A070A43DC08C9E6AC
:1016A00060465446D4E6C008002A00D1BFE662076F
:1016B00010438022E40812031442CDD0DD08154205
:1016C000CAD16346D80853465B070E002C00184366
:1016D000C2E76346D90853465A070A43DC0899E62D
:1016E0006346D80853465A070E000243DC08A1E6B9
:1016F000110027002039CF40202A03D040218A1A28
:1017000094402043421E904105003D4351E60C00A9
:101710000025002258E560446045924154445242FD
:101720000500A4183AE753465A076346D9085346BA
:101730000A43DC087EE61A001C002A4300D0ABE610
:10174000C1E620210025091A19E500220025014CD7
:101750003AE5C046FF070000FFFF7FFFFE070000DD
:10176000F0B5DE46454657464E46E0B587B0009296
:1017700001930B031B0B9B46CA0F4B0004008046D2
:101780005B0D029200D16AE1D44A934200D18CE110
:101790005946420FC9000A43802109041143C2007F
:1017A0009046CF4A894692469A44002300240393E8
:1017B000009E019F3B031B0B9B467B0030005B0D93
:1017C000FD0F002B00D128E1C44A934200D177E1FC
:1017D0005946720FC9000A438021090411438B4600
:1017E000BF49F2008C4651466344CB1A9A46002307
:1017F000029E6E400F2C27D8BA49A40009598F4683
:10180000CB464246029E039B022B16D0032B00D1EF
:10181000A6E2012B00D0DFE0002200230024904646
:101820001B052343F60733434046190007B0F0BCBD
:10183000BB46B246A946A046F0BD00220024904611
:10184000A64BEDE72E00DFE7CB4500D2D4E100D177
:10185000CFE101235B429C46444648460027E244D0
:101860005B46150E1B021D43190C2B04120200953A
:101870001D0C914602910395FEF7F2FC02006A43AB
:101880000B04210C804619438A4209D9009D01238B
:10189000AC465B4261449C46E0448D4200D8FBE18B
:1018A000881A0299FEF7DCFC039A240442430904D7
:1018B000240C03000C43A24206D90099013B8C463C
:1018C0006444A14200D8E1E1A01A424612041A433E
:1018D00093464B4659461B0C1D0004930B04494686
:1018E0000904090C0C001B0C5C43120C6B4388466A
:1018F00051436A43250CAC465B186344994203D9B3
:10190000802149028C466244190C24041B04240CD7
:101910008A181C19904202D316D1A74214D25B46F2
:10192000009D013B4F4405934F459B41AC465B42B4
:101930006344C018854200D3A1E1824200D9F6E198
:1019400000D1F1E1059B9B463C1BA742BF41009D96
:10195000801A7F42C01B854200D1D0E10299FEF778
:101960007FFC039A0B044243210C070019438A426F
:1019700000D978E1881A0299FEF772FC039A2404D0
:1019800042430904240C03000C43A24200D95DE148
:101990004146A41A3A041A43049D13041B0C5943EC
:1019A00047466B439C46100C47430B0CBC446344B6
:1019B00068439F4203D980256D02AC4660441F0CEA
:1019C00009041B04090C3F185B18BC4200D202E159
:1019D00000D1FDE001231A43434B5344002B00DCAC
:1019E000AEE0510700D098E15946C90106D55946E5
:1019F0003E4B194080238B46DB0053443C498B42CD
:101A000000DD1AE75946D208490711435A465B05DB
:101A100054028846240B5B0D02E75A46009B1A438A
:101A200000D17EE05B46002B00D100E1584601F07A
:101A3000BBFA020003000B3A1D27009EBA1A1900D8
:101A40005846D64008398840320002439346009AEF
:101A50008A40284953448A469A440023C8E65B4694
:101A60000343994656D05B46002B00D1CDE0584643
:101A700001F09AFA0B235B429C46020084446646BE
:101A80001D239B1B260011005846DE400839884064
:101A900033000343994623008B409846164B00249D
:101AA0009B1A9A460023039382E65A4602439146C4
:101AB0002AD100229A46022390460824039377E60F
:101AC0005A46009B1A430D4B9C46E244002A17D10C
:101AD00002231C4300239B46023389E6FF070000D4
:101AE00001FCFFFF30AE0208FF030000FFFFFFFE16
:101AF000FE070000F30300000DFCFFFF01F8FFFFED
:101B0000032332001C4373E69A460323D9460C2470
:101B100003934DE6002398469A4601330424039329
:101B200046E601231C4300239B46013360E6002365
:101B3000802498460026924B240371E601225242EB
:101B40000121C91A382900DD66E61F2900DCABE057
:101B50001F204042C31A5846D8400300202904D011
:101B600058468849514488400243511E8A411A43CD
:101B7000072319000024114013420CD00F231340F7
:101B8000042B00D1F9E0111D91429B410A005B42F8
:101B900059075B021C0BD2080A43904600233FE61C
:101BA00080244B462403234209D05B46234206D1BE
:101BB0001C4324032E009046714B240B30E68024F6
:101BC0004B4624031C432403029E6D4B240B27E643
:101BD000002B00D100E70098511E844664448442E3
:101BE00000D284E0BC4200D2AEE000D1C1E00A00E5
:101BF000F0E6424500D92CE64B46DC075808434640
:101C00005B081C434346DF072AE601F0CDF91523A4
:101C10009C4684440200634620321C2B00DC2EE7E5
:101C200023000838834099460023984636E701F0A0
:101C3000BBF902000300153220331C2A00DCFBE64E
:101C400000990838814000228B4602E70099013B49
:101C50008C466444A14200D99AE6A24200D897E695
:101C6000831E644494E6AC466144013F8D4200D932
:101C700080E68A4200D87DE6871E61447AE6854286
:101C800000D05FE6B94500D95CE656E6A24200D82E
:101C90001AE6831E644417E68A4200D800E6AC4682
:101CA000831E98466144FBE5374814005044824047
:101CB0005B4617008340CC407A1E974123433B4349
:101CC0001A005B46CB40510709D00F21114004296F
:101CD00005D0111D9142924152429B180A001902EF
:101CE00000D455E7002201230024904698E50A001D
:101CF000BC4200D06EE64B4500D06BE66CE6234B51
:101D0000234A5344924500DA18E7012149420A1D4B
:101D10008A42894149428B4466E60F2111400429D9
:101D200000D161E61100F2E7BC4200D80AE60223C6
:101D30005B429C4600994F444F459B41E3448C468F
:101D40005B426344C018FFE54946009D4800484592
:101D50008941AC46494261448146023A6418C7E76A
:101D600080245B4624031C4324039046044B240B2D
:101D700056E59945E8D30A00BDE7002308E7C046C9
:101D8000FF0700003E0400001E040000FF030000E7
:101D900002FCFFFFF0B55746DE464E464546E0B52D
:101DA0000D000400E80F83460903D80F090B824693
:101DB00019488C461F0369005E00490D3F0B760DE4
:101DC000814218D086420FD00120B1420DD1BC45CE
:101DD0000BD1944209D1D3451CD0002905D16046CE
:101DE0002043431E984100E00120F0BCBB46B246B0
:101DF000A946A046F0BD01208E42F6D16146394386
:101E00000F0017432743F0D15B465246981A431EF2
:101E10009841EAE70020E8E7FF070000F0B55746E1
:101E20004E464546DE46E0B50D000F03390B83B044
:101E30000400804601915800E90F314F400D8C4657
:101E40006E00190382469146760D090BD80FBE42EB
:101E50001FD0BA450FD0002E2FD15546019E3443D6
:101E6000002D27D10A433AD0002C45D100281AD1A1
:101E70000120404217E011433BD1002E02D1019FC7
:101E80002743F3D0844509D16346002BF0D0604648
:101E900009E0019F27432CD1B24524D0634602209C
:101EA000013B1840013803B0F0BCBB46B246A9461E
:101EB000A046F0BD002CD9D0E4E75446002CEDD06C
:101EC0008445EBD15645E9DCDEDB019B8B42E5D84E
:101ED000DAD1C845E2D80020C845E4D2D4E70020D2
:101EE000002CE0D0DAE7114303D18445D6D100209D
:101EF000D9E702204042D6E78445E6D0CEE7C04687
:101F0000FF070000F0B557464E464546DE46E0B5B1
:101F10000D000F0304008046E80F390B844683B0A0
:101F20005800304F400D01911E03690082469146D2
:101F3000490D360BD80FB94220D0BA450FD0002931
:101F40002BD101990C435146002937D1324338D067
:101F5000002C44D1002819D10120404216E016433C
:101F600013D1002902D1019F2743F3D0844520D00B
:101F700063460220013B1840013807E0019F2743D8
:101F800003D18A45F4D116431FD0022003B0F0BC20
:101F9000BB46B246A946A046F0BD5446002CE7D049
:101FA0008445E5D15145E3DC03DB019BB342DFD837
:101FB0000FD06346002BCFD06046E7E7002CC9D096
:101FC000D4E70020002CE1D0D2E78445D0D1002016
:101FD000DCE7C845CCD80020C845D7D2E9E784451E
:101FE000E3D0C5E7FF070000F0B55746DE464E4692
:101FF0004546E0B51F000B031B0B16009A46CA0F9F
:102000004B000400934687B05B0D00D1D5E0BB4A7E
:10201000934200D1F8E05146420FC9000A438021A3
:1020200009041143C2009146B54A8A469D1800230F
:10203000984602933C037B00FA0F3000240B5B0DA3
:10204000009200D196E0AD4A934231D0720FE40085
:102050002243802424041443A94AF0009446634494
:102060005B195A1C0192424600260A2A42DC5A4653
:1020700000994A4093464246022A32DC013A012A3C
:1020800000D949E1022E00D1CAE0012E3DD1002342
:102090000024002210005A461B052343D207134395
:1020A000190007B0F0BCBB46B246A946A046F0BD39
:1020B000924B2643EB18002E00D1BBE00322414691
:1020C00011435A46884600994A40802109018C46AE
:1020D00029006144019141460A2900DD33E293461B
:1020E0000326424601279740A6213A00C9000A402C
:1020F0000F4231D0029E022E00D135E2032E00D1D4
:10210000D2E154464846012EC1D0019A7D4B9446F7
:102110006344002B00DCC0E0420709D00F220240DC
:10212000042A05D0021D824280414042241810003A
:10213000E20106D5744B019A1C4080239446DB00D3
:102140006344724A93426BDC6207C00864025B0519
:102150000243240B5B0D9DE7902189000F4263D160
:1021600088223A4200D1D7E0009BA2469B46814696
:102170000296BFE72300334300D17FE0002C00D15B
:10218000ADE1200000F010FF020003000B3A1D201B
:102190001900821A30000839D0408C4004433000C6
:1021A00088405B4AEB1A944663445A1C01924246AB
:1021B00000260A2A00DC5AE79CE753460343994667
:1021C00054D05346002B00D177E1504600F0ECFE8E
:1021D0000B235B429C4602008444110050460839A0
:1021E00088401D23804660461B1A2000D84003000B
:1021F000404603439A4623008B4099460023444DB2
:102200009846AD1A029315E752460243914626D1ED
:1022100000221D000223924608329046029309E7ED
:1022200000240022354B35E7002380249B462403FD
:10223000324B2FE70222414611438022120194467D
:102240002A006244884601920A2900DD52E75A4674
:102250000020009904004A40934602260BE70C2216
:102260001D000323814690460293E3E600239A462D
:1022700004339846033B00250293DBE642460133D4
:102280001A432B0090465A1C01924246002400201B
:1022900001260A2A00DCEAE62CE70122D21A382AB3
:1022A00000DDF4E61F2A00DC2AE11F214942CB1A97
:1022B0002100D9400B00202A05D0164A019D9446E2
:1022C0006544AC402043421E904118430723190047
:1022D0000024014003420CD00F230340042B00D103
:1022E00040E1031D8342A441180064426107640277
:1022F000240BC20800230A43CCE6C046FF070000B7
:1023000001FCFFFFFF030000FFFFFFFEFE070000D0
:102310000DFCFFFF3E04000049464A460904090C33
:102320000D00160C020C0004000C4543AC460500E1
:102330007543A84615000F007543009202952A00C8
:10234000009D6F4365462D0CA94647444F44B84550
:1023500005D91500802252029046454402953D0C55
:10236000039565462D043F042D0CAC463D006544A5
:102370000495250C2404240CAC4625007543A8467E
:1023800065460F006943414489466743390C494417
:102390006E43884503D980225202904646440D0C74
:1023A000A846350045440595039D3F04A8463F0CCB
:1023B0000904C91988444546039555462E04360C30
:1023C0002F0C35004543784381463800A8462D0C34
:1023D000AA46009A504372434A445244914503D955
:1023E00080256D02A9464844150CA94645462D0492
:1023F0002D0CA84665467D43120448449044A946E6
:102400003200654662436E437C43170C3619BF1990
:10241000BC4203D980246402A446E144029C039E8A
:10242000A446059D66448E428941AC4612043C0494
:10243000120CA2186244494254184644A446464528
:10244000A44182466442A046AA4292418C458941F9
:10245000E244D044494252420A43A045A441824545
:102460008941644249420C4341463F0CD21912193A
:10247000CC0D049970020843411E884141464A44EC
:10248000F60D52023043490214430843D20135D5B8
:102490000122430802401343E0071843640834E66E
:1024A000009BA2469B4681468024534624031C433E
:1024B00024034A462E4B240BECE500F075FD152352
:1024C0009C4684440200634620321C2B00DC84E6D8
:1024D000002399462300083883409A468EE600F090
:1024E00063FD02000300153220331C2A00DC4EE697
:1024F00002003400083A0020944052E6019304E6BA
:102500001C4B21009C460300019DD3406544A9401B
:1025100019430300AB40581E834119430800D440BF
:102520004B0709D00F230B40042B05D00B1D8B420A
:102530008041404224181800230200D4D6E601232B
:1025400000240022A6E50F29AAD1802352461B03AE
:102550001A42A9D01C42A7D11C43009B02009B46F3
:10256000034B97E50024C1E60024014B220091E5CE
:10257000FF0700001E040000F0B54E464546DE464B
:102580005746E0B585B0009001910C034F00CE0F87
:10259000610A009CB046640F0C4300997F0DC8008F
:1025A00011001A001B039C460091019251004B0D33
:1025B0009946019B009DD90F63466A0F5B0A13433E
:1025C000EA0094469346C14A03900293914500D194
:1025D000CDE0012569404D467D1BAA468E4200D1C3
:1025E00080E0002D00DC35E34946002900D1DFE022
:1025F000974200D194E152460125382A19DC802205
:10260000029B12041343029352461F2A00DDE3E1AA
:10261000534620226146029DD21A9540D9400D436F
:10262000614691400A00511E8A411543029ADA40E0
:10263000A41A451BA84280414042241A230200D418
:102640003DE16402640A002C00D147E1200000F063
:10265000ABFC0300083B20212800CA1AD0409C4054
:1026600002009D4022439F4200DD77E1D81B0130EC
:10267000091A2C008D40C4406B1E9D411300C240BE
:102680008B402543002714001D436B0709D00F23FF
:102690002B40042B05D02B1DAB42AD416D4264197C
:1026A0001D00230200D440E1884A0137974200D13F
:1026B00001E1012643468649ED0821404A072A43A5
:1026C0007C054D022D0B640D1E4024052C43F6079E
:1026D00034431000210005B0F0BCBB46B246A94609
:1026E000A046F0BD002D00DCD0E24946002900D014
:1026F000D4E06146029B194300D12BE1691E012DF4
:1027000000D1D9E1954200D10AE10125382917DC31
:102710008A4653461F2B00DDE7E12022D21A029B96
:10272000614693401D005346D940634693401A00CA
:102730000D43511E8A4153461543029ADA40A418AC
:102740002D188542804140422418230200D4B6E06F
:102750005E4B01379F4200D1ADE001215C4B6A081E
:102760001C4029400A43E507154364088DE7594A90
:10277000029B92466246BA441A432CD08E422ED017
:102780005246002A60D0002F00D1DBE063460E00E5
:10279000029CD80862070243E4081300234300D1D7
:1027A00054E280252D0325432D03484C2D0B8CE747
:1027B0006146029B194300D1CCE029000139012D6B
:1027C00000D188E1954200D1AAE00125382900DD39
:1027D0002FE78A4618E7012251408E42D0D1534656
:1027E000002B00D1BEE0002F00D038E1CA46220005
:1027F000024300D1E2E15346591E012B00D10DE204
:10280000324A924500D1D2E10127382913DC1F2931
:1028100000DDEEE12022029B521A250007009A46B5
:10282000CC4090409540CF40A244421E9041534638
:102830002F43074302933D00654465459241029B47
:1028400052424F46D41880E7234A7D1C154200D0DF
:10285000AAE062462500029B05431A43002F00D0E0
:10286000F5E0002D00D16BE1002A00D152E1634672
:10287000C51A029BE21AA8429B415B42D31A1A0274
:1028800000D4D5E163461D1AAC4592410126029B56
:1028900052421C1B8846A41A0E40F6E697423FD0CF
:1028A00052460125382A00DD4AE78022029B1204A5
:1028B000134302932DE73C000025002205E7072380
:1028C0002B40002B00D0E2E66BE0C046FF07000083
:1028D000FFFF7FFF01F8FFFFFE070000280000F068
:1028E00063FB030018331F2B00DCB4E62A00083812
:1028F00082409F4200DDB9E0DB1B581C1F2800DC32
:10290000A0E115001F3BDD40202805D040231B1A05
:102910009A40531E9A411543072300272B40D0E7C6
:10292000C00862070243E40837E7EA0863071A436E
:10293000D34BE4089F4200D12FE72403250B7C05ED
:10294000640DC2E6CA462200024358D163460E0017
:10295000029C0393039B5746DA08E7E7C94CFF1A2A
:10296000144092E6C84D7A1C2A4200D084E022002E
:102970000243002F00D0EFE0002A00D1E5E06246DC
:1029800002990A4300D1C5E06346C5188C468542CA
:102990008041644440422418230202D5B94B0137D8
:1029A0001C40BA460395D5E76246851AA842924173
:1029B00052429146029BE31A1A004B46D21A130068
:1029C00091461A026CD44A464C462A4300D03AE655
:1029D00000260024002578E6029953460D00203A8F
:1029E000D540202B06D04022D21A0B0093406246DD
:1029F0001A4393465B465A1E93411D4319E65346BC
:102A00005A1E012B00D1C6E09D4EB24500D1BDE655
:102A100088460E000125382A10DC1F2A7FDC202181
:102A20002500891A070088408D40D740D440411EB8
:102A30008841029B3D431B1B054302936246551B85
:102A4000AC459241029B52424F469C1AF6E5002D3E
:102A500000D0B7E0002A00D1F0E001260E40634626
:102A60000298D90842070A43C40896E6854CFF1A23
:102A700014406207E40860E781498A4200D1C9E056
:102A80006346C11881428041029B4042E3181B18F3
:102A9000DD075C08072349080D4317002B4010E7AA
:102AA00063461D1AAC4592410126029B52421C1BF3
:102AB0008846A41A0E40C6E56346C518029B8542A7
:102AC00080419C464042644424180127230200D4DC
:102AD000F5E6022741E66346C51AA8428041029BFB
:102AE0004042E41A0127241AA8E5029D52462B0011
:102AF000203AD34019005346202B06D04022D21A48
:102B00002B00934062461A4393465D466B1E9D41DF
:102B10000D4315E66207C0080243E4080DE7110003
:102B200027002039CF40202A05D040218A1A94401E
:102B3000250005430395039D6A1E95413D437DE7AE
:102B4000002A00D144E701260E406346D908029BC3
:102B50005A070A43DC08F0E6002A28D06246029FA2
:102B6000C0083A4300D1DCE6620710438022E40843
:102B70001203144209D0FD08154206D1634601260E
:102B80002C00D8087B0718430E40420FC000C00835
:102B90005207024301E663461D1AAC459241029B6F
:102BA00052421C1B0E0088460127A41A46E56346C4
:102BB000D908029B5A070A43DC08EEE56346029CEB
:102BC0000393C7E6C008002A00D1AAE662071043B3
:102BD0008022E40812031442D7D0029FFD08154258
:102BE000D3D163460126D8087B072C0018430E403A
:102BF000CBE70A002700203AD740202905D0402201
:102C0000521A9440250005430395039D6A1E954181
:102C10002F4310E614000025002256E5029B604475
:102C20009946604592414C4452420500A4184CE735
:102C30001A001C002A4300D0B3E6C9E6802400260F
:102C40002403AEE520210025091A17E500220025FE
:102C50000B4C3AE5002D00D1F6E54B46DA1B9246C7
:102C6000002F00D16FE6382A05DC80263604344375
:102C700088460E00D1E688460E000125DEE6C046F5
:102C8000FF070000FFFF7FFFFE070000002D00D1BF
:102C900068E64B46D91B002F01D18A46A7E50127DC
:102CA000382900DDC7E5802212041443AFE5C04691
:102CB000F0B5C6461E03360BB0460D4E0C034D0054
:102CC0005F0000B5240B6D0D7F0DB5420BD0084998
:102CD00000208F4204D1464616433000431E9841DF
:102CE00080BCB846F0BD04430120002CF8D1EEE7CB
:102CF000FF0700000B00020070B5164D0C0382B0F8
:102D00004900002000920193240B490DDE0FA942D7
:102D100004DD1148814203DD104BF01802B070BD94
:102D20008020400320430E4C641A1F2C08DD0D4BFD
:102D30005B1AD84003005842002EEFD11800EDE78F
:102D4000094B009A9C46030061448B40E2401343C8
:102D5000F1E7C046FE0300001D040000FFFFFF7FF7
:102D60003304000013040000EDFBFFFF70B50028E2
:102D700016D0C317C5185D40C40F280000F014F921
:102D8000104B1B1A5B055B0D0A2814DC02002E0099
:102D9000153296400B22121AD5402D032D0B03E05D
:102DA00000240023002500261B052B43E4072343B2
:102DB0003000190070BD0B3885402D0300262D0B07
:102DC000F2E7C0461E04000010B5041E10D000F04B
:102DD000EBF80E4B1B1A5B055B0D0A280FDC0B2270
:102DE0002100121AD14015300A038440120B01E071
:102DF000002300221B0513432000190010BD2200F0
:102E00000B38824012030024120BF3E71E0400006B
:102E100070B542024300C40FFE201B0E591C550A18
:102E200008420CD0E02189008C466D07120B6344E8
:102E30001B051343E40723432800190070BD002B32
:102E400014D1002D1BD0280000F0AEF80A281CDC9D
:102E50000B232A001B1ADA40030015339D400E4B4A
:102E600012031B1A5B05120B5B0DE1E7002D09D065
:102E7000130B802212031A436D07084BD8E7002377
:102E80000022D5E70022054BD2E703002A000B3BC6
:102E90009A400025E3E7C04689030000FF070000D1
:102EA000F0B54B000F035B0D3B4C450F83B07F0A21
:102EB0005E1C2F4300900191CA0FC50026420BD023
:102EC00036495C18FE2C13DDFF200023C005184393
:102ED000D207104303B0F0BD002B02D10020002325
:102EE000F4E73D43F0D08023DB03FF203B43EDE7D5
:102EF000002C14DD009BFF009B01581E8341690FCD
:102F00003B430B43590741D00F211940042928D0D6
:102F10000433590125D501340023E0B2D6E721005E
:102F20001731DBDB80211E2009043943001B1F28D9
:102F30001BDD02267642341B0E00E64034002028BA
:102F400004D017488446634499400D432B00591E12
:102F50008B412343590715D00F2100241940042920
:102F600017D19B015B0AE0B2B0E70E4C1C192B0095
:102F7000A540C340A140681E854129430B4300245E
:102F80005907C1D19B0100205B0A9FE7DB08E0B233
:102F90009CE70433E5E7C046FE07000080FCFFFF26
:102FA000A2FCFFFF82FCFFFF1C2101231B049842AF
:102FB00001D3000C10391B0A984201D3000A0839CA
:102FC0001B09984201D30009043902A2105C401881
:102FD0007047C04604030202010101010000000025
:102FE0000000000010B5002903D1FFF7DDFF2030FD
:102FF00002E00800FFF7D8FF10BDC04680B500AF63
:10300000BFF34F8FC046044B044ADA60BFF34F8FC3
:10301000C046C046FDE7C04600ED00E00400FA05EA
:1030200080B582B000AF0200FB1D1A70FB1D1B783B
:10303000112B1BD0FB1D1B78052B17D0FB1D1B78FC
:10304000192B13D0FB1D1B780F2B0FD0FB1D1B78EA
:103050001B2B0BD0FB1D1B78182B07D0FB1D1B78DF
:10306000132B03D0FB1D1B78062B01D1462300E058
:1030700047231800BD4602B080BD000080B582B075
:1030800000AF0200FB1D1A70FB1D1B785A1E05497C
:103090001300DB009B1A5B005B5ADBB21800BD46D5
:1030A00002B080BD00000020F0B587B000AFB9606D
:1030B00011007B600F257B19021C1A700C26BB19AE
:1030C0000A1C1A801523FC1828220823D318DB19A0
:1030D0001B781800FFF7D2FF0300237017243B1959
:1030E00001221A707B191B78180013F0CBFF031E06
:1030F0004CD07B191A782A4B9200D3587A68110069
:10310000180014F083F9031E40D11523FB181B7817
:103110001800FFF785FF0300472B0ED17B191B78A2
:10312000180013F0AFFF3C19BB191A88BB681900CF
:103130001BF06CFD0300237028E01623FB1800220F
:103140001A701AE00F23FB181B78180013F09AFF6F
:103150001723FC18BB68012219001BF057FD030060
:103160002370BB680133BB60022017F015FC1621E9
:103170007B181A787B1801321A701623FB181B78FB
:103180009BB20C22BA1812889A42DBD80A2017F098
:1031900003FC1723FB181B781800BD4607B0F0BDD1
:1031A000641C002080B500AF00F010F800F042F879
:1031B00000F0ACF800F03AF900F046FA00F074FBC9
:1031C00000F0E8FCC046BD4680BD000080B582B07E
:1031D00000AFFB1D00221A70BB1D01221A7019E0FE
:1031E000BB1D1B789BB2013398B2BB1D1B78013B02
:1031F0005A000E4BD318190010F0F4F9BB1D1B78C0
:10320000192B02D9FB1D0A221A70BB1D1A78BB1D8F
:1032100001321A70064B1B78BA1D12789A42DFD918
:10322000FB1D1B781800BD4602B080BD282E002073
:10323000A000002090B583B000AFFB1C00221A70E4
:10324000BB1D00221A803B0000221A807B1D002239
:103250001A704BE03B1D01221A7033E0BB1D1B8826
:103260001C339BB23A001100180010F0BBF93B0070
:1032700018887B1D1A783B1D1978C4B221481300A9
:103280009B009B185B00C318221C5A543B001B88F0
:103290001B0A98B27B1D1A783B1D1B78591EC4B2BD
:1032A000184813009B009B185B00C318221C5A543B
:1032B000BB1D1A88BB1D01321A803B1D3A1D1278B6
:1032C00002321A703B1D1B78092BC7D97B1D1A7857
:1032D0000C4913009B009B185B00CB18093300229C
:1032E0001A707B1D1A787B1D01321A70064B1B78F1
:1032F0007A1D12789A42ADD9FB1C1B781800BD4686
:1033000003B090BD44110020A000002090B583B010
:1033100000AFFB1C00221A70BB1D00221A803B006C
:1033200000221A807B1D00221A707B1D00221A7059
:1033300015E0BB1D1B88CB3398B27B1D1B785A0050
:10334000374BD318190010F04DF9BB1D1A88BB1D5F
:1033500001321A807B1D1A787B1D01321A70314BA5
:103360001B787A1D12789A42E3D37B1D00221A70D3
:103370004BE03B1D01221A7033E0BB1D1B889933C3
:103380009BB23A001100180010F02CF93B0018888D
:103390007B1D1A783B1D1978C4B2234813009B008B
:1033A0009B185B00C318221C5A543B001B881B0A45
:1033B00098B27B1D1A783B1D1B78591EC4B21A485F
:1033C00013009B009B185B00C318221C5A54BB1DA2
:1033D0001A88BB1D01321A803B1D3A1D1278023239
:1033E0001A703B1D1B78092BC7D97B1D1A780E4913
:1033F00013009B009B185B00CB18093300221A7046
:103400007B1D1A787B1D01321A707B1D1B78092BDE
:10341000AFD9FB1C1B781800BD4603B090BDC04659
:1034200068110020A0000020D8100020F0B589B05D
:1034300002AF0B23FB1800221A703B1D00221A80DA
:10344000BB1C00221A8008217B1800221A80BB1D99
:1034500000221A801726BB1900221A7000233B6134
:103460000023FB600D007C183B1D1900E42010F0C8
:10347000B9F8030023807B191B88002B03D13B1D67
:103480001A88BB191A7008257C193B1D1900E52004
:1034900010F0A8F803002380BC1DBB1C1900E62017
:1034A00010F0A0F8030023807B191B88002B0AD1A1
:1034B000BB1D1B88002B06D13B1D1B881B04BA1C9F
:1034C00012889B183B6108257C193B1D1900E720D9
:1034D00010F088F803002380BC1DBB1C1900E820F5
:1034E00010F080F8030023807B191B88002B0AD181
:1034F000BB1D1B88002B06D13B1D1B881B04BA1C5F
:1035000012889B18FB6008257C193B1D1900E920D7
:1035100010F068F8030023807B191B88002B0BD167
:103520003B1D1B881B0A9BB2DAB2414B1A703B1D34
:103530001B88DAB23F4B1A7008257C193B1D190015
:10354000EA2010F04FF8030023807B191B88002B22
:103550000BD13B1D1B881B0A9BB2DAB2364B1A708B
:103560003B1D1B88DAB2354B1A7008257C193B1DB0
:103570001900EB2010F036F8030023807B191B881C
:10358000002B0BD13B1D1B881B0A9BB2DAB22C4BC4
:103590001A703B1D1B88DAB22A4B1A70244B1B7819
:1035A000002B11D0234B1B78002B0DD0204B1D7806
:1035B000204B1B78FC6839691722BA1810780093E1
:1035C0002B00220007F0B8FC1B4B1B78002B11D0FE
:1035D0001A4B1B78002B0DD0174B1D78174B1B78FF
:1035E000FC6839691722BA18107800932B00220062
:1035F00007F0A2FC124B1B78002B11D0114B1B784B
:10360000002B0DD00E4B1D780E4B1B78FC683969D2
:103610001722BA18107800932B00220007F08CFCB8
:103620000B23FB181B781800BD4607B0F0BDC04641
:1036300081130020821300208313002084130020B4
:103640008513002086130020F0B585B000AF0F234E
:10365000FB1800221A700C26BC1908257A198A2337
:103660005B00110018000FF0BDFF03002380BB19A1
:103670001B88002B0CD17B191B88DAB2854B1A7082
:103680007B191B881B0A9BB2DAB2824B5A7007E087
:10369000814B1A787F4B1A707F4B5A787D4B5A704A
:1036A0000C26BC1908257A198E235B00110018001E
:1036B0000FF098FF03002380BB191B88002B0ED14D
:1036C0007B191B881BB29BB2DB0BDAB2714B1A71F0
:1036D0007B191B885B089AB26E4BDA8007E06E4B51
:1036E0001A796C4B1A716C4BDA886A4BDA800C25AC
:1036F0007C190826BA191623FF33110018000FF0A1
:1037000071FF030023807B191B88002B04D1BB1998
:103710001A88624B1A8003E0614B1A885F4B1A804B
:103720000C257C190826BA198B235B0011001800A0
:103730000FF058FF030023807B191B88002B04D156
:10374000BB191A88554B5A8003E0554B5A88534B86
:103750005A800C26BC1908257A191823FF3311004A
:1037600018000FF03FFF03002380BB191B88002BBC
:103770000CD17B191B88DAB2484B1A717B191B8854
:103780001B0A9BB2DAB2454B5A7107E0444B1A79D7
:10379000424B1A71424B5A79404B5A710C257C1995
:1037A0000826BA198C235B00110018000FF01AFFCD
:1037B000030023800A23FC18BA1D1A23FF331100CB
:1037C00018000FF00FFF030023807B191B88002BCC
:1037D0000ED10A23FB181B88002B09D1BB191B88AB
:1037E0001A00BB1D1B881B041A432C4B9A600CE06B
:1037F0002C4B1B78002B04D0284BE12252029A60FC
:1038000003E0274B9A68254B9A600C26BC190825C3
:103810007A198D235B00110018000FF0E3FE0300FE
:103820002380BB191B88002B0CD17B191B88DAB2B3
:103830001A4B1A737B191B881B0A9BB2DAB2174BFF
:103840005A7305E0154B18225A73144B00221A7351
:103850000C257C190826BA191C23FF331100180007
:103860000FF0C0FE030023807B191B88002B05D1BD
:10387000BB191B88DAB2094B9A7603E0084B9A7E93
:10388000064B9A760F23FB181B781800BD4605B02F
:10389000F0BDC04648100020380000205010002025
:1038A0001C00002080130020F0B5D6464F46464647
:1038B000C0B588B006AFBB1D00221A703B000022C5
:1038C0001A803B1D00221A80FB1C00221A70FB1D6F
:1038D00000221A704CE1FB1D1B783B339BB29B000E
:1038E0009BB23C1D3A00110018000FF07BFE030054
:1038F00023803B1D1B88002B00D034E13B001B883C
:103900001B0A9AB2FB1C1A70FB1C1B781B09DBB24A
:103910001A00FB1D1B7801339A4200D023E1FB1CE7
:103920001B780F22134000D11DE1FB1D1B785A1C90
:10393000FB1C1B780F210B40D8B295491300DB000C
:103940009B18CB180133021C1A703B001988FB1D11
:103950001B785A1CC8B28E491300DB009B18CB1889
:103960000833021C1A70FB1D1B783B339BB29B0073
:103970009BB201339BB23A00110018000FF032FEE7
:103980003B001B881B0A99B2FB1D1B785A1CC8B24E
:103990007F491300DB009B18CB180233021C1A70FE
:1039A0003B001988FB1D1B785A1CC8B278491300CC
:1039B000DB009B18CB180533021C1A70FB1D1B780B
:1039C0003B339BB29B009BB202339BB23A00110087
:1039D00018000FF007FE3B001B881B0A99B2FB1D65
:1039E0001B785A1CC8B26A491300DB009B18CB181D
:1039F0000333021C1A703B001988FB1D1B785A1CEC
:103A0000C8B263491300DB009B18CB180633021CB5
:103A10001A70FB1D1B783B339BB29B009BB2033398
:103A20009BB23A00110018000FF0DCFD3B001B8830
:103A30001B0A99B2FB1D1B785A1CC8B254491300CB
:103A4000DB009B18CB180433021C1A703B0019884A
:103A5000FB1D1B785A1CC8B24D491300DB009B1894
:103A6000CB180733021C1A70FB1D1B785A1C4849DF
:103A70001300DB009B18CB1801331A78FB1D1B7851
:103A80000133DBB21900100010F098FFFB1D1B780A
:103A90000133DBB29C46FB1D1B785A1C3C491300CA
:103AA000DB009B18CB1808331B7801221340DBB2D4
:103AB0009846FB1D1B785A1C35491300DB009B18E8
:103AC000CB1808331B785B10DBB201221340DBB24A
:103AD0009946FB1D1B785A1C2D491300DB009B18CF
:103AE000CB1802331B789A46FB1D1B785A1C2849B9
:103AF0001300DB009B18CB1803331978FB1D1B78D0
:103B00005A1C23481300DB009B18C3180433187891
:103B1000FB1D1B785A1C1E4C1300DB009B18E3187E
:103B200005331C78FB1D1B785A1C194D1300DB0054
:103B30009B18EB1806331D78FB1D1B785A1C144E7E
:103B40001300DB009B18F31807331B780022059243
:103B50000493039502940190009153464A464146CE
:103B6000604611F05FF9FB1D1A78FB1D01321A70D7
:103B7000FB1D1B78052B00D8ADE6BB1D1B7818007C
:103B8000BD4602B0E0BCBA46B146A846F0BDC0464C
:103B90004C2B002090B585B000AF0F23FB180022FE
:103BA0001A706F4BBB6032201DF07EFE03003B603D
:103BB0003B68002B01D1FB23CEE0BB681B78FE2BBA
:103BC00001D0FF23C8E0FB1D00221A70B8E00F23CC
:103BD000FB1800221A7010E0BB685A1CBA6019006A
:103BE0000F203B181B783A68D3180A78D2B21A70A3
:103BF0003B181A783B1801321A700F243B191B78B6
:103C0000132BE9D9FB1D1A7813009B009B189B000E
:103C1000544A98183B680133142219001FF05FFBC7
:103C20003B681422002118001FF031FA3B190022D2
:103C30001A70BB681433BB600FE0BA680F203B18E2
:103C40001B783968CB1812781A70BB680133BB60D7
:103C50003B183A18127801321A70BB681B78FE2B99
:103C600008D0BB681B78FF2B04D00F23FB181B78F0
:103C7000312BE2D90F217B181B78013B3A68D3180E
:103C80001B78002B04D07B187A18127801321A7036
:103C90000F23FB181A78FB1D1C7810001DF004FE82
:103CA000030019002F4A23009B001B199B00D31807
:103CB0000C331960FB1D1A782A4913009B009B18CE
:103CC0009B00CB180C331B68002B12D1FB1D1A78FC
:103CD00013009B009B189B00224A9B181422002172
:103CE00018001FF0D4F93B6818001DF0E7FD0E2303
:103CF00032E0FB1D1A781B4913009B009B189B00A8
:103D0000CB180C3318680F243B191A783B6819003C
:103D10001FF0E5FA144B1B780133DAB2124B1A701C
:103D20003B191A783B68002118001FF0B0F9BB68F6
:103D30001B78FE2B0AD1FB1D1A78FB1D01321A706D
:103D4000FB1D1B78042B00D841E700E0C0463B6810
:103D500018001DF0B3FD00231800BD4605B090BD4E
:103D600000100408E01300204414002080B582B045
:103D700000AFFB1D00221A70BB1D01221A7021E04A
:103D8000BB1D1B785A1E154B5200D35A002B0DD069
:103D9000BB1D1B789BB2013398B2BB1D1B785A1E0A
:103DA0000E4B5200D35A19000FF07CFCBB1D1B7840
:103DB000192B02D9FB1D0A221A70BB1D1A78BB1DD4
:103DC00001321A70064B1B78BA1D12789A42D7D965
:103DD000FB1D1B781800BD4602B080BD282E0020B8
:103DE000A000002090B583B000AFFB1C00221A7029
:103DF000BB1D00221A803B0000221A807B1D00227E
:103E00001A7047E07B1D1A78284913009B009B1805
:103E10005B005B5C002B38D03B1D01221A7030E048
:103E20007B1D1A783B1D1B78591E204813009B00F0
:103E30009B185B00C3185B5C1B0299B27B1D1A7850
:103E40003B1D1878194C13009B009B185B00E3186E
:103E50001B5C1A003B008A181A80BB1D1B881C3390
:103E60009AB23B001B88190010000FF01BFCBB1D11
:103E70001A88BB1D01321A803B1D3A1D127802328E
:103E80001A703B1D1B78092BCAD97B1D1A787B1D24
:103E900001321A70064B1B787A1D12789A42B1D9FA
:103EA000FB1C1B781800BD4603B090BD44110020D8
:103EB000A0000020F0B587B000AFB9607A601900AB
:103EC0000F243B19021C1A700E257B190A1C1A704C
:103ED0001726BB1900221A703B191B789BB21900D8
:103EE000E4200FF0DFFBBB681B0A9BB21900E52042
:103EF0000FF0D8FBBB689BB21900E6200FF0D2FB95
:103F00007B681B0A9BB21900E7200FF0CBFB7B6894
:103F10009BB21900E8200FF0C5FB7B191B789BB200
:103F20001B029AB2202310241B19DB191B789BB2A9
:103F3000D3189BB21900E9200FF0B4FB24231B19FE
:103F4000DB191B789BB21B029AB228231B19DB19C1
:103F50001B789BB2D3189BB21900EA200FF0A2FB8A
:103F60002C231B19DB191B789BB21B029AB230233E
:103F70001B19DB191B789BB2D3189BB21900EB20DD
:103F80000FF090FBBB191B781800BD4607B0F0BDC1
:103F900080B582B000AFFB1D00221A70384B5B78F1
:103FA0005B011AB2364B1B781BB213431BB29AB299
:103FB0008A235B00110018000FF074FB304B1B7953
:103FC000DB031AB22E4BDB881BB213431BB29AB22F
:103FD0008E235B00110018000FF064FB294B1A8838
:103FE0001623FF33110018000FF05CFB254B5A8895
:103FF0008B235B00110018000FF054FB214B5B7901
:104000001B021AB21F4B1B7B1BB213431BB29AB28B
:104010001823FF33110018000FF044FB194B9B6865
:104020009AB28C235B00110018000FF03BFB154B7C
:104030009B681B0C9AB21A23FF33110018000FF073
:1040400031FB104B5B7B1B021AB20E4B1B791BB270
:1040500013431BB29AB28D235B00110018000FF0BE
:1040600021FB084B9B7E1A001C23FF331100180014
:104070000FF018FBFB1D1B781800BD4602B080BD79
:10408000481000205010002080B582B000AFFB1D0A
:1040900000221A701B4B0422002118001EF0F7FFAB
:1040A000BB1D01221A7021E0BB1D1B785A1E154B47
:1040B0005200D35A002B0DD0BB1D1B789BB201338D
:1040C00098B2BB1D1B785A1E0E4B5200D35A1900D2
:1040D0000FF0E8FABB1D1B78192B02D9FB1D0A2231
:1040E0001A70BB1D1A78BB1D01321A70064B1B7863
:1040F000BA1D12789A42D7D9FB1D1B781800BD460D
:1041000002B080BD282E0020A000002080B500AFA6
:10411000074B1B68074A934206D00FF0F5FA031EBF
:1041200002D1034B034A1A60C046BD4680BDC0465B
:10413000F07F0020ADDEEFBEB0B58EB002AF14232D
:10414000F8180A257A191823F9180823FB18009380
:10415000030001200FF0E4FE0C23F818BA1D102311
:10416000F9183B1D0093030002200FF0D9FE1C211B
:104170007B1801225A607B1800229A607B191B88E9
:104180001A007B181A60BB691A000C007B18190012
:10419000100018F0CDFB21007B1800225A607B181C
:1041A00002229A603B1D1B881A007B181A60FB686C
:1041B0001A007B181900100018F0BAFBBB69180030
:1041C0007B191B880022190018F013FE052012F03D
:1041D00099FAFB681A003B1D1B881900100018F0A3
:1041E000EBFD031E17D1BB6918007B191B88012248
:1041F000190018F0FEFD052012F084FAFB681A0081
:104200003B1D1B881900100018F0D6FD0300012B80
:1042100001D1012300E000231800BD460CB0B0BD61
:1042200090B585B000AF78600F23FB1800221A709C
:104230001CE00F243B191A78114913005B009B18EE
:104240009B00CB1808331A687B6811001800FBF735
:104250005BFF031E04D13B191B780133DBB20BE07B
:104260000F217B181A787B1801321A700F23FB1864
:104270001B78022BDDD900231800BD4605B090BD88
:104280005402002080B584B000AF78600F23FB1883
:1042900000221A7041E0264A7B6811001800FBF7E3
:1042A00033FF031E01D101233DE0224A7B68110048
:1042B0001800FBF729FF031E01D1022333E01E4A39
:1042C0007B6811001800FBF71FFF031E01D10323B9
:1042D00029E01A4A7B6811001800FBF715FF031E3E
:1042E00001D104231FE0164A7B6811001800FBF778
:1042F0000BFF031E01D1052315E0124A7B68110054
:104300001800FBF701FF031E01D106230BE00F216C
:104310007B181A787B1801321A700F23FB181B7850
:10432000052BB8D900231800BD4604B080BDC04697
:104330001084020814840208188402081C840208ED
:10434000208402082484020890B583B000AFFB1DCE
:1043500001221A7020E05B4B1B78FA1D12789A42FA
:1043600006D1FB1D1B78013B574A0021D1540EE0BA
:10437000544B1A78FB1D1B785C1EFB1D1B78190023
:10438000100000F087FA03001A004F4B1A55FB1D6E
:104390001A78FB1D01321A70FB1D1B78022BDAD92B
:1043A00011F0F4FE12F0AEF80EF0DAFD0FF080FC22
:1043B0000EF0A2F912F00CF90EF0EEFC12F042F938
:1043C0000FF000FD031E03D0FFF7A0FEFEF716FE60
:1043D000FFF7B2FE031E21D03C4B01221A7032209F
:1043E00012F090F90DF06CFF394BE12252029A6005
:1043F000BB1D01221A700CE0354B9A68BB1D1B785F
:104400001100180012F01EFEBB1D1A78BB1D0132F0
:104410001A70BB1D1B78052BEED904E0322012F078
:1044200071F90DF04DFFFEF7BDFE0EF005FA254BBC
:104430001B78002B13D1A023DB050122402118009B
:1044400018F0D7FCFA235B00180012F05BF9A023E8
:10445000DB0500224021180018F0CBFC26E0A02349
:10446000DB0501224021180018F0C3FCFA235B0091
:10447000180012F047F9A023DB05002240211800A4
:1044800018F0B7FC642012F03DF9A023DB050122EF
:104490004021180018F0ADFC642012F033F9A0237D
:1044A000DB0500224021180018F0A3FC06F0CAF832
:1044B00012F070F8074B01221A70C046BD4603B0D7
:1044C00090BDC046A1000020880A00208013002073
:1044D00050100020F912002080B500AF16F0D6F978
:1044E0000DF054FBFFF730FF06F0D0F812F04CFF50
:1044F000C046BD4680BD0000F0B58DB000AF1F23A3
:10450000F918087069460E0013211823CB18D91921
:104510000020087017211823CB18D9190020087023
:1045200016211823CB18D91900200870152018233C
:10453000C318D9190020087014201823C318D919DA
:1045400000200870D0490978080001387862396184
:10455000002078613A697B691000400F3A617B6105
:10456000DD0005433B69DC003960002078603C6871
:104570007D682300580F2B00DB00FB60FB680343C2
:10458000FB602300DB00BB600B000733DB08DB00B4
:104590006A46D31A9D466B4600333B6216211823A8
:1045A000CB18DB1900221A7018E016201823C31844
:1045B000DB191B783A6A0021D1541823C318DB1980
:1045C0001A78B24B52000021D1521823C318DB19BC
:1045D0001A781823C318DB1901321A70AA4B1B78FA
:1045E000162218215218D21912789A42DDD31521B9
:1045F0001823CB18DB1918228A18D2191278013225
:104600001A701F23FB181B78013B3A6A0800182414
:104610000919C9190978D1541823C318DB191822AC
:104620008218D219127801321A70172318229B1897
:10463000DB1901221A7050E01F23FB181B785A1E49
:1046400017241823E318DB19187891491300DB00AD
:104650009B1A1B185B005B5A002B34D01F23FB18DE
:104660001B785A1E894B5200D35A1AB220001823C5
:10467000C318DB191B78013B012199400B001BB2C9
:10468000134319B21F23FB181B785A1E89B27F4BA4
:104690005200D1521F23FB181B785A1E1823C3182F
:1046A000DB1918787A491300DB009B1A1B185B0092
:1046B0005B5ADB089BB2013B3A6A152118200918A6
:1046C000C9190978D15417211823CB18DB191A7886
:1046D0001823CB18DB1901321A70172318229B18E4
:1046E000DB191B78062BA7D9142318229B18DB197A
:1046F00000221A7015221823D318DB19182152181A
:10470000D219127801321A70162318229B18DB195D
:1047100000221A709BE0162318229B18DB191B78C5
:104720003A6AD35C1A00152318215B18DB191B7831
:10473000013B9A4200D080E0172318229B18DB1916
:1047400001221A7072E016241823E318DB191A7874
:1047500017251823EB18DB1918784D491300DB00D7
:104760009B1A1B185B005B5A002B55D01823E318CB
:10477000DB191A781823EB18DB1918784449130051
:10478000DB009B1A1B185B005B5ADB089BB2013BEA
:104790003A6AD35C002B3FD120001823C318DB19E1
:1047A0001A783A4B5200D35A1AB22C001823E31845
:1047B000DB191B78013B012199400B001BB213430D
:1047C00019B21823C318DB191A7889B22F4B52007B
:1047D000D1521823C318DB191A781823E318DB19F0
:1047E00018782B491300DB009B1A1B185B005B5ADF
:1047F000DB089BB2013B3A6A152118200918C91938
:104800000978D15414221823D318DB19182152180F
:10481000D219127801321A7017211823CB18DB191C
:104820001A781823CB18DB1901321A7017231822B3
:104830009B18DB191B78062B85D916211823CB185A
:10484000DB191A781823CB18DB1901321A700E4BBA
:104850001B78162218215218D21912789A4200D2C7
:1048600059E7142318229B18DB191B78002B00D062
:104870003AE7132318229B18DB191B78B54618005A
:10488000BD460DB0F0BDC046A0000020A010002025
:1048900000000020B0B588B000AF0200FB1D1A7008
:1048A000BB1D0A1C1A700823FB1800221A800B2358
:1048B000FB1800221A701F23FB1800221A700A230B
:1048C000FB1800221A701E23FB1800221A70994B45
:1048D0000222002118001EF0DAFBFB1D1B78013BB1
:1048E000954A0021D154FB1D1B78013B934A0021BE
:1048F000D1540123BB612EE0FB1D1B785A1E904949
:104900001300DB009B1ABA699B185B005B5A002BF3
:104910001ED0FB1D1B785A1E89491300DB009B1A11
:10492000BA699B185B005B5ADB089AB2BB1D1B7807
:104930009BB29A420CD1BB1D1B78013B7E4A0121E0
:10494000D1547C4BBA1D12781A70BB69DBB2ECE013
:10495000BB690133BB61BB69062BCDDD01237B61E4
:1049600011E0FB1D1B787A699A4209D07B69013BF3
:10497000714AFF21D1547B69013B704A0021D15417
:104980007B6901337B616F4B1B781A007B69934213
:10499000E7DD73E008243A19674B1100180000F0B6
:1049A000D3F803001A001F217B1801321A707A18FD
:1049B000BB1D12781B789A4268D07B181B78013B8C
:1049C0003A190121D1541323FB1801221A7050E027
:1049D0001F243B191B785A1E13257B191878584938
:1049E0001300DB009B1A1B185B005B5A002B3AD0AC
:1049F0003B191B785A1E7B19187851491300DB00AC
:104A00009B1A1B185B005B5ADB089AB20A217B18C1
:104A10001A707B181B78013B0822BA18D35C002B54
:104A200021D13B191B78013B434AD25C0B203B1838
:104A300001321A707B181B78013B3F4AD35C05009A
:104A40003A1812789A420ED208007B181B78013B64
:104A5000394A79190978D1543B181B78013B374AF8
:104A600039190978D15413217B181A787B1801322F
:104A70001A701323FB181B78062BA9D90823FB18DF
:104A8000180000F0A5F8031E84D000E0C04613E033
:104A90001E22BB181B78BA18591C11701900254B1F
:104AA0001F203A1812785A5401007B181B785A1E9E
:104AB0007B1822498A5C1A701F23FB181B78013B64
:104AC0001E4AD35C002BE3D10123FB6029E0FB1DD0
:104AD0001B785A1E1A491300DB009B1AFA689B18B0
:104AE0005B005B5A002B19D0FB1D1B785A1E144922
:104AF0001300DB009B1AFA689B185B005B5ADB080B
:104B00009BB2BA1D1278013A0B498A5C013A0949F5
:104B10008A5C934202D1FB68DBB206E0FB6801339A
:104B2000FB60FB68062BD2DD00231800BD4608B0F1
:104B3000B0BDC046E81C00203C1100204011002000
:104B400000000020A000002080B584B000AF786095
:104B500039600F217B18FF221A700E23FB180022E8
:104B60001A703B681B78002B03D17B187A68127887
:104B70001A700023BB601BE0BB687A68D3181B78EF
:104B80000F217A1812789A420FD9BB683A68D31865
:104B90001B78002B09D1BB687A68D2187B18127871
:104BA0001A700E23FB18BA681A70BB680133BB6019
:104BB000064B1B781A00BB689342DDDB0E23FB1803
:104BC0001B781800BD4604B080BDC046A000002080
:104BD00080B584B000AF78600F23FB1801221A70F3
:104BE0000023BB600CE0BB687A68D3181A780F21E9
:104BF0007B18791809780A401A70BB680133BB60CA
:104C0000064B1B781A00BB689342ECDB0F23FB18A2
:104C10001B781800BD4604B080BDC046A00000202F
:104C2000F0B587B002AF0200FB1D1A70834A844BB7
:104C3000110018001EF0ACF9814B1800FBF76EFA5A
:104C400003009AB27E49FB1D187801235B42009352
:104C5000322312F065F90F23FB1801221A701BE0B2
:104C60000F243B191A787749754B18001EF090F9FC
:104C7000734B1800FBF752FA03009AB27049FB1D00
:104C8000187801235B420093322312F049F93B1953
:104C90001A783B1901321A700F23FB181B78052B69
:104CA000DED96949FB1D187801235B42009332234A
:104CB000032212F035F90E23FB1800221A70A7E028
:104CC0000E243B191B785A1C60495D4B18001EF0DE
:104CD0005FF95B4B1800FBF721FA03009AB25849C1
:104CE000FB1D187801235B420093322312F018F960
:104CF0003B191A7856491300DB009B1A5B005B5A7C
:104D00001A0013005B009B185B00524A99184C4B29
:104D1000052218001EF0EFF94949FB1D1878012300
:104D20005B4200933223052212F0FAF84A49FB1D38
:104D3000187801235B4200933223012212F0F0F82D
:104D40000D23FB1801221A704DE00E23FB181A7870
:104D50000D23FB1818783E491300DB009B1A1B1823
:104D60005B005B5A002B06D13C49354B00221800F2
:104D70001EF00EF922E00E257B191A780D26BB19BC
:104D8000187833491300DB009B1A1B185B005B5A31
:104D9000DB089BB21C007B191A78BB1918782C49C8
:104DA0001300DB009B1A1B185B005B5A1A000723D9
:104DB00013402B49224822001EF0EAF8204B18002D
:104DC000FBF7ACF903009AB21D49FB1D18780123CB
:104DD0005B420093322312F0A3F80D217B181A785E
:104DE0007B1801321A700D23FB181B78052BACD9E8
:104DF0001C49FB1D187801235B42009332230222D9
:104E000012F08EF80E217B181A787B1801321A7076
:104E1000154B1B780E22BA1812789A4200D24FE72F
:104E20001249FB1D187801235B42009332230122B3
:104E300012F076F8C046BD4605B0F0BD28840208E1
:104E4000380A00203C84020844840208488402088E
:104E500000000020307E02085484020858840208B2
:104E60005C84020864840208A000002068840208B0
:104E700090B587B002AF0200FB1D1A703C4A3D4B53
:104E8000110018001EF084F83A4B1800FBF746F9A1
:104E900003009AB23749FB1D187801235B42009347
:104EA000322312F03DF80F23FB1801221A703EE066
:104EB0000E23FB1801221A702EE00F203B181B78DE
:104EC0005A1E2D4B5200D35A19000E243B191B7841
:104ED000013B802212021A4113000B4016D03B18EE
:104EE0001A783B191B78254922481EF051F8214BAE
:104EF0001800FBF713F903009AB21E49FB1D18783E
:104F000001235B420093322312F00AF80E217B1832
:104F10001A787B1801321A700E23FB181B780A2BA3
:104F2000CBD90F217B181A787B1801321A70144BD9
:104F30001B780F22BA1812789A42B9D9114A0D4B30
:104F4000110018001EF024F80A4B1800FBF7E6F8D1
:104F500003009AB20749FB1D187801235B420093B6
:104F6000322311F0DDFFC046BD4605B090BDC046FE
:104F70006C840208380A0020282E00208884020849
:104F8000A00000209C840208F0B589B002AF0200A6
:104F9000FB1D1A701223FB1800221A8012F074FBFA
:104FA0000300FB60FB6800221A70CA4B1B781A00D2
:104FB000C949CA4B18001DF0EBFFC84AFB68110035
:104FC00018001EF06CF8C64B1B781A00C549C34B7D
:104FD00018001DF0DDFFC14AFB68110018001EF02B
:104FE0005EF8C149BD4806230093022300221DF04C
:104FF000CFFFBA4AFB68110018001EF050F8BB4AF8
:10500000BB49B64B18001DF0C3FFB44AFB68110042
:1050100018001EF044F8B74AB749B04B18001DF00D
:10502000B7FFAE4AFB68110018001EF038F8B34A0B
:10503000AA4B110018001DF0ABFFA84AFB68110035
:1050400018001EF02CF81723FB1801221A7048E0F4
:1050500017243B191A78AA49A04B18001DF098FF95
:105060009E4AFB68110018001EF019F83B191B78C6
:10507000A44AD35C042B27D89A00A34BD3181B68EF
:105080009F46A24A954B110018001DF081FF1CE0BD
:105090009F4A924B110018001DF07AFF15E09D4ABF
:1050A0008E4B110018001DF073FF0EE09A4A8B4BD7
:1050B000110018001DF06CFF07E0984A874B1100A3
:1050C00018001DF065FF00E0C046844AFB6811002F
:1050D00018001DF0E4FF17217B181A787B180132A5
:1050E0001A701723FB181B78052BB1D98C4A7B4B00
:1050F000110018001DF04CFF784AFB6811001800E1
:105100001DF0CDFF1623FB1801221A7049E016206E
:105110003B181B785A1E834913005B009B185B01E8
:105120005B58002B0DD13B181A787F496B4B180048
:105130001DF02EFF694AFB68110018001DF0AFFF3B
:1051400029E01626BB191C78BB191B785A1E754915
:1051500013005B009B185B01CB1828331B681800F9
:105160000DF0E0F903001D00BB191B785A1E6F4BB0
:105170009200D35818000DF0D5F903006C49574838
:1051800000932B0022001DF003FF544AFB6811001E
:1051900018001DF084FF16217B181A787B18013245
:1051A0001A701623FB181B78062BB0D9FB68180061
:1051B000FAF7B4FF03001A00FB689A185D4B100061
:1051C000190003231A001EF08AF8FB681800FAF78A
:1051D000A5FF03001A00FB689A18574B100019002E
:1051E0001D231A001EF07BF8FB681800FAF796FFE3
:1051F00002001223FB181A801523FB1801221A70D3
:1052000023E0344B1B785A1E4C4B5200D35A1900E2
:1052100015203B181B78013B802212021A41130013
:105220000B400CD03B181A7845492C4B18001DF048
:10523000AFFE2A4AFB68110018001DF030FF15214F
:105240007B181A787B1801321A701523FB181B780B
:10525000052BD6D91223FB181C88FB681800FAF717
:105260005DFF03009C420ED1FB681800FAF756FF61
:1052700003001A00FB689A18324B1000190005232E
:105280001A001EF02CF8FB681800FAF747FF03001D
:105290001A00FB689A18274B1000190003231A0004
:1052A0001EF01DF8FB1D1B78002B0ED0FB681800AC
:1052B000FAF734FF03009AB2F968FB1D187801234E
:1052C0005B420093322311F02BFEC046BD4607B06F
:1052D000F0BDC046A1000020BC840208380A0020AE
:1052E000F8120020D8840208F48402081485020809
:1052F0002085020838850208448502086085020876
:105300007485020870100020788602087C850208E7
:10531000848502089C850208A8850208C4850208C5
:10532000E4850208F4260020FC850208A01A00206B
:10533000188602086484020848860208282E002085
:10534000688602087086020890B585B000AF786064
:105350000E23FB1800221A700F23FB1800221A706C
:105360004A4A7B6811001800FAF7CEFE031E03D1EB
:10537000474B1B781BB285E0464A7B68110018003A
:10538000FAF7C2FE031E01D1FF237BE07B681B7886
:10539000232B25D17B68013318001CF07EFA020014
:1053A0000E217B181A700A00BB181B78002B0AD03C
:1053B000394B1B781100BA1812789A4203D87B181F
:1053C0001B781BB25EE0324B1B780E22BA181278A3
:1053D0009A4203D12E4B1B781BB253E0662351E057
:1053E0000F23FB1800221A701DE00F243B191A78B6
:1053F00013009B009B185B00284A9A187B681100D9
:105400001800FAF781FE031E07D17B681B78002B7A
:1054100003D03B191B781BB234E00F217B181A789C
:105420007B1801321A701C4B1B780F217A181278E6
:105430009A42DAD37B1800221A701DE00F243B1920
:105440001A7813009B009B185B00154A9A187B681A
:1054500011001800FAF758FE031E07D13B191B78FC
:105460001B021BB2FE2213431BB20BE00F217B1861
:105470001A787B1801321A700F23FB181B78092B3E
:10548000DCD964231800BD4605B090BD8C860208A7
:10549000A100002090860208A000002044110020F6
:1054A000D8100020B0B586B000AF02003960FB1DF7
:1054B0001A701323FB1800221A7000237B6100234B
:1054C0007B610FE07B699A00404BD2183B6811006A
:1054D0001800FAF719FE031E01D1062371E07B695B
:1054E00001337B617B69032BECDD01237B6112E0DF
:1054F0007A6913009B009B185B00354A9A183B6839
:1055000011001800FAF700FE031E01D1072358E02E
:105510007B6901337B612F4B1B781A007B699342B7
:10552000E6DB00237B6112E07A6913009B009B1885
:105530005B00294A9A183B6811001800FAF7E4FD4D
:10554000031E01D107233CE07B6901337B617B694A
:10555000092BE9DD214B224A1A6019E01F4B1B6819
:105560001B681B68FB60FB681800FAF7D7FD030097
:10557000BB60BA68F9683B6818001DF0ABFD031EFC
:1055800001D108231DE0154B1B685A68134B1A60A4
:10559000124B1B68002BE1D1FB1D1A7813009B00F6
:1055A0009B185B000A4A9B183A68110018001DF00E
:1055B0008EFE13257C19FEF715FC030023707B1962
:1055C0001B781800BD4606B0B0BDC046407F02083B
:1055D00044110020A0000020D810002088130020D3
:1055E000BC02002080B588B000AF02003960FB1D0E
:1055F0001A701723FB1800221A700023FB61002386
:10560000BB610023FB6129E0FA6913009B009B1832
:105610005B005B4A9A183B6811001800FAF774FDAA
:10562000031E18D1FB1D1B785A1E564B5200D35A2D
:105630001AB20121FB6999400B001BB2134319B246
:10564000FB1D1B785A1E89B24E4B5200D1521723B4
:10565000FB181B7890E0FB690133FB61FB69092BA8
:10566000D2DD0023BB610FE0BB699A00464BD21824
:105670003B6811001800FAF747FD031E01D106230D
:105680007AE0BB690133BB61BB69032BECDD01230D
:10569000BB6112E0BA6913009B009B185B003B4A98
:1056A0009A183B6811001800FAF72EFD031E01D16D
:1056B000072361E0BB690133BB61354B1B781A00DE
:1056C000BB699342E6DB334B334A1A6019E0314B36
:1056D0001B681B681B683B613B691800FAF71EFDDD
:1056E0000300FB60FA6839693B6818001DF0F2FCA2
:1056F000031E01D108233FE0264B1B685A68254B47
:105700001A60244B1B68002BE1D10023FB6118E0D9
:105710001B49FA6913009B009B185B005B5C002B24
:105720000CD1FA6913009B009B185B00144A9B186C
:105730003A68110018001DF0CAFD05E0FB6901334D
:10574000FB61FB69092BE3DDFB1D1B785A1E0D4B2A
:105750005200D35A1AB20121FB6999400B001BB2C7
:10576000134319B2FB1D1B785A1E89B2054B520018
:10577000D1521723FB181B781800BD4608B080BD16
:10578000D810002068110020407F0208441100203A
:10579000A00000208C130020BC02002080B586B041
:1057A00000AFB9607A6019000F23FB18021C1A7051
:1057B0000E23FB180A1C1A701523FB18D94A1278FD
:1057C0001A703B6A002B03D0D64B20221A7002E0DD
:1057D000D44B00221A702423FB181B78002B04D012
:1057E0001623FB1822221A8003E01623FB1820221E
:1057F0001A807A6880231B059A4200D3D5E07B6823
:10580000DAB2C94B1A70C84B0E217A1812785A7046
:105810007B181B78082B00D9C6E19A00C34BD3181C
:105820001B689F46BB681B78DAB2BF4B9A700F2388
:10583000FB181B7803222021180005F0DBFDB6E1E0
:10584000BB681B785BB2DAB2B74B9A700F23FB18B8
:105850001B7803222021180005F0CCFDA7E1BB68CE
:105860001B889BB2DAB2B04B9A70BB681B889BB2A4
:105870001B0A9BB2DAB2AC4BDA700F23FB181B7811
:1058800004222021180005F0B5FD90E1BB681B88BB
:105890001BB2DAB2A44B9A70BB681B881BB21B12F6
:1058A0001BB2DAB2A04BDA700F23FB181B7804226C
:1058B0002021180005F09EFD79E1BB681B68DAB273
:1058C000994B9A70BB681B681B0ADAB2964BDA7068
:1058D000BB681B681B0CDAB2934B1A71BB681B6860
:1058E0001B0EDAB2904B5A710F23FB181B7806225D
:1058F0002021180005F07EFD59E1BB681B68DAB273
:10590000894B9A70BB681B681B12DAB2864BDA703F
:10591000BB681B681B14DAB2834B1A71BB681B6827
:105920001B16DAB2804B5A710F23FB181B78062224
:105930002021180005F05EFD39E1BB681B78DAB262
:10594000794B9A70BB6801331B78DAB2764BDA7008
:10595000BB6802331B78DAB2734B1A71BB6803332E
:105960001B78DAB2704B5A71BB6804331B78DAB219
:105970006D4B9A71BB6805331B78DAB26A4BDA71EA
:10598000BB6806331B78DAB2674B1A72BB68073301
:105990001B78DAB2644B5A720F23FB181B780A2269
:1059A0002021180005F026FD01E15F4B00221A704E
:1059B0005D4B0E217A1812785A707B681B0EDAB292
:1059C000594B9A707B681B0CDAB2574BDA707B68C4
:1059D0001B0ADAB2544B1A717B68DAB2524B5A7115
:1059E0007B181B78082B00D9E0E09A00504BD318A5
:1059F0001B689F46BB681B78DAB24B4B9A71162323
:105A0000FB1819880F23FB181B780722180005F0D4
:105A1000F1FCCCE0BB681B785BB2DAB2424B9A7106
:105A20001623FB1819880F23FB181B780722180070
:105A300005F0E0FCBBE0BB681B889BB2DAB23A4BD6
:105A40009A71BB681B889BB21B0A9BB2DAB2364BB9
:105A5000DA711623FB1819880F23FB181B7808220C
:105A6000180005F0C7FCA2E0BB681B881BB2DAB2C5
:105A70002D4B9A71BB681B881BB21B121BB2DAB28A
:105A8000294BDA711623FB1819880F23FB181B7892
:105A90000822180005F0AEFC89E0BB681B68DAB28A
:105AA000214B9A71BB681B681B0ADAB21E4BDA7174
:105AB000BB681B681B0CDAB21B4B1A72BB681B68F5
:105AC0001B0EDAB2184B5A721623FB1819880F23D3
:105AD000FB181B780A22180005F08CFC67E0BB68F5
:105AE0001B68DAB2104B9A71BB681B681B12DAB2E2
:105AF0000D4BDA71BB681B681B14DAB20A4B1A72C1
:105B0000BB681B681B16DAB2074B5A721623FB18C8
:105B100019880F23FB181B780A22180005F06AFC6D
:105B200045E0C04648100020C412002094860208B8
:105B3000B8860208BB681B78DAB22D4B9A71BB6835
:105B400001331B78DAB22A4BDA71BB6802331B7857
:105B5000DAB2274B1A72BB6803331B78DAB2244BD4
:105B60005A72BB6804331B78DAB2214B9A72BB6855
:105B700005331B78DAB21E4BDA72BB6806331B782A
:105B8000DAB21B4B1A73BB6807331B78DAB2184BB7
:105B90005A731623FB1819880F23FB181B780E2243
:105BA000180005F027FC02E0C04600E0C046114B9B
:105BB0001522BA1812781A703B6A002B13D014F011
:105BC000E1FE03003B61C0460B4B1B78002B07D066
:105BD00014F0D8FE02003B69D31A3A6A9A42F3D80D
:105BE000054B1B7800E000231800BD4606B080BDC1
:105BF000C412002048100020F6120020B0B584B076
:105C000002AF1E201BF050FE03007B607B681E224B
:105C1000002118001DF03BFA0C4B1B7D5A1E0C4B4B
:105C20009200D258094B9B7D1D00084B5B7D1C00E8
:105C3000064B1B8B07497868019300942B001DF0DD
:105C4000A7F97B681800BD4602B0B0BD5010002017
:105C5000740000200487020890B587B004AF0200EA
:105C6000FB1D1A70BB1D0A1C1A700D4B19780C4BCA
:105C70001C78BB1D1A78FB1D1878012303930123A0
:105C80005B42029301235B420193022300932300B2
:105C900005F05AFF03001800BD4603B090BDC04692
:105CA000A100002080B588B006AF0200FB1D1A706D
:105CB000BB1D0A1C1A7000230493002303930023C6
:105CC000029300230193002300930023002200216C
:105CD0000020FEF7EFF8FB1D1B785A1E2349130026
:105CE0005B009B185B015B58002B16D0BB1D1B781B
:105CF0005A1E1E4913005B009B185B015B58002B6A
:105D00000BD0FB1D1B7818000CF0CEFEBB1D1B78C2
:105D100018000CF0C9FE002324E0FB1D1B785A1E5E
:105D2000124913005B009B185B015B58002B06D0E7
:105D3000FB1D1B7818000CF0B7FE002312E0BB1D02
:105D40001B785A1E094913005B009B185B015B58C6
:105D5000002B06D0BB1D1B7818000CF0A5FE0023FD
:105D600000E068231800BD4602B080BDF426002084
:105D700080B586B000AF0200FB1D1A70FB1D1B78BA
:105D8000180011F07FF903007B617B691B68234ACF
:105D9000934209D07B691B68214A934204D07B69F6
:105DA0001B68204A934234D1C0467B691B68DA697C
:105DB00080235B021A4080235B029A42F5D0C046E2
:105DC0007B691B68DA698023DB031A408023DB03CD
:105DD0009A42F5D10C217B18802292031A607B181D
:105DE000786919685A681BF03BFB7B691B689A68E5
:105DF0007B691B688021C9030A439A607B6918008C
:105E00001BF096FB8023DB010121180017F0D4F86A
:105E100000E0FF231800BD4606B080BD00380140F9
:105E2000004400400048004080B582B000AF02004E
:105E3000FB1D1A70124B134A9A61FB1D1B78042B31
:105E400015D89A00104BD3181B689F46012017F0F5
:105E50007FF80CE0082017F07BF808E0202017F00E
:105E600077F804E0022017F073F800E0C04617F05E
:105E7000F5F817F0D9F800231800BD4602B080BD30
:105E8000007000403F000100DC86020880B582B04F
:105E900000AF0200FB1D1A701F4B1A6980235B00C4
:105EA0001A4080235B009A4230D11B4B1B4A9A61F7
:105EB000FB1D1B78042B15D89A00194BD3181B68AF
:105EC0009F46012017F064F80CE0082017F060F8F6
:105ED00008E0202017F05CF804E0022017F058F8E2
:105EE00000E0C046A023DB0501224021180016F087
:105EF00080FFFA239B00180014F04EFDA023DB0561
:105F000000224021180016F074FF00E00023180062
:105F1000BD4602B080BDC0460070004000010100D7
:105F2000F0860208B0B588B002AF78600F23FB1886
:105F300000221A701723FB1800221A701423FB1872
:105F400000221A8001235B421900012013F094FF04
:105F500011F09AFB03003B61824B9A68E1231B031B
:105F60009A421ED01623FB1801221A7014E07E4BB1
:105F70001B7816217A1812789A4207D0E1231A0367
:105F80007B181B781100180011F05CF816217B18A3
:105F90001A787B1801321A701623FB181B78052B10
:105FA000E5D9724B1B781C00714B1B881A0013003B
:105FB0005B009B185B006F4A9A186B4B1B786E490D
:105FC0006E480093130022001CF0E2FF664B1C7821
:105FD0006B4B1D686A4B1B681800FAF79FF80300AB
:105FE0009AB20A232900200010F0F0FF5E4B1C78C3
:105FF000624B1800FAF792F803009AB25F490A233D
:10600000200010F0E3FF5F4B1B78012B00D0A5E0D0
:10601000574B1B88DBB21800FDF702F80300472B33
:1060200008D1594B1A780F23FB181A70564B0022CF
:106030001A700DE04C4B1B78013B544AD25C0F2385
:10604000FB181A70484B1B78013B504A0021D15471
:106050004C4B00221A70444B18780F2439190A232C
:10606000012210F0B3FF3B191B780D2B33D13E4BAF
:106070001C78474B1D68464B1B681800FAF74EF812
:1060800003009AB20A232900200010F09FFF172373
:10609000FB181B785BB2002B05D13E4A3E4B11002A
:1060A00018001DF014F9304B18783B693A4A012169
:1060B00000F074F8384A374B110018001DF007F94A
:1060C0001723FB1800221A70334B322200211800CC
:1060D0001CF0DDFF42E00F22BB181B780A2B3DD0DD
:1060E000BB181B78082B03D0BB181B787F2B14D14F
:1060F00017217B181B785BB2002B2FDD7B181B78D8
:106100005BB2DBB2013BDAB27B181A707B181B78EA
:106110005BB2214A0021D15420E00F22BB181B782A
:106120001F2B1BD9BB181B787E2B17D817217B1868
:106130001B785BB2312B11DCBB181A7808007B1876
:106140001B785BB251B2144AD15401007B181B7802
:106150005BB2DBB20133DAB27B181A7011F008FDC2
:1061600051E7C04650100020F8120020A100002086
:1061700040000020307E0208048A020848140020F3
:10618000DC0000208B0A002044100020981600201C
:10619000E0000020A414002070140020F0B58DB0A1
:1061A00002AFBA607B600F23FB18021C1A700E232B
:1061B000FB180A1C1A7000233B621E23FB180022E6
:1061C0001A801423FB1800221A60043305220021D0
:1061D00018001CF05CFFBB68180000F099FAC84B6F
:1061E0001B78002B22D1C749BB68032218001CF082
:1061F00071FF031E1AD1BB6803331900012000F0A0
:10620000BDFA031E09D0C04A7B68110018001CF0BB
:10621000BFFEBB4B00221A7005E0B94B02221A7078
:106220007B680D221A7000237B6212E2B44B1B784C
:10623000002B18D0B549BB68062218001CF04AFF95
:10624000031E10D1AE4B00221A70B14B190003206F
:1062500000F094FAAF4A7B68110018001CF098FE19
:1062600000237B62F5E1A64B1B78022B13D1BB68A0
:106270001900022000F082FA031E06D0A24A7B68B1
:10628000110018001CF084FE02E07B680D221A70D9
:1062900000237B62DDE1BB682E2118001CF00CFF9F
:1062A00003003B623B6A002B00D1C9E13B6A033B20
:1062B0009949032218001CF00DFF031E00D1BFE115
:1062C0003B6A01331B785A1C944BD3181B781A0075
:1062D0000423134000D0B3E13A6ABB68D31A1A0012
:1062E000B96814257B1918001CF005FF1E26BC197F
:1062F0007B191800FFF728F803002380BB19002240
:106300009B5E874A127893420AD13B6A01339922F5
:1063100092007968180011F029F903007B6298E176
:106320001E23FB1800229B5E642B08D17D4A7B68EC
:10633000110018001CF02CFE00237B6289E11E2353
:10634000FB1800229B5E662B08D1774A7B68110000
:1063500018001CF01DFE00237B627AE11E23FB184F
:1063600000229B5EFF2B48D1704B022200211800B7
:106370001CF08DFE3B6A5C1CBB681800F9F7CEFE72
:1063800005001426BB191800F9F7C8FE0300EB1A24
:106390005A1E674B210018001CF0ADFE604B1D78A3
:1063A000BB681800F9F7BAFE03009CB2BB191800CD
:1063B000F9F7B4FE03009BB2E31A9BB21722FF2148
:1063C000280004F0CDFF3B6A0133992292007968DE
:1063D000180011F0CBF803007B627B681800F9F716
:1063E0009DFE03001A007B689A18524B100019009A
:1063F0001D231A001CF073FF2BE11E22BB181B8803
:10640000DBB2FE2B59D1BB1800229B5E1B121BB2C4
:10641000DAB2494B1A70454B0222002118001CF0D9
:1064200036FE3B6A5C1CBB681800F9F777FE050076
:106430001423FB181800F9F771FE0300EB1A5A1E1B
:106440003B4B210018001CF056FE354B1D783A4B93
:106450001E78BB681800F9F761FE03009CB2142394
:10646000FB181800F9F75AFE03009BB2E31A9BB21F
:1064700017223100280004F073FF294B1B785A1EA5
:106480002E4B5200D35A1A002B4B1B781A41130083
:106490000122134009D03B6A0133992292007968A6
:1064A000180011F063F803007B621423FB187A686C
:1064B000234978681CF06CFDCBE03B6A013321492D
:1064C000062218001CF006FE031E41D11E4B0022BE
:1064D0001A701E243B191B88DBB2002219211800F8
:1064E00004F088FF642010F057FF0D4B18783B191B
:1064F0001B88D9B2154B1A7800230BF0FBFD7FE007
:10650000D6140020308A0208348A0208888A0208D9
:10651000908A0208948A0208D88A0208C8AE020843
:10652000A1000020DC8A0208048B0208641100200C
:10653000C41200202C8B0208D71400206811002000
:106540004C8B0208788B020848100020F8120020BB
:106550003B6A5C1CBB681800F9F7E0FD05001426D7
:10656000BB191800F9F7DAFD0300EB1A5A1E604B4D
:10657000210018001CF0BFFD1E23FB181B88DDB294
:10658000BB681800F9F7CAFD03009CB2BB191800DC
:10659000F9F7C4FD03009BB2E31A9BB2013B9BB227
:1065A0001A001721280004F025FF1E23FB180022E3
:1065B0009A5E50497B6818001CF0EAFC7B681B78E7
:1065C000002B13D00E23FB181B78002B0ED07B68FA
:1065D0001800F9F7A3FD03009AB279680F23FB189E
:1065E000187801230093322310F09AFC7B6818007E
:1065F000F9F794FD02007B68002118001CF047FDAC
:106600003D4B1B78602B18D1FA239B001900012009
:1066100013F032FC394B1B78002B0ED0384B1B8803
:1066200001339AB2364B1A801E23FB1800229B5E60
:106630007A68344978681CF0ABFC00237B6208E080
:1066400099239A007968BB68180010F08FFF030047
:106650007B627B681B78002B14D00E23FB181B7801
:10666000002B0FD07B681800F9F758FD03009AB291
:1066700079680F23FB18187801235B4200933223BB
:1066800010F04EFC7B681800F9F748FD02007B68AB
:10669000002118001CF0FBFC7B6A002B00D09AE55F
:1066A0001423FB180922002118001CF0F0FC164BE3
:1066B0001B78002B17D10E23FB181B78002B12D050
:1066C000124B1C68114B1B681800F9F727FD0300DB
:1066D0009AB20F23FB18187801235B4200933223F0
:1066E000210010F01DFCC046BD460BB0F0BDC046F9
:1066F000C4120020808B020848100020F6120020EF
:10670000861D0020A48B0208D6140020E40000207F
:1067100080B584B000AF78600023FB6020E0FB68A8
:106720007A68D2180B217B1812781A707B181B78A4
:106730005A1C114BD3181B781A0003231340012B4A
:1067400003D17B181B78203302E00B23FB181B7846
:10675000FA6879688A18DBB21370FB680133FB6052
:10676000FB687A68D3181B78002BD8D1C046C04686
:10677000BD4604B080BDC046C8AE0208B0B584B006
:1067800000AF02003960FB1D1A70FB1D1B78032B44
:1067900006D000DDBFE0012B11D0022B15D0BAE0EE
:1067A000614B1B785A1E614913009B009B189B008C
:1067B000CB18103301221A700BF092FAAEE03B684E
:1067C000180000F0B5F80300A9E0574B1B785A1EDB
:1067D000564913009B009B189B00CB180C331B6879
:1067E000002B55D0504B1B785A1E504913009B006C
:1067F0009B189B00CB180C331B681800F9F78EFC14
:106800000300FB60484B1B785A1E484913009B004D
:106810009B189B00CB180C331D683B681800F9F7D8
:106820007DFC0200FB68D3189A1C3F4B1B785C1E52
:10683000110028001BF086FA01003C4A23009B004F
:106840001B199B00D3180C331960374B1B785A1E49
:10685000364913009B009B189B00CB180C331A6819
:10686000FB680133D3183A68110018001CF02FFDA3
:106870002D4B1B785A1E2D4913009B009B189B0023
:10688000CB180C331A68FB68D31813221A7025E052
:106890003B681800F9F742FC03005A1C224B1B7896
:1068A0005C1E10001BF000F8030019001F4A2300B3
:1068B0009B001B199B00D3180C3319601A4B1B78D3
:1068C0005A1E1A4913009B009B189B00CB180C33CF
:1068D0001B683A68110018001CF0F9FC124B1B7879
:1068E0005A1E124913009B009B189B00CB180C33B7
:1068F0001B68002B11D10C4B1B785A1E13009B00F8
:106900009B189B00094A9B181422002118001CF0B8
:10691000BEFB0E2303E0C04600E0C0460023180083
:10692000BD4604B0B0BDC04644140020E0130020B2
:10693000B0B58EB006AF78601F23FB1800221A7026
:106940001E23FB1800221A70EC4B1B78052B02D17A
:106950000E2300F0E0FBE94B1B781900E84A0B001E
:106960009B005B189B0000219954E44B1B78190095
:10697000E34A0B009B005B189B00D31801330022F5
:106980001A70DE4B1B781A0013009B009B189B00AB
:10699000DB4A9B1802330422002118001CF077FB0D
:1069A0007B681B78622B00D0B0E27B6802331B78D7
:1069B0002E2B00D0AAE27B6801331B782F2B00D846
:1069C000A5E37B6801331B78352B00D99FE37B68F7
:1069D00001331A781E203B18303A1A70C74B1B78C7
:1069E0001900C74A0B009B005B189B0001219954BA
:1069F000C24B1B781900C24A0B009B005B189B001E
:106A0000D318013300221A70BC4B1B781900BC4A02
:106A10000B009B005B189B00D318023304003A184C
:106A200012781A707B680333B649072218001CF0ED
:106A300051FB031E30D1B14B1B781900B04A0B003B
:106A40009B005B189B00D318033305221A703B1977
:106A50001A78AD491300DB009B18CB1808331B785C
:106A60001A000123134012D13B1918780123059312
:106A70000023049300230393002302930023019334
:106A8000002300930023002201210EF0CBF91F23E5
:106A9000FB1800221A7032E27B6803339B490E22F6
:106AA00018001CF017FB031E31D1944B1B78190002
:106AB000934A0B009B005B189B00D31803330622FC
:106AC0001A701E203B181A788F491300DB009B18A0
:106AD000CB1808331B781A000223134012D13B183D
:106AE00018780123059300230493002303930023C4
:106AF000029300230193002300930023012200212D
:106B00000EF090F91F23FB1800221A70F7E17B6842
:106B100003337F490C2218001CF0DCFA031E00D05E
:106B2000F8E01E243B191A7877491300DB009B1804
:106B3000CB1802331B78002B41D1704B1B78190006
:106B40006F4A0B009B005B189B00D318033309228C
:106B50001A707B680F3318001AF099FE0200674B19
:106B60001B781900D0B2664A0B009B005B189B0093
:106B7000D3180433021C1A70604B1B781900604A4A
:106B80000B009B005B189B00D31804331A783B1949
:106B90001878012305930023049300230393002313
:106BA000029300230193002300931300002200218D
:106BB0000EF038F91F23FB1800221A709FE11E24E3
:106BC0003B191A7850491300DB009B18CB1803338C
:106BD0001B78002B40D1494B1B781900484A0B0009
:106BE0009B005B189B00D31803330A221A707B6842
:106BF0000F3318001AF04BFE0200404B1B781900AF
:106C0000D0B23F4A0B009B005B189B00D3180433A3
:106C1000021C1A70394B1B781900394A0B009B0073
:106C20005B189B00D31804331B783A1910780122A3
:106C30000592002204920022039200220292002276
:106C4000019200930023002200210EF0EBF81F2395
:106C5000FB1800221A7052E11E243B191A782A49A7
:106C60001300DB009B18CB1804331B78002B40D19A
:106C7000224B1B781900224A0B009B005B189B00DB
:106C8000D31803330B221A707B680F3318001AF0E5
:106C9000FEFD0200194B1B781900D0B2184A0B00F8
:106CA0009B005B189B00D3180433021C1A70134B13
:106CB0001B781900124A0B009B005B189B00D3182D
:106CC00004331B783A1910780122059200220492AD
:106CD00000220392002202920193002300930023DA
:106CE000002200210EF09EF81F23FB1800221A70CC
:106CF00005E11F23FB180C221A7000E14414002048
:106D0000E0130020C48B02084C2B0020CC8B02081F
:106D1000DC8B02087B680333C7490D2218001CF086
:106D2000D9F9031E00D0EAE01E243B191A78C349A2
:106D30001300DB009B18CB1805331B78002B40D1C8
:106D4000BF4B1B781900BF4A0B009B005B189B00D0
:106D5000D31803330C221A707B68103318001AF012
:106D600096FD0200B64B1B781900D0B2B54A0B0055
:106D70009B005B189B00D3180433021C1A70B04BA5
:106D80001B781900AF4A0B009B005B189B00D318BF
:106D900004331B783A1910780122059200220492DC
:106DA0000022039202930023019300230093002307
:106DB000002200210EF036F81F23FB1800221A7063
:106DC0009DE01E243B191A789C491300DB009B1898
:106DD000CB1806331B78002B40D1994B1B78190038
:106DE000984A0B009B005B189B00D31803330D22BD
:106DF0001A707B68103318001AF049FD0200904B9E
:106E00001B781900D0B28F4A0B009B005B189B00C7
:106E1000D3180433021C1A70894B1B781900894A55
:106E20000B009B005B189B00D31804331B783A19A6
:106E3000107801220592002204920393002302930A
:106E400000230193002300930023002200210DF072
:106E5000E9FF1F23FB1800221A7050E01E243B1983
:106E60001A7876491300DB009B18CB1807331B7880
:106E7000002B40D1724B1B781900724A0B009B000B
:106E80005B189B00D31803330E221A707B681033F3
:106E900018001AF0FCFC0200694B1B781900D0B2F4
:106EA000684A0B009B005B189B00D3180433021C3C
:106EB0001A70634B1B781900624A0B009B005B1829
:106EC0009B00D31804331B783A19107801220592DD
:106ED00004930023039300230293002301930023D0
:106EE00000930023002200210DF09CFF1F23FB18BC
:106EF00000221A7003E01F23FB180D221A70504B5A
:106F00001B780133DAB24E4B1A7000E17A684E4BAF
:106F1000110018001CF0DBF91D23FB1800221A7069
:106F20001C23FB1800221A70484A474B1100180016
:106F30001CF0F6F80300BB61444B190000201CF064
:106F4000EFF803007B61414B190000201CF0E8F8CA
:106F500003003B61BB69002B01D16723DBE01D25EA
:106F60007C19BB691800FDF75BF90300237028004A
:106F70003B181B78002B24D07B69002B21D13B6967
:106F8000002B1ED12E4B1B7819002E4A0B009B00A4
:106F90005B189B0002219954294B1B781900294A40
:106FA0000B009B005B189B00D31803333A18127830
:106FB0001A70234B1B780133DAB2214B1A7000236D
:106FC000A9E07B69002B00D19FE03B69002B00D139
:106FD0009BE01C257C193B691800FDF721F9030093
:106FE000237028003B181B78002B31D0144B1B78E2
:106FF0001900144A0B009B005B189B000421995454
:107000000F4B1B7819000F4A0B009B005B189B006D
:10701000D31803331D22BA1812781A70084B1B7844
:107020001900084A0B009B005B189B00D31807331C
:107030003A1812781A703FE0EC8B02084C2B0020B3
:1070400044140020E0130020D8140020FC8B020818
:10705000334B1B781900334A0B009B005B189B00D5
:10706000032199542E4B1B7819002E4A0B009B00CC
:107070005B189B00D31803331D22BA1812781A70BC
:107080003B6918001AF0FEFB02000B00100019000B
:10709000FBF706FF031CFB60214B1B781A00130053
:1070A0009B009B189B001F4A9B1806330C22B918A3
:1070B000042218001CF013F9194B1B781C007B6983
:1070C0001800FDF7DFF803001900164A23009B00A3
:1070D0001B199B00D31801330A1C1A70104B1B7824
:1070E0001900104A0B009B005B189B00D31801335A
:1070F0001B78002B01D167230DE0094B1B7801336E
:10710000DAB2074B1A70002305E0672303E0C0469C
:107110001F23FB181B781800BD4608B0B0BDC04641
:1071200044140020E013002090B583B000AF7860D5
:1071300039602B4B1B785A1E2A4913009B009B1861
:107140009B00CB180C331B68002B01D1002343E0BC
:10715000254B1B68002B02D1234B7A681A60224B07
:107160001B681B78002B06D11F4B00221A600023DE
:107170003B60002330E01C4B1B68132118001BF000
:107180009BFF0200194B1A60184B1B68002B11D093
:10719000154B1968154B1A68134B1B68D31A1A0044
:1071A0003B6818001BF0A7FF104B1B685A1C0E4BC6
:1071B0001A6010E00C4B1A683B68110018001CF0B4
:1071C00086F8094B1C683B681800F8F7A7FF030016
:1071D000E218054B1A6001231800BD4603B090BDAC
:1071E00044140020E01300200C150020101500208E
:1071F00090B587B000AF0200FB1D1A70FB1D1A7816
:10720000644913009B009B189B005B5C042B00D11E
:10721000B5E000DDB5E0032B2BD000DDB1E0012BA4
:1072200003D0022B00D1AEE0ABE0FB1D1A78132493
:107230003919584813009B009B189B00C318023350
:107240001B780B70FB1D1A78524913009B009B188A
:107250009B00CB18033319783B191A784E4813005A
:10726000DB009B181B5C994201D101238DE00023B8
:107270008BE0FB1D1A78474913009B009B189B006D
:10728000CB1803331B785A1E444913005B009B182C
:107290009B005B581B687B61FB1D1A7813009B00E9
:1072A0009B189B003B4A9B18991D0C23FB1804223A
:1072B00018001CF014F8FB1D1A78364913009B00C7
:1072C0009B189B00CB1801331B78062B55D89A00CE
:1072D000334BD3181B689F46FB68191C7869F9F774
:1072E000F9F8031E00D149E001234EE0FB68191CA8
:1072F0007869F9F709F9031E00D13FE0012344E062
:10730000FB68191C7869F9F7EBF8031E00D135E02A
:1073100000217869F9F7DEF8031E00D02EE0012382
:1073200033E0FB68191C7869F9F7F8F8031E00D1FF
:1073300024E0012329E0FB68191C7869F9F7DAF8E1
:10734000031E00D11AE000217869F9F7C3F8031E83
:1073500000D013E0012318E0FB68191C7869F9F7E5
:10736000B9F8031E00D009E000217869F9F7B2F8F6
:10737000031E00D002E0012307E0C04604E0C0463F
:1073800002E0C04600E0C04600231800BD4607B03A
:1073900090BDC046E01300204C2B0020540200207A
:1073A000008C020880B582B000AF7B1D00221A70ED
:1073B000BB1D00221A8010F067F903003B60BB1D63
:1073C00000221A803EE0BB1D1A88254913009B004D
:1073D0009B189B00CB1810331B78002B2DD0BB1DA6
:1073E0001B88DBB21800FFF703FF031E25D01D4BDF
:1073F00020221A7010E01C4B18783B681B4A0021B1
:10740000FEF7CCFE3B681800F8F788FE02003B68E8
:10741000002118001BF03BFEBB1D1A881049130009
:107420009B009B189B00CB180C331B680F4A110064
:107430001800FFF779FE031EDDD1BB1D1A88BB1DA6
:1074400001321A800A4B1B781A00BB1D1B8893421D
:10745000B9D37B1D1B781800BD4602B080BDC04665
:10746000E013002048100020F8120020141500201E
:107470004414002080B500AFBFF34F8FC046044BCB
:10748000044ADA60BFF34F8FC046C046FDE7C046EE
:1074900000ED00E00400FA0580B500AFC046BD462F
:1074A00080BD000080B500AF444B180010F036F8E6
:1074B000434B180010F032F8424B180010F02EF831
:1074C000414B180010F02AF8404B180010F026F835
:1074D0003F4B180010F022F83E4B180010F01EF839
:1074E0003D4B180010F01AF83C4B180010F016F83D
:1074F0003B4B180010F012F83A4B180010F00EF841
:10750000394B180010F00AF8384B180010F006F844
:10751000374B180010F002F8364B18000FF0FEFF42
:10752000354B18000FF0FAFF344B18000FF0F6FF40
:10753000334B18000FF0F2FF324B18000FF0EEFF44
:10754000314B18000FF0EAFF304B18000FF0E6FF48
:107550002F4B18000FF0E2FF2E4B18000FF0DEFF4C
:107560002D4B18000FF0DAFF2C4B18000FF0D6FF50
:107570002B4B18000FF0D2FF2A4B18000FF0CEFF54
:10758000294B18000FF0CAFF284B18000FF0C6FF58
:10759000274B18000FF0C2FF264B18000FF0BEFF5C
:1075A000254B18000FF0BAFF244B22221A700AF064
:1075B000B3FFFFF771FFC046BD4680BD148D0208C2
:1075C000AC8C0208488D0208288F0208608F0208E0
:1075D000B08F0208209002085C9002089C9002087C
:1075E000E8910208A8920208249302087C930208FA
:1075F000CC93020864940208B8940208109502081B
:1076000090950208CC9502081C9602086C96020818
:10761000CC960208149702085C970208A497020807
:10762000E49702082C9802080C990208889902082D
:10763000D0990208209A02088C9A02086F10002044
:1076400080B586B000AFF860B9607A600B4B7B61A3
:107650007A69FB68110018001BF039FE7B6918007D
:10766000F8F75CFD0200FB689B18180012F0C0FAE6
:1076700000231800BD4606B080BDC0469C9A020893
:1076800080B586B000AFF860B9607A600B4B7B6163
:107690007A69FB68110018001BF019FE7B6918005D
:1076A000F8F73CFD0200FB689B18180012F046FB3F
:1076B00000231800BD4606B080BDC046EC9A020803
:1076C00090B585B000AFF860B9607A601E4B1B784A
:1076D00019001E4A0B009B005B185B009B5C002B93
:1076E00009D11B4B1968184B1B781A00FB6818004E
:1076F0001BF04EFC11E0174B1968134B1B781C0054
:10770000114B1B781A0013009B009B185B000F4A5B
:107710009B18F86822001BF03BFCA023DB0501222C
:107720004021180015F065FBC8200FF035FEA0239E
:10773000DB0500224021180015F05BFB0023180038
:10774000BD4605B090BDC046A100002044110020F8
:107750000401002008010020B0B588B002AFF86035
:10776000B9607A601523FB1800221A70684A7B689A
:10777000012118000FF090FF0200664B1A60654B64
:107780001B68002B2AD1644B1968644B1B781A00C4
:10779000FB6818001BF0FCFB614B1A68FB681100CA
:1077A00018001BF07CFC5F4B1C78FB681800F8F796
:1077B000B5FC03009AB2F96801235B4200933223BF
:1077C00020000FF0ADFB584B584A1A60584B01226D
:1077D0001A700A200FF0E0FDFFF74CFE4D4B1868C1
:1077E0004B4B1B681A00534B19001BF073FC031E14
:1077F00000D078E0504A7B68022118000FF04CFF5F
:1078000002004E4B1A604E4A7B68032118000FF0AD
:1078100043FF02004B4B1A60484B1B681B785BB25E
:10782000232B0AD1454B1B68013318001AF035F899
:1078300002001723FB181A7003E01523FB186822B7
:107840001A70404B1B681B785BB2702B0AD13D4B02
:107850001B68013318001AF020F802001623FB18E9
:107860001A7003E01523FB1868221A702B4B1B7843
:1078700017257A1912789A421DD0334B00221A70BC
:10788000324B16243A1912781A707B191B78012290
:107890001A21180003F0AEFD64200FF07DFD1F4B90
:1078A0001878204B1A783B191C787B19197823001B
:1078B0000AF020FC1BE016243B19187800230093E3
:1078C00019230022002103F0E5FD64200FF064FD80
:1078D000124B1878114B1978124B1A783B191B78F8
:1078E0000AF008FC03E01523FB1868221A70152320
:1078F000FB181B78682B06D1154B1A68FB68110022
:1079000018001BF0E4FC00231800BD4606B0B0BD13
:10791000981500209C1500200C010020A1000020DB
:1079200090000020F8120020F03F0220EFBEADDEF4
:107930006C100020309B0208A0150020A415002028
:10794000A8150020AC15002048100020C41200200B
:107950001001002080B584B000AFF860B9607A6093
:10796000FFF788FDB0B586B000AFF860B9607A6007
:107970001723FB1800221A702D4A7B68012118007A
:107980000FF08AFE02002B4B1A60294B1B68092B53
:1079900004DD284B1B68093300221A70264B1A7825
:1079A000244B1B6817257C1919001000FDF77AFD80
:1079B000030023707B191B78002B0AD11F4B196819
:1079C0001D4B1B781A001B4B1B68F8681BF0E0FA74
:1079D00028E01723FB181B78062B08D1184B1968D1
:1079E000144B1A68FB6818001BF0D2FA1AE0172330
:1079F000FB181B78072B08D1124B19680D4B1A681E
:107A0000FB6818001BF0C4FA0CE01723FB181B7866
:107A1000082B07D10C4B1968064B1A68FB68180035
:107A20001BF0B6FA00231800BD4606B0B0BDC04634
:107A3000B0150020B4150020A10000201401002082
:107A4000180100201C01002020010020B0B594B0D6
:107A500000AFF860B9607A604F23FB1800221A70FB
:107A60002023FB1800221A6004332322002118006F
:107A70001BF00DFB4C23FB1800221A804A243B19F3
:107A800000221A8014257B1900221A600433062272
:107A9000002118001BF0FBFA9C4A7B6801211800AA
:107AA0000FF0FAFD02009A4B1A60994B1968974B38
:107AB0001B681A007B1918001BF01DFB3B190122E3
:107AC0001A804923FB1800221A701BE04923FB1877
:107AD0001A7813009B009B185B008E4A9A18142397
:107AE000FB1811001800F8F70FFB031E04D14A23FE
:107AF000FB1800221A800AE049217B181A787B18AB
:107B000001321A704923FB181B78092BDED9824BEE
:107B100002221A70FA68814B100019000A231A0019
:107B20001BF0DDFB7C4B1B785BB219007C4A7B6849
:107B300018000FF0B1FD02007A4B1A605DE0794B3E
:107B40001968774B1B681A0020243B1918001BF09A
:107B5000D2FA734B1B6820003A180021D1544C25EF
:107B60007C193B181800FDF7EFFB030023807B19FD
:107B700000229B5E002B45DB7B191B88DBB24F2567
:107B80007C191422BA1811001800FDF72BFD030010
:107B900023707B191B78002B36D15F4B1B785BB2AF
:107BA000022B0EDDFB681800F8F7B8FA03001A0084
:107BB000FB689A185C4B1000190003231A001BF095
:107BC0008EFB2023FA18FB68110018001BF067FADF
:107BD000514B1B785BB2DBB20133DBB25AB24E4B76
:107BE0001A704D4B1B785BB219004D4A7B68180028
:107BF0000FF052FD02004B4B1A604A4B1B68002BE2
:107C00009DD102E0C04600E0C0464C23FB18002294
:107C10009B5E002B08DA454B19682023FA18FB6895
:107C200018001BF0B5F96CE03B4B1B785BB2022BE4
:107C300008D13F4B19681423FA18FB6818001BF091
:107C4000A7F95EE04F23FB181B78002B15D14A23C0
:107C5000FB1800229B5E002B0FD0364B19681423B3
:107C6000FA1820243B1918001BF092F93A19FB6806
:107C7000110018001BF013FA43E04F23FB181B7888
:107C8000002B15D14A23FB1800229B5E002B0FD13D
:107C9000294B19681423FA1820243B1918001BF0EB
:107CA00077F93A19FB68110018001BF0F8F928E081
:107CB0004F23FB181B78062B08D1204B196814237F
:107CC000FA18FB6818001BF063F91AE04F23FB1841
:107CD0001B78072B08D11A4B19681423FA18FB6874
:107CE00018001BF055F90CE04F23FB181B78082BEC
:107CF00007D1144B19681423FA18FB6818001BF0FD
:107D000047F900231800BD4614B0B0BDB8150020D7
:107D1000BC150020D8100020C0150020349B02089C
:107D2000C4150020C8150020409B02082401002033
:107D3000280100202C010020300100203401002007
:107D4000380100203C01002080B584B000AFF8600D
:107D5000B9607A600020FDF717F900231800BD46CE
:107D600004B080BD90B589B002AFF860B9607A60A8
:107D700017217B1800221A70334B1B78012B04D972
:107D80007C180FF011FA030023702F4B1B781A0098
:107D90002E49FB6818001BF0FBF82D4B1C78FB6884
:107DA0001800F8F7BBF903009AB2F96801235B42A7
:107DB0000093322320000FF0B3F8264AFB6811002D
:107DC00018001BF0E5F8224B1C78FB681800F8F748
:107DD000A5F903009AB2F96801235B4200933223AC
:107DE00020000FF09DF81A4B1B781800FCF718FFC5
:107DF000174B1B781800FDF73BF81723FB181B786F
:107E0000022B15D1144AFB68110018001BF0C0F8B2
:107E10000F4B1C78FB681800F8F780F903009AB242
:107E2000F96801235B420093322320000FF078F8B9
:107E30000A4AFB68110018001BF0AAF8002318007A
:107E4000BD4607B090BDC046A0000020449B02087C
:107E5000F8120020609B0208749B0208B89B02087D
:107E6000F0B59FB006AFF860B9607A605C23FB188C
:107E700000221A700023FB640023BB6400237B6490
:107E800000233B640023FB630023BB6300237B636D
:107E90005F23FB1800221A705E243B1900221A701F
:107EA0005D23FB1800221A705B23FB1800221A7056
:107EB0005A23FB1800221A7000237B6500233B65C0
:107EC0002823FB1800221A60043306220021180020
:107ED0001BF0DDF81C23FB1800221A600433062275
:107EE000002118001BF0D3F81023FB1800221A60A1
:107EF00004330622002118001BF0C9F84C23FA189D
:107F00007B68012118000FF0C7FB0200804B1A604C
:107F10007F4B1B681B785BB2502B08D17C4B1B68D6
:107F20000133180019F0B9FC02003B191A704823FC
:107F3000FA187B68022118000FF0AEFB0200754BA7
:107F40001A60744B1968BB6C1A0028243B1918007E
:107F50001BF0D1F83B191800FDF7F6F903001A00E1
:107F60005B23FB181A704423FA187B68032118005E
:107F70000FF092FB0200684B1A60674B1B681B787E
:107F80005BB2702B09D1644B1B680133180019F0E8
:107F900084FC02005D23FB181A704023FA187B68EA
:107FA000042118000FF078FB02005C4B1A605B4B59
:107FB00019683B6C1A001C243B1918001BF09BF835
:107FC0003B191800FDF7C0F903001A005A23FB18EB
:107FD0001A703C23FA187B68052118000FF05CFB2F
:107FE00002004F4B1A604E4B1B68FA6B4D4918004C
:107FF0001BF070F8031E04D15F23FB1800221A70D7
:108000001AE0474B1B68FA6B474918001BF062F8EF
:10801000031E04D15F23FB1801221A700CE0404BB1
:108020001B68FA6B414918001BF054F8031E03D17A
:108030005F23FB1802221A70394B1968FB6B1A0078
:108040001026BB1918001BF056F83823FA187B6865
:10805000062118000FF020FB0200354B1A60344B4C
:108060001B68180019F019FC03007B653423FA180B
:108070007B68072118000FF00FFB02002D4B1A60E0
:108080002C4B1B68180019F008FC03003B655C23AF
:10809000FC185A22BB181D785D22BB181A785B2188
:1080A0007B1819785E203B181878002303933B6DEA
:1080B00002937B6D01935F23FB181B7800932B00C9
:1080C00003F042FD030023705C23FB181B78002B98
:1080D00018D1194B19685E203B181D785D22BB181A
:1080E0001B78BC19F8683A6D04927A6D03921C22D1
:1080F000BA18029201932823FB1800932B00220048
:108100001AF046FF00231800BD4619B0F0BDC04666
:10811000CC150020D0150020D4150020D815002043
:10812000DC150020BC9B0208C49B0208D09B0208FF
:10813000E0150020E415002040010020F0B58BB0D0
:1081400002AFF860B9607A601D23FB1800221A7034
:108150000023BB6100237B611F23FB1800221A70E0
:108160001E243B1900221A701823FA187B6801217B
:1081700018000FF091FA02003D4B1A603C4B1B684F
:10818000BA693C4918001AF0A5FF031E03D13B1938
:1081900001221A7028E0364B1B68BA69364918006C
:1081A0001AF098FF031E04D11E23FB1802221A7036
:1081B0001AE02F4B1B68BA69304918001AF08AFF81
:1081C000031E04D11E23FB1803221A700CE0284B57
:1081D0001B68BA692A4918001AF07CFF031E03D1F4
:1081E0001E23FB1804221A701423FA187B6802213C
:1081F00018000FF051FA0200224B1A60214B1B6845
:108200001B785BB2702B09D11E4B1B680133180021
:1082100019F043FB02001F23FB181A701D26BC191E
:108220001F257B191A781E23FB181B7811001800D4
:108230000CF0C4FB03002370BB191B78002B12D178
:108240000B4B1B68BA699B1800221A700E4B1968F9
:10825000074B1A687B191C787B191B78F868009308
:1082600023001AF095FE00231800BD4609B0F0BDAA
:10827000E8150020E09B0208F09B0208009C020821
:108280000C9C0208EC15002044010020F0B587B0DA
:1082900000AFF860B9607A601623FB1800221A70EC
:1082A00000233B6117243B1900221A701023FA188F
:1082B0007B68012118000FF0EFF90200164B1A60DD
:1082C000154B1B681B785BB2702B08D1124B1B68D7
:1082D0000133180019F0E1FA02003B191A70162652
:1082E000BC1917257B191B7818000CF09BFC0300A8
:1082F0002370BB191B78002B08D1084B19687B1918
:108300001A787B191B78F8681AF042FE00231800CF
:10831000BD4607B0F0BDC046F01500204801002062
:10832000F0B5CE46474680B595B006AFF860B96067
:108330007A603723FB1800221A7000237B62002327
:108340003B620023FB610023BB6100237B61302380
:10835000FB1800221A800023FB623623FB18002240
:108360001A702423FA187B68012118000FF094F981
:108370000200E24B1A60E14B1B68E149042218003D
:108380001AF0A8FE031E00D04DE22023FA187B68E5
:10839000022118000FF080F90200DA4B1A60D74B67
:1083A0001B68181D7B6A043B1A00D74B19001AF092
:1083B00091FE031E00D07DE0D24B1B683A6AD34980
:1083C00018001AF087FE031E14D1D14B60221A70D8
:1083D000CF4B5B781B021AB2CD4B1B781BB21343F9
:1083E0001BB29AB28A235B00110018000BF05AF9F5
:1083F00000F03AFDC34B1B683A6AC64918001AF0F0
:1084000069FE031E14D1C24B20221A70C04B5B7848
:108410001B021AB2BE4B1B781BB213431BB29AB29B
:108420008A235B00110018000BF03CF900F01CFDE2
:10843000B44B1B683A6AB84918001AF04BFE031E89
:1084400014D1B34B40221A70B14B5B781B021AB2A5
:10845000AF4B1B781BB213431BB29AB28A235B004B
:10846000110018000BF01EF900F0FEFCA54B1B6874
:108470003A6AAA4918001AF02DFE031E14D1A44B23
:1084800000221A70A24B5B781B021AB2A04B1B7819
:108490001BB213431BB29AB28A235B00110018006F
:1084A0000BF000F900F0E0FC3723FB1868221A708B
:1084B00000F0DAFC914B1B68181D7B6A043B1A0024
:1084C000974B19001AF006FE031E00D07DE08D4B7D
:1084D0001B683A6A8D4918001AF0FCFD031E14D17E
:1084E0008B4B03225A708A4B5B781B021AB2884B63
:1084F0001B781BB213431BB29AB28A235B00110094
:1085000018000BF0CFF800F0AFFC7E4B1B683A6A06
:10851000804918001AF0DEFD031E14D17C4B0122A5
:108520005A707B4B5B781B021AB2794B1B781BB2DB
:1085300013431BB29AB28A235B00110018000BF0A0
:10854000B1F800F091FC6F4B1B683A6A6E49180055
:108550001AF0C0FD031E14D16D4B02225A706C4BF1
:108560005B781B021AB26A4B1B781BB213431BB217
:108570009AB28A235B00110018000BF093F800F008
:1085800073FC604B1B683A6A644918001AF0A2FD3C
:10859000031E14D15E4B00225A705D4B5B781B02A8
:1085A0001AB25B4B1B781BB213431BB29AB28A23DD
:1085B0005B00110018000BF075F800F055FC372334
:1085C000FB1868221A7000F04FFC4C4B1B68181DFA
:1085D0007B6A043B1A00534B19001AF07BFD031E03
:1085E0002DD1484B1B68180019F051F90300FB62AC
:1085F000FA6AE1231B039A421BD84B4BFA6A9A6032
:10860000494B9B689AB28C235B00110018000BF059
:1086100049F8454B9B681B0C9AB21A23FF33110093
:1086200018000BF03FF83623FB1801221A7000F0F7
:108630001BFC3723FB1868221A7000F015FC2F4B27
:108640001B68181D7B6A043B1A00384B19001AF08E
:1086500041FD031E22D12B4B1B68180019F017F99E
:10866000020030217B181A800A00BB181B88002BDF
:108670000ED02D4B1100BA1812881A807B181A8858
:108680001623FF33110018000BF00CF800F0ECFB80
:108690003723FB1868221A7000F0E6FB174B1B68A3
:1086A000181D7B6A043B1A00214B19001AF012FDB9
:1086B000031E3FD1134B1B68180019F0E8F80200A5
:1086C00030217B181A800A00BB181B88002B0ED0A3
:1086D000154B1100BA1812885A807B181A888B2300
:1086E0005B00110018000AF0DDFF00F0BDFB37232E
:1086F000FB1868221A7000F0B7FBC046F415002082
:10870000189C0208F8150020209C02082C9C0208E6
:1087100048100020309C0208389C02083C9C02084B
:10872000449C02084C9C020850100020589C0208EF
:10873000649C0208D94B1B68181D7B6A043B1A0015
:10874000D74B19001AF0C6FC031E2ED1D54B1B685F
:10875000180019F09CF8020030217B181A800A00DA
:10876000BB181B88002B1AD0BB181B88FF2B16D8F0
:10877000BB181B88DAB2CC4B1A71CB4B5B791B024E
:108780001AB2C94B1B791BB213431BB29AB21823FE
:10879000FF33110018000AF085FF00F065FB372356
:1087A000FB1868221A7000F05FFBBC4B1B68181D99
:1087B0007B6A043B1A00BD4B19001AF08BFC031EA8
:1087C0002CD1B84B1B68180019F061F80200302159
:1087D0007B181A800A00BB181B88002B19D0BB1805
:1087E0001B88FF2B15D8BB181B88DAB2AE4B5A7109
:1087F000AD4B5B791B021AB2AB4B1B791BB2134317
:108800001BB29AB21823FF33110018000AF04AFF76
:108810002AE33723FB1868221A7025E33723FB1855
:1088200067221A7020E39D4B1B68A149042218009F
:108830001AF050FC031E00D0A6E02023FA187B6833
:10884000022118000EF028FF0200964B1A601C232C
:10885000FA187B68032118000EF01EFF0200954BEA
:108860001A601823FA187B68042118000EF014FF10
:108870000200914B1A601423FA187B680521180036
:108880000EF00AFF02008D4B1A60864B1B68180021
:1088900018F0FDFF02003523FB181A70854B1B688A
:1088A000180018F0F4FF02003423FB181A70824BF2
:1088B0001B68180018F0EBFF02002B23FB181A703E
:1088C0007E4B1B68002B1FD07C4B1B687C4902220F
:1088D00018001AF0FFFB031E04D13323FB180122FA
:1088E0001A7011E0754B1B687649022218001AF0C5
:1088F000F1FB031E04D13323FB1802221A7003E09C
:108900003723FB1868221A703723FB181B78002BBB
:1089100000D0A9E23523FB181B78172B09D8342384
:10892000FB181B783B2B04D82B23FB181B783B2B05
:1089300004D93723FB1868221A7095E20DF0E2FD86
:10894000594B987D584B597D574B1A8B564B1D7D73
:10895000554B1B7B5BB237243C1904933323FB1824
:108960001B7803933523FB181B7802933423FB18E1
:108970001B7801932B23FB181B7800932B000DF021
:108980002DFD030023706FE2444B1B684E49042207
:1089900018001AF09FFB031E00D061E22023FA1892
:1089A0007B68022118000EF077FE02003D4B1A6032
:1089B0001C23FA187B68032118000EF06DFE0200DC
:1089C0003C4B1A601823FA187B68042118000EF03B
:1089D00063FE0200384B1A601423FA187B680521E5
:1089E00018000EF059FE0200344B1A60324B1B681F
:1089F000180018F04CFF02002B23FB181A702F4BA5
:108A00001B68180018F043FF02003023FB181A807F
:108A1000244B1B682D49062218001AF05BFB031E2D
:108A200004D13523FB1801221A7079E01D4B1B6815
:108A30002749072218001AF04DFB031E04D13523E5
:108A4000FB1802221A706BE0164B1B6821490922A1
:108A500018001AF03FFB031E04D13523FB18032234
:108A60001A705DE00F4B1B681B49082218001AF0B2
:108A700031FB031E04D13523FB1804221A704FE08A
:108A8000084B1B681549062218001AF023FB031E29
:108A900026D13523FB1805221A7041E0F415002079
:108AA000749C0208F815002050100020889C0208D1
:108AB00074940208FC150020001600200416002003
:108AC0009C9C0208A09C0208C8940208A49C02086E
:108AD000AC9C0208B49C0208C09C0208CC9C020812
:108AE000C14B1B68C149082218001AF0F3FA031E93
:108AF00004D13523FB1806221A7011E0BA4B1B680B
:108B0000BB49062218001AF0E5FA031E04D13523EA
:108B1000FB1807221A7003E03723FB1868221A702B
:108B2000B44B1B68B449072218001AF0D3FA031E8D
:108B300008D0B04B1B68B149022218001AF0CAFADB
:108B4000031E04D13423FB1801221A7000E1A94B43
:108B50001B68AB49082218001AF0BCFA031E08D0A3
:108B6000A44B1B68A749022218001AF0B3FA031E8F
:108B700004D13423FB1802221A70E9E09D4B1B68D4
:108B8000A149052218001AF0A5FA031E08D0994B36
:108B90001B689E49022218001AF09CFA031E04D199
:108BA0003423FB1803221A70D2E0924B1B689849B9
:108BB000052218001AF08EFA031E08D08D4B1B6890
:108BC0009449022218001AF085FA031E04D13423B6
:108BD000FB1804221A70BBE0864B1B688E490322E7
:108BE00018001AF077FA031E08D0824B1B688B49D5
:108BF000022218001AF06EFA031E04D13423FB1867
:108C000005221A70A4E07B4B1B68854904221800DA
:108C10001AF060FA031E08D0764B1B6881490222C5
:108C200018001AF057FA031E04D13423FB18062249
:108C30001A708DE06F4B1B687B49042218001AF0F4
:108C400049FA031E08D06B4B1B68784902221800B2
:108C50001AF040FA031E04D13423FB1807221A70BD
:108C600076E0644B1B687249052218001AF032FA4C
:108C7000031E08D05F4B1B686E49022218001AF0D1
:108C800029FA031E04D13423FB1808221A705FE06E
:108C9000584B1B686849092218001AF01BFA031E7A
:108CA00008D0544B1B686549022218001AF012FACA
:108CB000031E04D13423FB1809221A7048E04D4BDF
:108CC0001B685F49072218001AF004FA031E08D037
:108CD000484B1B685B49022218001AF0FBF9031E7F
:108CE00004D13423FB180A221A7031E0414B1B686F
:108CF0005549082218001AF0EDF9031E08D03D4B23
:108D00001B685249022218001AF0E4F9031E04D12C
:108D10003423FB180B221A701AE0364B1B684C499F
:108D2000082218001AF0D6F9031E08D0314B1B6830
:108D30004849022218001AF0CDF9031E04D1342349
:108D4000FB180C221A7003E03723FB1868221A70F4
:108D50003723FB181B78002B00D085E02B22BB1893
:108D60001B78002B0FD0BB181B781F2B0BD8302182
:108D70007B181A88FA23DB009A4204D37B181B88DD
:108D8000354A934204D93723FB1868221A706BE0E6
:108D90000DF0B8FB314B1B7C304A527C2F49897C4B
:108DA0002E48C07C2D4C247B65B237243C193526D7
:108DB000BE193678B1463026BE193688B0462B2605
:108DC000BE193678B4463426BE1936780495039019
:108DD0000291019200934B464246614630000DF0ED
:108DE000FDFA030023703FE0F8150020D49C020830
:108DF000E09C0208FC150020E89C0208F09C020898
:108E0000F49C0208009D0208049D02080C9D0208C3
:108E1000109D0208189D02081C9D0208209D020852
:108E2000249D02082C9D0208309D0208389D0208EE
:108E30003C9D0208449D0208489D0208549D02087A
:108E4000589D0208609D0208649D0208709D0208FA
:108E5000749D0208809D0208340800005010002014
:108E60003723FB1867221A703723FB181B78002B57
:108E700022D1224B1B687A6A9B1800221A70204B61
:108E800019681E4B1A681F4B1B68F8681AF080F8A7
:108E90003623FB181B78012B27D11B4B1A68FB6864
:108EA000110018001AF0FBF8184B1A68FB68110043
:108EB00018001AF0F4F818E03723FB181B78672B1A
:108EC00007D1134B1A68FB68110018001AF0FFF95C
:108ED0000BE03723FB181B78682B06D10D4B1A6863
:108EE000FB68110018001AF0F2F900231800BD46C3
:108EF0000FB0C0BCB946B046F0BDC046F415002066
:108F00004C010020F81500205001002054010020E1
:108F1000580100205C01002080B588B000AFF860E7
:108F2000B9607A601F23FB1800221A700023BB610E
:108F300000237B611E23FB1800221A701D23FB18DF
:108F400000221A701C23FB1800221A701823FA182A
:108F50007B68012118000EF09FFB0200C14B1A60D4
:108F6000C04B1B68C049042218001AF0B3F8031E56
:108F700000D0D6E0BB4B1B68181DBB69043B1A0030
:108F8000BA4B19001AF0A6F8031E28D1B84B1B786B
:108F9000602B07D1B74B1968B74AFB68180019F066
:108FA000F7FF40E1B24B1B78202B07D1B14B19687A
:108FB000B24AFB68180019F0EBFF34E1AC4B1B78A8
:108FC000002B07D1AB4B1968AD4AFB68180019F0AC
:108FD000DFFF28E11F23FB1868221A7023E1A14B51
:108FE0001B68181DBB69043B1A00A64B19001AF038
:108FF00071F8031E28D19E4B5B78032B07D19D4B44
:1090000019689D4AFB68180019F0C2FF0BE1984BE4
:109010005B78012B07D1974B1968984AFB681800B9
:1090200019F0B6FFFFE0924B5B78002B07D1914B14
:109030001968934AFB68180019F0AAFFF3E01F2390
:10904000FB1868221A70EEE0864B1B68181DBB697E
:10905000043B1A008C4B19001AF03CF8031E07D190
:109060008A4B9A688A49FB68180019F091FFDAE088
:109070007C4B1B68181DBB69043B1A00854B19000B
:109080001AF028F8031E08D1804B1B881A0080496B
:10909000FB68180019F07CFFC5E0724B1B68181DB7
:1090A000BB69043B1A007C4B19001AF013F8031E2D
:1090B00008D1764B5B881A007549FB68180019F0D7
:1090C00067FFB0E0674B1B68181DBB69043B1A00C3
:1090D000724B190019F0FEFF031E08D16B4B1B7970
:1090E0001A006B49FB68180019F052FF9BE05D4BBA
:1090F0001B68181DBB69043B1A00694B190019F065
:10910000E9FF031E08D1614B5B791A006049FB68D7
:10911000180019F03DFF86E01F23FB1867221A7024
:1091200081E0504B1B685F490522180019F0D2FFFF
:10913000031E00D073E01423FA187B680221180084
:109140000EF0AAFA0200584B1A601E23FB180022E8
:109150001A701D23FB1800221A701AE0524B18686F
:109160001D23FB181A7813009B009B185B004F4AC5
:109170009B181900F6F7C8FF031E04D11E23FB1825
:1091800001221A700AE01D217B181A787B1801321F
:109190001A701D23FB181B78092BDFD91E23FB181F
:1091A0001B78002B09D1424B19683F4B1A68FB68AA
:1091B000180019F0EDFE002350E03E4B19683A4BC1
:1091C0001A68FB68180019F0E3FE1C23FB18012243
:1091D0001A701CE01C217B181B785A1E364B52005B
:1091E000D35A1A001D23FB181B781A4113000122C1
:1091F000134006D07B181B78FA683049F86819F0DC
:10920000C7FE1C217B181A787B1801321A702C4B70
:109210001B781C22BA1812789A42DBD903E01F236C
:10922000FB1867221A701F23FB181B78672B07D1C6
:10923000244B1A68FB68110018001AF048F80CE07B
:109240001F23FB181B78682B07D11F4B1968054B90
:109250001A68FB68180019F09BFE00231800BD4631
:1092600008B080BD08160020189C0208209C020847
:1092700048100020600100202C9C0208849D0208F8
:109280003C9C0208449C02084C9C020850100020A0
:10929000889D0208589C0208649C0208749C02087D
:1092A000889C0208C08F02080C160020D8100020ED
:1092B000640100206801002068110020909D0208D0
:1092C000A00000206C0100207001002090B587B044
:1092D00000AFF860B9607A601723FB1800221A709B
:1092E00000233B611023FA187B68012118000EF05F
:1092F000D3F90200294B1A60284B1B683A692849A8
:10930000180019F0E7FE031E11D1264B264A13CA96
:1093100013C313CA13C312681A60FAF739FE234B3A
:109320001A68FB681100180019F0D1FF24E01B4BEC
:109330001B683A691E49180019F0CCFE031E17D1AC
:1093400000221621FF2002F055F81A4B02221A7053
:1093500064200EF021F8FAF797FE64200EF01CF856
:10936000154B1A68FB681100180019F0B0FF03E0F4
:109370001723FB1868221A701723FB181B78682B19
:1093800006D10E4B1A68FB681100180019F09FFFF8
:1093900000231800BD4607B090BDC046101600203F
:1093A000989D0208501000201C000020740100202D
:1093B000A09D02086C100020780100207C01002094
:1093C000F0B589B004AFF860B9607A600DF09AF832
:1093D0002C4B5B7B182B14D12B4B1968294B9B7C96
:1093E0001C00284B5B7C1D00264B1B7C1A00254B68
:1093F000DB89F868019300922B00220019F0C8FD68
:109400003AE0204B5B7B0C2B36D11E4BDB7C012BD7
:1094100017D11E4B19681B4B9B7C1D00194B5B7CA5
:109420001E00184B1B7C1A00164BDB891C00F868C9
:10943000174B02930194009233002A0019F0A8FD03
:109440001AE0104BDB7C022B16D1104B19680D4B28
:109450009B7C1D000B4B5B7C1E000A4B1B7C1A0087
:10946000084BDB891C00F8680A4B029301940092B8
:1094700033002A0019F08CFD00231800BD4605B00A
:10948000F0BDC04650100020800100208401002063
:10949000A89D0208AC9D020890B585B000AFF860A9
:1094A000B9607A600DF02EF8074B1C68FCF7A6FB3C
:1094B0000200FB682100180019F06AFD0023180063
:1094C000BD4605B090BDC0468801002090B58BB068
:1094D00000AFF860B9607A602723FB1800221A7089
:1094E00000237B6100233B611423FA187B68012170
:1094F00018000EF0D1F803003B623B6A1B785BB2A8
:10950000702B09D13B6A0133180018F0C6F902002C
:109510002623FB181A7003E02723FB1868221A7011
:109520001023FA187B68022118000EF0B5F803002A
:10953000FB61FB69180018F0B0F90300BB61272339
:10954000FB181B78682B07D10E4B1A68FB681100BB
:10955000180019F0BCFE0FE0BA6926243B191B78ED
:10956000110018000DF06EFD074B19683B191B78B0
:10957000BA69F86819F00CFD00231800BD460BB05D
:1095800090BDC0468C0100209001002080B586B0BF
:1095900000AFF860B9607A60154B1A681549FB682E
:1095A000180019F0F5FC1723FB1800221A7005E0CB
:1095B00017217B181A787B1801321A701723FB18B1
:1095C0001B78022BF4D9FB681800F6F7A7FD0300FF
:1095D0001A00FB689A18084B1000190003231A00A0
:1095E00019F07DFE00231800BD4606B080BDC046C0
:1095F00094010020B09D0208B49D020890B587B088
:1096000000AFF860B9607A6016243B1900221A8016
:1096100011F0F2F902003B191A803B191B88254A08
:1096200094466344082B2CD89A00234BD3181B680C
:109630009F46224B1968224AFB68180019F0A8FCC3
:1096400027E01E4B19681F4AFB68180019F0A0FCA0
:109650001FE01A4B19681C4AFB68180019F098FCA7
:1096600017E0164B1968194AFB68180019F090FCAE
:109670000FE0124B1968164AFB68180019F088FCB5
:1096800007E00E4B1968134AFB68180019F080FCBC
:10969000C046114B1C6811F0A3F903001B0BFA68BC
:1096A000F868210019F074FC00231800BD4607B0CB
:1096B00090BDC046C0FBFFFFFC9D02089801002042
:1096C000B89D0208C49D0208D09D0208DC9D0208D6
:1096D000E89D0208F49D02089C01002080B584B03A
:1096E00000AFF860B9607A60074B1968074B1B68D8
:1096F0001B041A0CFB68180019F04AFC0023180020
:10970000BD4604B080BDC046A0010020CCF7FF1FBD
:10971000F0B58FB004AFF860B9607A601823FB1819
:10972000D54A13CA13C312881A80D44B1C78D44B61
:109730001D68D34B1B681800F6F7F0FC03009AB2C3
:1097400001235B4200933223290020000DF0E8FB47
:109750002723FB1801221A702623FB1800221A70F7
:1097600076E126203B181A78C64913009B009B1807
:109770009B005B5C002B1AD0C34B1C682723FB1893
:109780001D783B181A78BF4913009B009B189B005B
:10979000CB1810331B7819001823FA180B00DB00C4
:1097A0005B1AD318F8682A00210019F0F1FB262370
:1097B000FB181A78B34913009B009B189B005B5C55
:1097C000012B03D0032B00D1B5E0FBE02623FB18CF
:1097D0001A78AC4913009B009B189B00CB180333ED
:1097E0001B780E2B00DDA4E00C2B00DB75E00B2BAF
:1097F00000DD9EE0092B44DA052B02D0062B20D099
:1098000097E0A24B1C6826203B181A789D4913004C
:109810009B009B189B00CB1802331B781D003B1844
:109820001A78984913009B009B189B00CB180C33A7
:109830001B68FA68F86800932B00210019F0A8FB58
:1098400078E0934B1C6826203B181A788D4913004A
:109850009B009B189B00CB1802331B781D003B1804
:109860001A78884913009B009B189B00CB180C3377
:109870001B68FA68F86800932B00210019F088FB38
:1098800058E0844B1C6826203B181A787D49130049
:109890009B009B189B00CB1802331B781E003B18C3
:1098A0001A78784913009B009B189B00CB1804334F
:1098B0001B781D003B181A78724913009B009B18F7
:1098C0009B00CB180C331B68FA68F868019300956D
:1098D0003300210019F05CFB2CE06F4B1C68262044
:1098E0003B181A78674913009B009B189B00CB1804
:1098F00002331B781E003B181A78624913009B0044
:109900009B189B00CB1804331B781D003B181A785A
:109910005C4913009B009B189B00CB180C331B6801
:10992000FA68F868019300953300210019F030FBC4
:1099300000E0C04646E026243B191A7813009B003D
:109940009B189B004F4A9B18991D1423FB18042257
:10995000180019F0C4FC514B1D6820003B181A7800
:10996000484913009B009B189B00CB1803331B78BE
:109970005A1E4B4913005B009B189B00CB18083301
:109980001E683B181A783F4913009B009B189B00E8
:10999000CB1801331B785A1E13005B009B18414AF9
:1099A0009C187B69181CF9F733FA02000B00F96860
:1099B000F86802920393009433000A00290019F01A
:1099C000E7FAC04610E0384B1968384BFA68F86877
:1099D00019F0DEFA354B1800F6F7A0FB0200334B06
:1099E0000021180019F053FB26257B191A78254908
:1099F00013009B009B189B00CB180C331B682B4A51
:109A000011001800FDF790FB031EDCD1284B1A68EB
:109A1000FB681100180019F042FB184B1C78FB681A
:109A20001800F6F77BFB03009AB2F96801235B424A
:109A30000093322320000DF073FA2722BB18BA18C6
:109A4000127801321A707B191A787B1901321A7058
:109A5000184B1B782622BA1812789A4200D280E658
:109A6000154B1A68FB681100180019F030FC002330
:109A70001800BD460BB0F0BD209E0208F812002071
:109A8000A4010020E0130020A8010020AC01002068
:109A9000B0010020B4010020B8010020BC0100206A
:109AA00054020020248C0208C0010020141600205B
:109AB000C401002044140020C801002080B588B0F3
:109AC00000AFF860B9607A6000233B611F23FB1888
:109AD00000221A701023FA187B68012118000DF07B
:109AE000DBFD0300BB61BB69180017F0D0FE02006C
:109AF00017217B181A700A00BB181B78002B05D0A1
:109B0000184B1B78BA1812789A4203D91F23FB18F6
:109B1000FF221A701F23FB181B78002B16D1172366
:109B2000FB181B785A1E104913009B009B189B00C2
:109B3000CB18103301221A7008F0D2F80B4B1A68B8
:109B4000FB681100180019F0C2FB06E0084B1A6808
:109B5000FB681100180019F0BAFB00231800BD467D
:109B600008B080BD44140020E0130020CC01002088
:109B7000D001002080B588B000AFF860B9607A608D
:109B800000233B611F23FB1800221A701023FA18D0
:109B90007B68012118000DF07FFD0300BB61BB69EC
:109BA000180017F074FE020017217B181A700A00C3
:109BB000BB181B78002B05D0184B1B78BA181278ED
:109BC0009A4203D91F23FB18FF221A701F23FB1888
:109BD0001B78002B16D11723FB181B785A1E10492F
:109BE00013009B009B189B00CB18103300221A70A7
:109BF00008F076F80B4B1A68FB681100180019F092
:109C000066FB06E0084B1A68FB681100180019F0A3
:109C10005EFB00231800BD4608B080BD4414002040
:109C2000E0130020D4010020D801002090B589B0B5
:109C300000AFF860B9607A6000233B611F23FB1816
:109C400000221A701023FA187B68012118000DF009
:109C500023FD0300BB61BB69180017F018FE02006A
:109C600017217B181A700A00BB181B78002B05D02F
:109C70005F4B1B78BA1812789A4203D91F23FB183E
:109C8000FF221A701F23FB181B78002B00D096E0D0
:109C900017243B191B785A1E564913009B009B182A
:109CA0009B0000225A543B191B785A1E514913003D
:109CB0009B009B189B00CB18013300221A703B19A4
:109CC0001B785A1E13009B009B189B00494A9B1847
:109CD000023304220021180019F0D9F93B191B782E
:109CE0005A1E444913009B009B189B00CB1810334D
:109CF00000221A703B191B785A1E3E4913009B0024
:109D00009B189B00CB180C331B68180017F0D6FD6E
:109D100020003B181B785A1E364913009B009B18E5
:109D20009B00CB180C3300221A601E23FB183A1834
:109D300012781A7034E01E203B181A782D4913004F
:109D40009B009B189B005B5C002B23D001007B18C1
:109D50001B785A1E13009B009B189B00254A9818DD
:109D60000C007B181A7813009B009B189B00214A5B
:109D70009B181422190019F0B2FA3B191A78130033
:109D80009B009B189B001B4A9B1814220021180063
:109D900019F07DF91E217B181A787B1801321A7090
:109DA000134B1B781E22BA1812789A42C3D3104B59
:109DB0001B78013BDAB20E4B1A7007F091FF1F239C
:109DC000FB181B78002B07D10B4B1A68FB6811009E
:109DD000180019F07CFA06E0084B1A68FB681100BD
:109DE000180019F074FA00231800BD4609B090BDA0
:109DF00044140020E0130020DC010020E0010020DA
:109E000090B58BB000AFF860B9607A600023BB6199
:109E100000237B612723FB1800221A701823FA18ED
:109E20007B68012118000DF037FC03003B623B6AA0
:109E30001B785BB2702B09D13B6A0133180017F015
:109E40002CFD02002623FB181A7003E02723FB18C1
:109E500067221A701423FA187B68022118000DF08B
:109E60001BFC0300FB61FB691B785BB2702B09D103
:109E7000FB690133180017F010FD02002523FB18C1
:109E80001A7003E02723FB1867221A702722BB18D9
:109E90001B78002B0DD1BC182523FB181A7826231C
:109EA000FB181B7811001800FBF7D6FE0300237087
:109EB00003E02723FB1867221A702723FB181B785F
:109EC000002B0BD1124B19682623FB181A78252377
:109ED000FB181B78F86819F05BF813E02723FB18D0
:109EE0001B78672B07D10B4B1A68FB681100180011
:109EF00019F0EDF906E0084B1A68FB68110018002C
:109F000019F0E5F900231800BD460BB090BDC0461E
:109F1000E4010020E8010020EC01002090B58BB0A6
:109F200000AFF860B9607A600023BB6100237B61F9
:109F30002723FB1800221A701823FA187B680121C6
:109F400018000DF0A9FB03003B623B6A1B785BB273
:109F5000702B09D13B6A0133180017F09EFC0200F8
:109F60002623FB181A7003E02723FB1867221A70B8
:109F70001423FA187B68022118000DF08DFB0300F2
:109F8000FB61FB691B785BB2702B09D1FB69013364
:109F9000180017F082FC02002523FB181A7003E05A
:109FA0002723FB1867221A702722BB181B78002B67
:109FB0000DD1BC182523FB181A782623FB181B7813
:109FC00011001800FBF76EFE0300237003E0272347
:109FD000FB1867221A702723FB181B78002B0BD164
:109FE000124B19682623FB181A782523FB181B78B7
:109FF000F86818F0CDFF13E02723FB181B78672BB8
:10A0000007D10B4B1A68FB681100180019F05FF9B3
:10A0100006E0084B1A68FB681100180019F057F9A0
:10A0200000231800BD460BB090BDC046F0010020D3
:10A03000F4010020F8010020B0B58EB002AFF86046
:10A04000B9607A600023FB612F23FB1800221A708D
:10A050001823FB18A84A12781A700023BB621C232D
:10A06000FA187B68012118000DF016FB03007B62D3
:10A07000A24A7B6A11001800F6F746F8031E00D0CA
:10A08000B3E0BB6A002B05D19D4B1B78013B9D4A79
:10A09000D35CBB622E23FB1801221A709EE0984B02
:10A0A0001B782E243A1912789A4200D190E017F0CA
:10A0B0002FFE0300DAB218257B191A7079193B19A3
:10A0C0001878642300930A2301220CF029FF3B191E
:10A0D0001B7818000CF0D6FF03001B685B6ADAB22D
:10A0E00014217B181A707B191A787B181B789A42F6
:10A0F00004D12F23FB1800221A7003E02F23FB1832
:10A1000006221A702F23FB181B78002B18D17E4BC8
:10A1100019682E23FB181A78FB68180018F038FF0E
:10A12000774B1C78FB681800F5F7F8FF03009AB22C
:10A13000F968642300930A2320000CF0F1FE1CE070
:10A140002F23FB181B78062B17D1704B19682E2371
:10A15000FB181A78FB68180018F01AFF684B1C7877
:10A16000FB681800F5F7DAFF03009AB2F968642378
:10A1700000930A2320000CF0D3FE654B1A68FB689D
:10A180001100180019F0A3F85D4B1C78FB6818004B
:10A19000F5F7C4FF03009AB2F968642300930A2319
:10A1A00020000CF0BDFE02E0012010F0F5FB544B46
:10A1B0001B785A1EBB6A591C564813005B009B183B
:10A1C0009B01C3185B5C002BEED0BB6A0133BB6202
:10A1D0002E217B181A787B1801321A702E23FB1857
:10A1E0001B78052B00D85AE780E07B6A1B785BB2AE
:10A1F000702B00D073E07B6A0133180017F04DFB21
:10A20000020023243B191A703B191B78002B37D00E
:10A210003B191B78052B33D82F23FB181B78002BF9
:10A220001CD117F075FD0300DAB218217B181A70E3
:10A2300079183B19187864230093322301220CF01B
:10A240006FFE2E23FB181B7818000CF01BFF030079
:10A250001B685B6ADAB21423FB181A701823FB1808
:10A260001A781423FB181B789A4204D12F23FB1869
:10A2700000221A7008E02F23FB1806221A7003E050
:10A280002F23FB1866221A702F23FB181B78002B34
:10A2900009D11D4B19682323FB181A78FB68180095
:10A2A00018F076FE22E02F23FB181B78662B07D1CF
:10A2B000194B1A68FB681100180019F008F815E02E
:10A2C0002F23FB181B78062B10D1104B1968232362
:10A2D000FB181A78FB68180018F05AFE06E00F4BBE
:10A2E0001A68FB681100180018F0F1FF002318002D
:10A2F000BD460CB0B0BDC046309E02082C9C020882
:10A30000F8120020981A0020FC0100200002002012
:10A3100004020020A0160020080200200C020020E9
:10A32000B0B58CB000AFF860B9607A600023BB6153
:10A3300000237B612B23FB1800221A7000233B6152
:10A340001823FA187B68012118000DF0A5F9030005
:10A350007B621423FA187B68022118000DF09CF927
:10A3600003003B627B6A1B785BB2322B04D07B6AB2
:10A370001B785BB2332B57D17B6A180017F08DFA2C
:10A3800002001F23FB181A702D4A3B6A11001800A7
:10A39000F5F7BAFE031E07D02A4A3B6A11001800DF
:10A3A000F5F7B2FE031E37D1254A3B6A11001800AB
:10A3B000F5F7AAFE031E02D1214BFB6209E0204AF9
:10A3C0003B6A11001800F5F79FFE031E01D11D4BDB
:10A3D000FB62FA6A1F243B191B78110018000BF06E
:10A3E00085F910257A19F96A3B191B7818000BF0CA
:10A3F000D3F97A19FB681100180018F068FF3B695F
:10A40000181CF6F7EDF803009BB21A000E49FB6822
:10A41000180018F0BDFD0EE00C4B1A68FB68110027
:10A42000180018F054FF06E0094B1A68FB68110089
:10A43000180018F04CFF00231800BD460CB0B0BD4A
:10A44000349E0208389E0208409E02081002002036
:10A450001402002090B587B000AFF860B9607A6050
:10A4600000237B6100233B611023FA1814243B195D
:10A47000110018000BF016FA3A19FB6811001800C9
:10A4800018F025FF7B69181CF8F7C2FC02000B00CE
:10A490000449F86818F07CFD00231800BD4607B099
:10A4A00090BDC046509E020890B587B000AFF860DE
:10A4B000B9607A6000237B6100233B611023FA18A6
:10A4C00014243B19110018000BF0ECF93A19FB6841
:10A4D0001100180018F0FBFE3B69181CF8F798FCF7
:10A4E00002000B000449F86818F052FD0023180020
:10A4F000BD4607B090BDC046749E020880B58AB0C4
:10A5000000AFF860B9607A600023BB612723FB18B5
:10A5100000221A7000237B611823FA187B6801213E
:10A5200018000DF0B9F803003B623B6A1B785BB280
:10A53000322B04D03B6A1B785BB2332B1AD13B6AB7
:10A54000180017F0AAF902001F217B181A701423B3
:10A55000FA187B181B78110018000BF09BFA7B6926
:10A56000181CF8F755FC02000B000849F86818F0B1
:10A570000FFD06E0064B1A68FB681100180018F082
:10A58000A6FE00231800BD460AB080BD9C9E0208AE
:10A5900018020020B0B586B000AFF860B960BB1DEE
:10A5A0001A8017257C19FB68180007F0BBFF030011
:10A5B00023707B191B78204AD35C002B0BD07B19AE
:10A5C0001B781D4AD35C012B05D07B191B781A4AD6
:10A5D000D35C032B22D117243B191B78180008F0F9
:10A5E0003BFA20003B181B785A1E144B9200B968A6
:10A5F000D1503B181B78104A0221D1543B181B78CC
:10A600005A1E0F4B92000021D150BB1D1A88B96809
:10A61000FB68180008F08EF9002309E01723FB18E7
:10A620001B78054AD35C022B01D1172300E01723C6
:10A630001800BD4606B0B0BD70100020A01A002062
:10A64000B41A002080B500AF0B4B1B6808221A62B9
:10A650000A4B1B6808221A62094B1B6808221A62FF
:10A66000084B1B6808221A62074B1B6808221A62F3
:10A67000C046BD4680BDC046C41F002058200020F3
:10A68000EC20002014220020A822002080B58CB0ED
:10A6900002AFFA239A00694969486A4B0193032380
:10A6A000009300230EF0B5F9FA239A006649674833
:10A6B000674B01930323009300230EF0AAF9FA23BA
:10A6C0009A0064496448654B019303230093002377
:10A6D0000EF09FF9FCF7E6FEFA239A006049614804
:10A6E000614B01930323009300230EF092F9FA23A8
:10A6F0009A005E495E485F4B019304230093012357
:10A700000EF087F9FA239A005B4959485B4B019395
:10A710000423009302230EF07CF9FA239A0058498F
:10A720005348584B01930423009303230EF071F90F
:10A73000FA239A0054494E48544B01930423009342
:10A7400004230EF066F9FA239A0051494848514B08
:10A7500001930423009305230EF05BF900237B6231
:10A760002423FB18012118000CF02AFE02004A4B9A
:10A770005A6000233B622023FB18012118000CF0D3
:10A780001FFE0200454B5A600023FB611C23FB188F
:10A79000012118000CF014FE02003F4B9A600023C8
:10A7A000BB611823FB18012118000CF009FE020000
:10A7B0003A4B9A6000237B611423FB180121180097
:10A7C0000CF0FEFD0200344BDA6000233B611023E5
:10A7D000FB18012118000CF0F3FD02002F4BDA608A
:10A7E0000023FB600C23FB18012118000CF0E8FD8E
:10A7F0000200294B1A610023BB600823FB180121CA
:10A8000018000CF0DDFD0200244B1A6100237B6070
:10A810003B1D012118000CF0D3FD02001E4B5A61B4
:10A8200000233B603B00012118000CF0C9FD020031
:10A830001A4B5A61C046BD460AB080BDD4A7020873
:10A84000A1A80008241C0020E0A7020879BE000887
:10A850002C1C0020ECA702087B180208281C0020F2
:10A86000F8A70208255F0008301C002000A8020895
:10A87000D1C60008341C00200CA80208381C002097
:10A8800018A802083C1C002024A80208401C002034
:10A8900030A80208441C0020481C0020641C002032
:10A8A00080B582B000AF78603D4B1B78032B2FD072
:10A8B00043DC012B02D0022B15D03EE0A023DB05A8
:10A8C00001224021180012F094FAC8200CF064FD17
:10A8D000A023DB0500224021180012F08AFA304B39
:10A8E00000221A702AE0A023DB0501224021180073
:10A8F00012F07FFA64200CF04FFDA023DB0500224C
:10A900004021180012F075FA254B00221A7015E04C
:10A91000A023DB0501224021180012F06AFA1E2054
:10A920000CF03AFDA023DB0500224021180012F0B4
:10A9300060FA1B4B00221A7000E0C04609F06EFB63
:10A94000FCF730FD00F036F8164B1B78002B15D0C5
:10A9500007F01CF9134B00221A70A023DB0501221B
:10A960004021180012F045FAC82010F015F8A02375
:10A97000DB0500224021180012F03BFA0A4B1800B8
:10A9800012F0C2FA094B1B7801225340DBB2002BB4
:10A9900002D0074B00221A700DF0EAF884E7C04697
:10A9A0006C1000201E1C0020C82D0020BA2B002097
:10A9B000BB2B0020B0B500AFD84B1B68032B00D0D9
:10A9C00043E2D64B00221A60D54B00221A70D54BB9
:10A9D00020221A70D44B00221A70D44B03221A7012
:10A9E00064200BF06BFECF4B1A78D04B1B789A4249
:10A9F00011D0CD4B1B785A1CD1B2CB4A11701A0022
:10AA0000C84B1978CA4B9954C64B1A78C74B1A7061
:10AA1000C44B03221A70C54B1B78202B0BD0C34BA1
:10AA20001B78002B07D0BE4B1B78012B03D0BC4BEF
:10AA30001B78022BD1D1BA4B1B78002B00D0EBE056
:10AA4000B94B00221A70BA4B1B785B2B59D1B64B0D
:10AA50001B780133DAB2B44B1A70B34B1B781A006F
:10AA6000B34B9B5C0A211800F5F7FAFB0B00DAB236
:10AA7000B04B1B789A4214D1AB4B1B780133DAB23E
:10AA8000A94B1A70A84B1B781A00A94B9B5C0A2192
:10AA90001800F5F7E5FB0B00DAB2A74B1A70C046B9
:10AAA0000CE0A14B1B780233DAB29F4B1A70D4E74B
:10AAB0009D4B1B780133DAB29B4B1A709A4B1B7873
:10AAC0001A009B4B9B5C5D2BF2D1974B1B7801339B
:10AAD000DAB2954B1A70994B01221A70974B1B787A
:10AAE0001A00954BD018904B1B781A00904BD11838
:10AAF0008D4B1B781A0014239B1A1A0018F0EFFBD9
:10AB000060E08B4B1B78232B22D1894B5B780A2189
:10AB10001800F5F7A5FB0B00DAB2874B1A70824BD1
:10AB200002221A70854B01221A70844B1B781A007E
:10AB3000814BD0187C4B1B781A007D4BD1187A4B77
:10AB40001B781A0014239B1A1A0018F0C8FB39E06E
:10AB5000774B1B783D2B35D1754B5B780A2118005C
:10AB6000F5F77EFB0B00DAB2724B1A70704B9B78D4
:10AB70000A211800F5F774FB0B00DAB2704B1A705B
:10AB80006B4BDB780A211800F5F76AFB0B00DAB291
:10AB9000694B1A70644B04221A70684B01221A70B8
:10ABA000664B1B781A00644BD0185F4B1B781A0059
:10ABB0005F4BD1185C4B1B781A0014239B1A1A00A8
:10ABC00018F08DFB5C4B1A785E4B1A705D4B1B784E
:10ABD0001A0013001B019B1A5B4A9B180F220021CD
:10ABE000180018F054FA574B1B781A0013001B0179
:10ABF0009B1A554A9B1850490F22180018F06FFBFA
:10AC00004B4B14220021180018F041FA4A4B142231
:10AC10000021180018F03BFA414B1B78012B6ED134
:10AC20004A4B00221A704A4B01221A70494B0022EB
:10AC30001A7032E0474B1B781900454B1B785A1CA1
:10AC4000D0B2434A10701C00404B1B785A1CD0B243
:10AC50003E4A107018003C4A0B001B015B1AD318C7
:10AC60001A5D3D4B1A5401200FF096FE374B1B78AE
:10AC7000013B394AD35C002B06D0344B1B78013B97
:10AC8000354AD35C202BD5D1324B1B780133DAB255
:10AC9000304B1A702E4B01221A702E4B1A78284B0B
:10ACA0001B789A42C6D11E4B00221A70294B0022F3
:10ACB0001A702A4B00221A7017E0284B1B781A00D2
:10ACC000264B1B781800244B995C254AC0235B0057
:10ACD0001218D3180A1C1A7001200FF05DFE1F4BCA
:10ACE0001B780133DAB21D4B1A701C4B1B783F2BBB
:10ACF000E3D9194B40220021180018F0C8F9084B7D
:10AD00001B78022B00D065E6104B00221A70104B06
:10AD100001221A700F4B00221A7056E00C0A002014
:10AD2000110A0020100A00201B1C0020141C002007
:10AD3000741B0020161C0020881B00201C1C0020F7
:10AD4000151C00201A1C00209C1B0020171C002032
:10AD5000181C0020191C0020341B00201D1C002082
:10AD6000A01600203A4B1B7819003A4B1B785A1C4E
:10AD7000D0B2384A10701C00374B1B785A1CD0B226
:10AD8000354A10701800354A0B001B015B1AD318A6
:10AD90001A5D334B1A5401200FF0FEFD2E4B1B7829
:10ADA000013B2F4AD35C002B06D02B4B1B78013B79
:10ADB0002B4AD35C202BD5D1254B1B780133DAB23B
:10ADC000234B1A70234B01221A70214B1A78254B02
:10ADD0001B789A42C6D11E4B00221A7024E0224BE7
:10ADE00000221A7017E0204B1B781A001E4B1B78AC
:10ADF00018001B4B995C1D4AC0235B001218D31826
:10AE00000A1C1A70C8200BF059FC174B1B78013331
:10AE1000DAB2154B1A70144B1B783F2BE3D9144B45
:10AE20001B6818000FF0B8FD124B1B78002BD6D111
:10AE30000B4B40220021180018F029F90E4BC022BC
:10AE40000021180018F023F9C4E5C046BD46B0BD86
:10AE5000191C0020181C0020171C00209C1B00201F
:10AE6000341B0020151C00201D1C0020A0160020F3
:10AE70000C0A0020110A00202018002080B500AF25
:10AE8000064B1B6806491800F5F764F903001A0021
:10AE9000044B1A60C046BD4680BDC0469C020020DF
:10AEA00010270000201C002080B588B000AF1E4B8A
:10AEB0001B68FA2291001800F5F74CF90300013BDA
:10AEC0007B611A4B3B611A4BFB608023DB04BB6048
:10AED0003B691B687A69D31AFB610EF0D3F8030053
:10AEE000BB61FB681B68BA68134007D0BB690133BC
:10AEF000BB613B691B687A69D31AFB61BA691300AD
:10AF00009B009B185B007B600A4B1B681900F8696B
:10AF1000F5F720F903001A007B689B187B607B68BB
:10AF20001800BD4608B080BD9C02002018E000E07B
:10AF300004ED00E0201C0020B0B588B002AFB9607D
:10AF40007A6019000F23FB18021C1A700E203B18A0
:10AF50000A1C1A7000237B6101007B181A782823D1
:10AF6000FB181B789A4207D17B181B781A008D4B6F
:10AF700002219954672310E10E23FB181B78002B44
:10AF800004D02823FB181B78002B01D1672304E190
:10AF90000F23FB181B78002B39D10E23FB181B78CD
:10AFA00018000CF06FF804002823FB181B78180019
:10AFB0000CF068F80300012219002000FFF7EAFAFC
:10AFC0000300172B01D11723E7E07A6813005B0118
:10AFD0009B1A9B009B18DB001A00FA2399001000B3
:10AFE000F5F7B8F8030019000E243A196E486F4BB4
:10AFF0000093130000220FF01DF903007B613B1941
:10B000001B785A1E6A4B9200B968D150B6E00F23E4
:10B01000FB181B78012B39D12823FB181B7818004B
:10B020000CF030F804000E23FB181B7818000CF00D
:10B0300029F80300012219002000FFF7ABFA0300F2
:10B04000172B01D11723A8E07A6813005B019B1A24
:10B050009B009B18DB001A00FA2399001000F5F7FB
:10B0600079F8030019002823FB184F484F4A009233
:10B0700000220FF0DFF803007B610E23FB181B7822
:10B080005A1E4B4B9200B968D15077E00F23FB1842
:10B090001B78022B70D10E23FB181B7818000BF0C5
:10B0A000F1FF04002823FB181B7818000BF0EAFFBF
:10B0B0000300012219002000FFF76CFA0300172B90
:10B0C00001D1172369E07A6813005B019B1A9B008A
:10B0D0009B18DB001A00FA2399001000F5F73AF8E4
:10B0E000030019000E257A192F48304B00931300E6
:10B0F00000220FF09FF803007B617B191B785A1E1A
:10B100002B4B9200B968D1502823FB181B781800EC
:10B110000BF0B8FF04007B191B7818000BF0B2FF8E
:10B120000300012219002000FFF734FA0300172B57
:10B1300001D1172331E07A6813005B019B1A9B0051
:10B140009B18DB001A00FA2399001000F5F702F8AB
:10B150000300190028243B191348144A00920022C6
:10B160000FF068F803007B613B191B785A1E104BE7
:10B170009200B968D15001E067230EE07B69002B93
:10B180000AD00DF071FF0200786901235B42009341
:10B19000002301210FF09EF800231800BD4606B0E1
:10B1A000B0BDC0467010002044A80208B5B1000828
:10B1B000C81A002080B584B000AF78600023FB601F
:10B1C0007B6818000FF04FFB0300FB60FB68DBB2ED
:10B1D000180007F0E3FBFB68DBB2180007F064FC23
:10B1E000C046BD4604B080BDB0B586B002AF020017
:10B1F000FB1D1A700F257B1900221A70154B0022B7
:10B200001A70FB1D1B785A1E0E24391912481300A0
:10B21000DB009B1ADB001B5C0B7020003B181B78CB
:10B220005A1E0D243B190D498A5C1A70FB1D1B78B0
:10B230009BB23A1811783A191078009300230A004B
:10B24000002100F027F97B191B781800BD4604B0D7
:10B25000B0BDC046D41000206C110020880A002028
:10B2600080B586B002AF0200FB1D1A70BB1D0A1C20
:10B270001A700F23FB1800221A70134B00221A7049
:10B28000124BFA1D12781A70FB1D1B78FF2B0AD186
:10B29000BB1D1B789BB200930023FF2200210020DE
:10B2A00000F0F8F809E0BB1D1B789BB20093002367
:10B2B000FE220021002000F0EDF80F23FB181B7880
:10B2C0001800BD4604B080BDD4100020A2000020AC
:10B2D00080B582B000AF0200FB1D1A70FB1D1B7809
:10B2E000052B2CD89A00184BD3181B689F46174B78
:10B2F00018680023022200210EF000FE20E0144B0B
:10B3000018680023022200210EF0F8FD18E0114B0E
:10B3100018680023022200210EF0F0FD10E00E4B11
:10B3200018680023022200210EF0E8FD08E00B4B14
:10B3300018680023022200210EF0E0FD00E0C04664
:10B34000C046BD4602B080BD50A80208341C002093
:10B35000381C00203C1C0020401C0020441C002005
:10B36000B0B584B002AF05000C0010001900FB1D41
:10B370002A1C1A70BB1D221C1A703B1D021C1A804D
:10B38000BB1C0A1C1A80184B01221A70174BBA1DDD
:10B3900012781A70BB1D1B78FF2B0CD13B1D1A882D
:10B3A000FB1D1978BB1C1B8800931300FF22002093
:10B3B00000F070F80BE03B1D1A88FB1D1978BB1CD0
:10B3C0001B8800931300FE22002000F063F8BB1CD2
:10B3D0001A88074B0021180017F059FE00231800A7
:10B3E000BD4602B0B0BDC046D4100020A20000206F
:10B3F000C412002090B587B002AF0400080011000D
:10B40000FB1D221C1A703B1D021C1A80BB1C0A1C4F
:10B410001A800F23FB1800221A700E217B180022BD
:10B420001A70FB1D1B78FF2B1DD0FB1D1B785A1EAD
:10B4300008007B1814498A5C1A70144B19783B1D5C
:10B440001C88FB1D1A783B181878BB1C1B880093BE
:10B45000230000F01FF8BB1C1A880D4B00211800B8
:10B4600017F015FE09E0094B1878BB1C19883B1D25
:10B470001A880B00FF21FFF773FF0F23FB181B78BF
:10B480001800BD4605B090BD880A0020A10000202C
:10B49000C4120020B0B588B002AF05000C00100047
:10B4A0001900FB1D2A1C1A70BB1D221C1A707B1D63
:10B4B000021C1A70BB1C0A1C1A800F23FB180022E6
:10B4C0001A701723FB1800221A701623FB1800228B
:10B4D0001A700E23FB1800221A701523FB18002285
:10B4E0001A70FB1D1B78002B03D17B1D1B78002BD2
:10B4F00017D0FB1D1B78002B07D17B1D1B78FF2B62
:10B5000003D07B1D1B78FE2B0BD1FB1D1B78002B62
:10B5100009D0BB1D1B78002B05D07B1D1B78002B91
:10B5200001D16723F7E200200DF030FC0300BB607F
:10B53000052100200DF044FCD14B48221A70D04B5D
:10B540005A225A70FB1D1B78002B0BD1BB1D1B7898
:10B55000002B07D17B1D1B78FF2B07D07B1D1B7891
:10B56000FE2B03D0BB1C1B88002B18D128203B18B6
:10B570001B885A1E17243B19C2498A5C1A703B1853
:10B580001B885A1E1300DB009B1ADB00BE4A991869
:10B590003B191A78BD4B180017F0A1FECBE1BB1D7B
:10B5A0001B78002B03D1BB1DB94A12781A70BB1C43
:10B5B0001B88FF2B03D91523FB1801221A70B04BEF
:10B5C0001722BA1812789A70AD4B7A1D1278DA7079
:10B5D000AB4BBA1D12781A71AE4B1B785AB2AD4BF9
:10B5E0001B791B015BB213435AB2AA4B5B789B00D9
:10B5F0005BB213435AB21523FB181B785B005BB296
:10B6000013435AB20E217B181B785BB213435BB213
:10B61000DAB29B4B5A717B181B78002B05D016228F
:10B62000BB18BA18127801321A7016203B181B7812
:10B630000633BA1C1288D1B2914AD1541523FB1893
:10B640001B78002B0ED03B183A18127801321A7072
:10B65000BB1C1B881B0A9AB23B181B780633D1B25D
:10B66000874AD15428243B191B882E2B1BD816251A
:10B670007B191B78DA1D824BD018874B1B881A0068
:10B68000864BD1183B191B881A0017F028FE3B196E
:10B690001B88DAB27B191B78D318DAB21723FB1890
:10B6A00004321A706BE0764B5B798022524213436E
:10B6B000DAB2734B5A717A4A28217B181B8813809F
:10B6C0007B182E221A8056E0754B1A8828257B1984
:10B6D0001B88934222D8BB1C1C887B1D1A78BB1D7B
:10B6E0001978FB1D18787B191B8800932300FFF73E
:10B6F000D1FE0A200BF050FE694B1A8829007B19F5
:10B700001B88D31A9AB2664B1A80634B1A887B182F
:10B710001B88D3189AB2604B1A802CE0584B5B7987
:10B720007F221340DAB2564B5A7128243B195C4AE7
:10B7300012881A8016257B191B78DA1D504BD018F9
:10B74000554B1B881A00554BD1183B191B881A0002
:10B7500017F0C5FD504B00221A80514B00221A8071
:10B760003B191B88DAB27B191B78D318DAB217237E
:10B77000FB1804321A704A4B1B88002BA4D1494B8A
:10B780001B78002B00D1D6E01423FB1800221A707E
:10B79000454B1B78FF2B52D01223FB1801221A8035
:10B7A00035E012203B181B885A1E404B5200D35ADA
:10B7B0001A003D4B1B781A4113000122134020D080
:10B7C00014217B187A18127801321A7028243B1938
:10B7D0001A887B181B78D3182C2B10DC1623FB1827
:10B7E0001B78DA1D3B191B88D2187B181B78D318DD
:10B7F000013B3A181288D1B2214AD15401E06923A1
:10B8000089E112217B181A887B1801321A80284B93
:10B810001B781A001223FB181B889342C1D91623E8
:10B82000FB181B78DA1D2823FB181B88D21814215B
:10B830007B181B78D318124A79180978D1541A4BFF
:10B840001B78FF2B16D128217B181B882C2B11D895
:10B85000184B1B780133DAB2164B1A701623FB18FB
:10B860001B78DA1D7B181B88D318124A1178044AFA
:10B87000D1544AE00C4B1B78FF2B1DD169234AE1C0
:10B8800084120020BC1200206C11002087120020BE
:10B89000A100002048100020EA1C0020C412002053
:10B8A000EC1C0020D4100020A20000206811002011
:10B8B000A0000020F7120020994B1B78FF2B1ED010
:10B8C00028217B181A8814203B181B78D3182B2B9F
:10B8D00015DC944B1B780133DAB2924B1A701623A5
:10B8E000FB181B78DA1D7B181B88D2183B181B78B5
:10B8F000D31801338B4A11788B4AD15405E0884B19
:10B900001B78FF2B01D0692305E1854B1B78FF2BAA
:10B9100006D11722BB18BA18127801321A700AE041
:10B920001423FA1817217B1812781B78D318DAB26F
:10B930007B1802321A707C4B17243A1912789A70CD
:10B940003B191B7803331A007749784B180017F01E
:10B95000C6FC21007B181B789BB203339AB27B187C
:10B960001B78DC1C714B1100180007F04FFA030024
:10B970001A006D4B1A556D4B38220021180017F034
:10B9800086FB7B1D1B78FF2B5FD07B1D1B78FE2B5E
:10B990005BD0BB1C1B882C2B03D0BB1C1B882D2B06
:10B9A0000FD11723FB181B789BB204339AB25E4960
:10B9B000FB1D18787B1D1B7800933223F7F774FB6F
:10B9C0003CE01123FB1800221A702DE017243B19CC
:10B9D0001B789BB204339AB25349FB1D18787B1D28
:10B9E0001B7800933223F7F75FFBC8200BF0D4FCE1
:10B9F0004F4B1B78002B20D14E4B1B78002B0DD0CA
:10BA00003B191B789BB204339AB24749FB1D187847
:10BA10007B1D1B7800933223F7F746FB11217B181F
:10BA20001A787B1801321A701123FB181B789AB20E
:10BA3000414BDB889A42C9D300E0C0463C4B002210
:10BA40001A703C4B00221A705AE0BB1C1B88002B5A
:10BA500007D1BB1D1B78002B03D1BB1D324A1279C5
:10BA60001A70BB1D1B781800F8F746FD1023FB1851
:10BA700001221A703FE0314B1B785A1E304B5200A6
:10BA8000D35A1A0010203B181B78013B1A411300AF
:10BA90000122134023D017243B191B789BB2043397
:10BAA0009AB221493B1818787B1D1B7800933223EA
:10BAB000F7F7FAFAC8200BF06FFC1E4B1B78002B2F
:10BAC0000DD03B191B789BB204339AB21649FB1D6B
:10BAD00018787B1D1B7800933223F7F7E5FA154B96
:10BAE00000221A700A200AF0E9FD10217B181A784A
:10BAF0007B1801321A701023FB181B78052BBAD95A
:10BB0000BB68190000200DF05BF90E4B02221A7081
:10BB10000F23FB181B781800BD4606B0B0BDC04609
:10BB2000A2000020F712002084120020601A0020DA
:10BB30006D1000206E10002048100020A100002091
:10BB4000A0100020F6120020F0B58BB006AF050063
:10BB50000C0010001900FB1D2A1C1A70BB1D221CB2
:10BB60001A707B1D021C1A703B1D0A1C1A700B24D4
:10BB70003B1900221A700F23FB1800221A700E23A3
:10BB8000FB1800221A700D23FB1800221A70AE4B0E
:10BB90001B78BA1D12789A4248D0FB6A1B0EDAB2A3
:10BBA000AA4B1A70FB6A1B0CDAB2A84B5A70FB6ADC
:10BBB0001B0ADAB2A54B9A70FB6ADAB2A34BDA70B1
:10BBC0003B6B1B0EDAB2A14B1A713B6B1B0CDAB24A
:10BBD0009E4B5A713B6B1B0ADAB29C4B9A713B6BC2
:10BBE000DAB29A4BDA71994A202308215B18DB19E3
:10BBF0001B781372954BFA1D12785A72934B3A1DAB
:10BC000012789A72914B7A1D1278DA722C235B1893
:10BC1000DB191A788D4B1A73BB1D1B780D221C2162
:10BC20001800FFF7E7FB3B191B7808E10C23FB1812
:10BC300000221A70B6E03B1D1A78BB1D1B7811005C
:10BC40001800F8F727FE0C217B181B78804AD35C7C
:10BC5000002B00D1A0E07B181B7801337C4AD35C19
:10BC6000002B10D07B181B78794AD05C7B181B788E
:10BC70000133774AD35C0E22BC181900F8F70AFE8C
:10BC8000030023700EE00C23FB181B78704AD25C73
:10BC90000E23FC18BB1D1B7819001000F8F7FAFDE5
:10BCA000030023703B1D1A78BB1D1B781100180080
:10BCB000F8F7F0FD0C23FB181B78654AD35C3A1D9E
:10BCC00012789A4205D10D23FB187A1D12781A704A
:10BCD00010E00C217B181B785D4AD05C7B181B7828
:10BCE000013B5B4AD35C0D22BC181900F8F7D2FD6A
:10BCF00003002370FB6A1B0EDAB2544B1A70FB6A06
:10BD00001B0CDAB2514B5A70FB6A1B0ADAB24F4B6A
:10BD10009A70FB6ADAB24D4BDA703B6B1B0EDAB2EB
:10BD20004A4B1A713B6B1B0CDAB2484B5A713B6B96
:10BD30001B0ADAB2454B9A713B6BDAB2434BDA71AC
:10BD4000424A202308215B18DB191B7813723F4BF2
:10BD50000E22BA1812785A723C4B0D22BA18127879
:10BD60009A722C235B18DB191A78384BDA723B1D58
:10BD70001A78BB1D1B7811001800F8F78BFD0C23F7
:10BD8000FB181B78324AD35C0C221B211800FFF7EA
:10BD900031FB0A200BF000FB0C217B181A787B1872
:10BDA00001321A700C23FB181B78012B00D842E7D4
:10BDB000BA1D3B1D12781B789A4205D10F23FB1840
:10BDC0007A1D12781A700BE00F23FC183B1D1A78AD
:10BDD000BB1D1B7811001800F8F75CFD03002370F1
:10BDE000FB1D1C783A6BF96A202508202B18DB19FB
:10BDF00018780F26BB191B7800932300FFF79CF8D7
:10BE00002C2308201B18DB191B78002B14D0FB1DDA
:10BE10001C783A6BF96A2B18DB1918780023049305
:10BE2000002303930023029300230193BB191B7883
:10BE300000932300F8F73EF80B23FB181B7818003B
:10BE4000BD4605B0F0BDC046A1000020C4120020D0
:10BE5000E81C002080B500AFBFF34F8FC046044BF5
:10BE6000044ADA60BFF34F8FC046C046FDE7C046C4
:10BE700000ED00E00400FA05F0B58BB000AF78608B
:10BE80001423FB1800221A6000221A710C23FB18DD
:10BE900000221A6000221A71D34B00221A7000F09F
:10BEA000F8FB1F23FB18D04A12781A70CE4B1B7870
:10BEB0001A00CE4B9200D3581B68DBB2CA4A1278E4
:10BEC000110040225242D31ADAB2C94B5A54C64B1F
:10BED0001B781A00C64B9A5CC34B1B781900C54BE4
:10BEE0005B5C9A4200D11FE2BF4B1A781E243B19BB
:10BEF00001321A703B191B785A1EBB4B1B78190074
:10BF0000BC4B5B5C1800BC4913005B009B189B0199
:10BF1000CB181B5C0D2B47D13B191B78B74AD35C60
:10BF2000002B41D100237B620DE0B44A7B6AD31819
:10BF30001B78032B04D1B14A7B6AD31800221A70F4
:10BF40007B6A01337B627B6A052BEEDD1E203B188A
:10BF50001B78AA4A0321D154A94B3A1812781A70B7
:10BF60003B181B785A1EA04B1B781900A14B5B5C39
:10BF70001800A14913005B009B189B01CB181A5CA9
:10BF8000A04B1A70A04B18680023022200210DF06C
:10BF9000B5FF9E4B1B78012B02D19D4B01221A70DD
:10BFA0009A4B01221A70A9E11E217B181B78934A33
:10BFB000D35C032B15D17B181B785A1E8A4B1B7838
:10BFC00019008C4B5B5C18008B4913005B009B18BD
:10BFD0009B01CB181A5C8B4B1A708D4B01221A7087
:10BFE0008CE11E243B191B785A1E7F4B1B781900CD
:10BFF000804B5B5C1800804913005B009B189B0121
:10C00000CB181B5C482B0BD13B191B787B4AD35CAC
:10C01000002B05D13B191B78784A0721D1546DE1DB
:10C020001E243B191B785A1E6F4B1B781900714B4D
:10C030005B5C1800704913005B009B189B01CB18D8
:10C040001B5C5A2B0BD13B191B786C4AD35C072B1A
:10C0500005D13B191B78694A0821D1544EE11E24B1
:10C060003B191B785A1E604B1B781900614B5B5CB7
:10C070001800614913005B009B189B01CB181B5CE7
:10C080005A2B0BD03B191B785C4AD35C072B05D18C
:10C090003B191B78594A0021D1542FE11E26BB19A8
:10C0A0001B78564AD35C082B4CD1BB191B78534ADA
:10C0B0000121D154BB191B785A1E4B4B1B78190018
:10C0C0004C4B5B5C1D001F243B1919783B191B78F6
:10C0D0005048C35C1C00484813005B009B189B0140
:10C0E000C3185D5D4C482300DB001B1BDB000A000E
:10C0F00092005218D100891ACA0011005B18C318A7
:10C1000002332A1C1A701F243B191B780C22BA1800
:10C110000321D154BB191B785A1E334B1B781900CD
:10C12000344B5B5C1800344913005B009B189B0187
:10C13000CB181A5C3B191B780132D1B21422BA1801
:10C14000D154DBE01E217B181B782C4AD35C012BD9
:10C1500000D0D3E01F203B181B781422BA18D35C00
:10C16000012B5BD97B181B785A1E1F4B1B781900BB
:10C17000204B5B5C1E003B18197805003B181B78B0
:10C180002448C35C1C007B191B780C257819C35C00
:10C190001D00194813005B009B189B01C3189E5D8E
:10C1A0001D482300DB001B1BDB000A009200521815
:10C1B000D100891ACA0011005B18C318321C5A55E5
:10C1C0001F203B181B780C243A19D25C0132D1B2E3
:10C1D0003A19D1543B181B7814203A18D25C013A12
:10C1E000D1B23A18D15489E0451000202C1000201B
:10C1F0001C10002024100020A01600207010002029
:10C20000F812002044100020301C00208A0A002070
:10C210008B0A0020940A00209C0A00201E23FB1891
:10C220001B785A1E9E4B1B7819009E4B5B5C1E00B0
:10C230001F257B1919787B191B789B48C35C1C0050
:10C240007B191B780C203818C35C1D00974813001D
:10C250005B009B189B01C3189E5D95482300DB0083
:10C260001B1BDB000A0092005218D100891ACA0079
:10C2700011005B18C318321C5A551F203B181B783D
:10C280000C243A19D25C0132D1B23A19D1543B187C
:10C290001B7814243A19D25C013AD1B23A19D1541C
:10C2A0003B181B78804AD25C0132D1B27E4AD1540D
:10C2B0003B181B787C4AD35C052B04D13B181B78B8
:10C2C000794A0021D1547B4B1B7819007A4B1E22EE
:10C2D000BA1812785A54774B1B780133DAB2754B7F
:10C2E0001A70744B1B78052B02D1724B00221A7006
:10C2F0001E23FB181B78714A0021D154684B1B7810
:10C30000684AD25C0132D1B2664AD154644B1B7880
:10C310001A00644B9B5CC02B18D1614B1B781A0030
:10C32000604B0021995411E05D4B1B781A00644B5F
:10C330009A5C5B4B1B7819005A4B5B5C9A4205D1A7
:10C34000574B1B780133DAB2554B1A70594B1A7898
:10C350005C4B1B789A4200D199E15A4B1B7819002B
:10C360001E203B18544A525C1A701F257B193A183C
:10C370001278013A1A707B1919787B191B78524A86
:10C38000D35C1A004A481300DB009B1ADB000A004A
:10C3900092005218D100891ACA0011005B18482275
:10C3A0001A547B1919787B191B78474AD35C1A00F9
:10C3B0003F481300DB009B1ADB000A009200521872
:10C3C000D100891ACA0011005B18C31801335A2220
:10C3D0001A707B1919787B191B783B4AD35C1A00B9
:10C3E0001D23F818324C1300DB009B1ADB000A00F7
:10C3F00092005218D100891ACA0011005B18E31884
:10C4000002331B7803702C003B1919783B191B78F9
:10C410002D4AD35C1A0026481300DB009B1ADB0070
:10C420000A0092005218D100891ACA0011005B1844
:10C430001A5C264B1A703B1919783B191B78224A53
:10C44000D35C1A001A481300DB009B1ADB000A00B9
:10C4500092005218D100891ACA0011005B18C31843
:10C4600001331A78194B5A703B1919783B191B780C
:10C47000154AD35C1A000E481300DB009B1ADB0040
:10C480000A0092005218D100891ACA0011005B18E4
:10C49000C31802331A780D4B9A7000233B6237E0C1
:10C4A0004510002024100020940A0020A01600202F
:10C4B0009C0A00201A100020141000207010002088
:10C4C0001C100020191000208C0A0020481D00209C
:10C4D0001F22BB181978BB181B78724AD35C1A004C
:10C4E0003B6ADC1C3B6AD81C6F4D1300DB009B1AB7
:10C4F000DB000A0092005218D100891ACA0011000C
:10C500005B18EB181A5D694B1A543B6A01333B62A6
:10C510001D26BB191B783A6A9A42D9DBBB191B78D6
:10C520009BB203339AB21C23FC18604B1100180015
:10C5300006F06CFC030023705D4B1B8801339AB23C
:10C540005B4B1A801F257B1919787B191B78554A7C
:10C55000D35C1A00BB191B78D81C534C1300DB00AA
:10C560009B1ADB000A0092005218D100891ACA00F7
:10C5700011005B18E3181B5C1C22BA1812789A424F
:10C580005ED14C4B1B8801339AB24A4B1A802C0067
:10C590003B191B78484A3500B9190978D1543B1921
:10C5A0001A781300DB009B1ADB00444A98183B19E9
:10C5B00019783B191B783B4AD35C1A001300DB0047
:10C5C0009B1ADB000A0092005218D100891ACA0097
:10C5D00011005B18DA1C344BD1187B191B781A0038
:10C5E00016F07DFE3B191A7834491300DB009B1AC4
:10C5F000DB005A5C324B1B789A4213D03B191A78F5
:10C600002E491300DB009B1ADB005B5CFF2B09D07B
:10C610003B191A7829491300DB009B1ADB005B5C8D
:10C62000FE2B06D11E23FB181B781800FEF750FEC8
:10C630000CE01E23FB181B781800FEF7D5FD05E063
:10C64000204B1B8801339AB21E4B1A801F203B18C7
:10C650001B78144AD25C0132D1B2124AD1543B1831
:10C660001B78104AD35C052B04D13B181B780D4A6C
:10C670000021D154144B1B780133DAB2124B1A70DB
:10C68000114B1B78052B02D10F4B00221A700BF0B7
:10C690006FFA0E4B1B78042B01D8FFF702FCFFF753
:10C6A000FBFBC0468C0A00209C0A0020481D00208D
:10C6B000441D0020401D0020BC1200206C110020F1
:10C6C000A1000020421D002019100020451000206C
:10C6D000F0B5C64600B5B8B004AFA4243B19186045
:10C6E0002F23A0215B18DA19002313702E235B1867
:10C6F000DA19002313701E235B18DA190023137054
:10C700001D235B18DA19002313703B191B681C22C8
:10C710005218D21913702F23A0241B19DA190023E1
:10C72000137001235B42190001200DF0A5FB1C21B1
:10C7300020000B18DB191B785A1ECD4B9B5C002B7D
:10C7400001D105F0ACF90B18DB191B785A1EC94949
:10C750001300DB009B1ADB00CB1802331B785BB2A3
:10C76000002B03DAC44A0123137002E0C24A0023FB
:10C7700013701C24A0256319DB191B785A1E1B2378
:10C780005B19D819BB491300DB009B1ADB005B5C0B
:10C7900003706319DB191B785A1E2D235B19D819F6
:10C7A000B4491300DB009B1ADB00CB1801331B7864
:10C7B000037029204319DA19002313706319DB1958
:10C7C0001B785A1EAB491300DB009B1ADB00CB1809
:10C7D00002331B781A00012313400BD01D235B1971
:10C7E000DA19012313704319DA194319DB191B787D
:10C7F000013313701C20A0254319DB191B785A1E26
:10C800009C491300DB009B1ADB00CB1802331B781A
:10C810005B08DBB21A00012313401E246219D119F0
:10C820005A1E93410B704319DB191B785A1E91490C
:10C830001300DB009B1ADB00CB1802331B789B082C
:10C84000DAB203231340DBB28C4A53704319DB196D
:10C850001B785A1E87491300DB009B1ADB00CB189C
:10C8600002331B781B09DBB21A00012313405A1E46
:10C870009341DBB2814AD3704319DB191B785A1EEE
:10C880007C491300DB009B1ADB00CB1802331A78BB
:10C8900060231340DBB2794A13702A006319DB1955
:10C8A0001B78002B30D005008318DB191B78591E2C
:10C8B0002926B318DB191B78181D6E4A0B00DB0004
:10C8C0005B1ADB00D3181B5C1B029CB2A022AB18C6
:10C8D000DB191B78591E1500B318DB191B78D81CFF
:10C8E000644A0B00DB005B1ADB00D3181B5C2622BA
:10C8F0005219D219E31813807319DA197319DB1955
:10C900001B780133137015E01C23A0241B19DB19BD
:10C910001B78591E29231B19DB191B78D81C554A73
:10C920000B00DB005B1ADB00D3181B5C26221219FC
:10C93000D2191380514BDB78002B0CD04F4A0023C7
:10C9400013712D23A0229B18DB191B7800222C21A8
:10C950001800FEF74FFD1B21A0200B18DB191B78D8
:10C96000002B0FD00B18DB191B78FD2B0AD8444B7A
:10C970001A780B18DB191B78934203D0404B1B78B5
:10C98000012B1ED11B21A0200B18DB191B78002BBB
:10C9900000D179E00B18DB191B78FD2B00D973E06F
:10C9A000374B1A780B18DB191B7893426CD0344B39
:10C9B0001B78012B68D126231B18DB191B88102B31
:10C9C00062D01C23A0229B18DB191B781800FEF7ED
:10C9D0000BFC2A4B5B78002B02D02A4A03231370EE
:10C9E0002623A0241B19DB191B88192B13D16420C3
:10C9F0000DF0D2FF1C231B19DB191A781B231B19FE
:10CA0000DB1919782D231B19DB191878002305F081
:10CA100071FB05F02FF82623A0269B19DB191B8834
:10CA20001A2B01D005F026F864200DF0B5FF1C2567
:10CA3000AB19DB191B785A1E29239B19DB191878AF
:10CA40000C491300DB009B1ADB00CB181C5CAB19F4
:10CA5000DB191A781B239B19DB1919782D239B19D5
:10CA6000DB191878230005F045FB05F003F8C046F4
:10CA7000BC1200206C110020F3120020481000208E
:10CA8000A10000206C1000201B23A0255B19DB19DE
:10CA90001B78FF2B4ED11C246319DB191B78581E01
:10CAA0006319DB191B785A1EED4B9B5C591EED4A2E
:10CAB0000300DB001B1ADB00D3185A5CEA4B1B781F
:10CAC0009A4237D06319DB191B78581E6319DB199A
:10CAD0001B785A1EE24B9B5C591EE24A0300DB00A6
:10CAE0001B1ADB00D3185B5CDF4A1370DE4B1B782C
:10CAF000DE4A13706319DB191B781900FF20FEF75B
:10CB0000AFFB6319DB191B78581E6319DB191B78FF
:10CB10005A1ED34B9B5C591ED24A0300DB001B1AE2
:10CB2000DB00D218002353542F235B19DA1900239A
:10CB3000137022E01B23A0241B19DB191B78FF2B89
:10CB40001BD11C221319DB191B78581E1319DB1972
:10CB50001B785A1EC24B9B5C591EC24A0300DB0065
:10CB60001B1ADB00D3185A5CBF4B1B789A4204D1C6
:10CB70002F231B19DA19032313701B23A0255B191C
:10CB8000DB191B78FE2B00D0A9E01C246319DB19EC
:10CB90001B78581E6319DB191B785A1EB04B9B5C1F
:10CBA000591EB04A0300DB001B1ADB00D3185A5C85
:10CBB000AD4B1B789A4200D191E06319DB191B78C9
:10CBC000581E6319DB191B785A1EA54B9B5C591E16
:10CBD000A44A0300DB001B1ADB00D3185B5CA24AEB
:10CBE0001370A14B1B78A14A13706319DB191B78D2
:10CBF0001900FE20FEF734FB6319DB191B78581E61
:10CC00006319DB191B785A1E954B9B5C591E954A7C
:10CC10000300DB001B1ADB00D21800235354220050
:10CC20005319DB191B785C1E5319DB191B785A1E2C
:10CC30008B4B9B5C981E2C235B19D919894A2300C6
:10CC4000DB001B1BDB00D3181B5C0B702F235B1955
:10CC5000DA19662313702B235B19DA19002313707A
:10CC600031E01C22A0241319DB191B78581E13195C
:10CC7000DB191B785A1E7A4B9B5C9A1E2C231B19BE
:10CC8000DB191B78D21A2B231B19DB191B78D1183F
:10CC9000744A0300DB001B1ADB00D3185A5C744B88
:10CCA0001B789A4206D12F231B19DA19002313701F
:10CCB000C04637E02B22A0215318DB191B785218ED
:10CCC000D219013313702B23A0215B18DA192C23FE
:10CCD0005B18DB1912781B789A42C2D322E01B231F
:10CCE000A0241B19DB191B78FE2B1BD11C22131946
:10CCF000DB191B78581E1319DB191B785A1E584B69
:10CD00009B5C591E574A0300DB001B1ADB00D3183B
:10CD10005A5C554B1B789A4204D12F231B19DA1900
:10CD2000032313702920A0240319DA190319DB192E
:10CD30001B78043313701C231B19DB191B785A1E34
:10CD4000474B9A5C1A231B19D9190319DB191B7855
:10CD5000D31A0B702F231B19DB191B78002B01D062
:10CD600004F09DFE26231B19DB191A88302A0CDCDF
:10CD7000002A01DA04F02EFE302A01D904F02AFE3E
:10CD800092003C4BD3181B689F463B4B9A4200D104
:10CD900068E104F01FFE394A012313700A200AF0EB
:10CDA000FBFA374B1B78602B05D0354B1B78202BBB
:10CDB00001D004F063FE2D23A0229B18DB191B7801
:10CDC000002202211800FEF715FB04F057FE284B45
:10CDD0001B7819002B4A0B009B005B185B009B5CC7
:10CDE000002B0AD12D23A0229B18DB191A78264983
:10CDF000264B180016F0CCF813E02D22A021531872
:10CE0000DB191C785318DB191B781A009200D21812
:10CE100053001A001B4BD3181D491C48220016F062
:10CE2000B7F81C4B1C78194B1800F3F777F903007F
:10CE30009AB2164901235B420093322320000AF084
:10CE40006FF8154A0023137004F029FEA023DB05B8
:10CE50000122402118000FF0CCFF04F020FEC04654
:10CE6000BC1200206C1100203E1F0020F712002091
:10CE7000A1000020ACA80208B30500006C1000203F
:10CE8000481000204411002070A80208F01C002067
:10CE900084A80208F8120020F6120020A023DB0567
:10CEA0000022402118000FF0A4FF04F0F8FDA02399
:10CEB000DB05402118000FF0B9FF04F0F0FD2D2331
:10CEC000A0201B18DB191B789BB21B029CB21C25EF
:10CED0002B18DB191B78591E29263318DB191B78F0
:10CEE000981C5B4A0B00DB005B1ADB00D3181B5C51
:10CEF0001900A0202B18DB191B785A1E63189BB24F
:10CF00005449920053522B18DB191B785A1E3318C0
:10CF1000DB1918784E491300DB009B1ADB00CB1895
:10CF20001B5C1B029CB2A0202B18DB191B78591E1E
:10CF30003318DB191B78581C454A0B00DB005B1AC1
:10CF4000DB00D3181B5C1A00A026AB19DB191B7879
:10CF5000591EA31898B23F4A8B00D3189A1C031C81
:10CF600013803D4B1B88DBB23C4A53703A4B1B8805
:10CF70001B0A9BB2DBB2394A1370384AAB19DB1972
:10CF80001B78937002200AF007FAAB19DB191878A6
:10CF9000032300930B2300220021FEF77BFA04F009
:10CFA0007EFD2D23A0201B18DB191B789BB21B02D2
:10CFB0009CB21C252B18DB191B78591E2926331807
:10CFC000DB191B78981C224A0B00DB005B1ADB0084
:10CFD000D3181B5C1900A0202B18DB191B785A1ED4
:10CFE00063189BB21B49920053522B18DB191B7814
:10CFF0005A1E3318DB19187815491300DB009B1AE9
:10D00000DB00CB181B5C1B029CB2A0202B18DB1989
:10D010001B78591E3318DB191B78581C0C4A0B005F
:10D02000DB005B1ADB00D3181B5C1A00A0202B1856
:10D03000DB191B78591EA31898B2064A8B00D31827
:10D040009A1C031C1380064A0023137004F027FD6A
:10D050006C1100207810002040000020C412002035
:10D06000F61200201C24A026A319DB191B785A1ED7
:10D070002925AB19DB191878FE491300DB009B1A30
:10D08000DB00CB181B5CFC4A1370A319DB191B785F
:10D09000591EAB19DB191B78581CF64A0B00DB0034
:10D0A0005B1ADB00D3181B5CF34A5370A319DB191E
:10D0B0001B78591EAB19DB191B78981CED4A0B0025
:10D0C000DB005B1ADB00D3181B5CEB4A9370A319DF
:10D0D000DB191B78591EAB19DB191B78D81CE54AE4
:10D0E0000B00DB005B1ADB00D3181B5CE24AD37039
:10D0F000A319DB191B78591EAB19DB191B78181DF6
:10D10000DC4A0B00DB005B1ADB00D3181B5CDA4A3D
:10D110001371A319DB191B78591EAB19DB191B7886
:10D12000581DD44A0B00DB005B1ADB00D3181B5CD4
:10D13000D14A5371A319DB191B78591EAB19DB199E
:10D140001B78981DCB4A0B00DB005B1ADB00D31861
:10D150001B5CC94A9371A319DB191B78591EAB19C3
:10D16000DB191B78D81DC34A0B00DB005B1ADB0000
:10D17000D3181B5CC04AD371A319DB191B78591E45
:10D18000AB19DB191B7808331800BA4A0B00DB0017
:10D190005B1ADB00D3181B5CB74A1372A319DB19A7
:10D1A0001B78591EAB19DB191B7809331800B14ADB
:10D1B0000B00DB005B1ADB00D3181B5CAE4A53721A
:10D1C000A319DB191B78591EAB19DB191B780A331D
:10D1D0001800A84A0B00DB005B1ADB00D3181B5CAD
:10D1E000A54A9372A319DB191B78591EAB19DB19D9
:10D1F0001B780B3318009F4A0B00DB005B1ADB0027
:10D20000D3181B5C9C4AD372A319DB191B78591ED7
:10D21000AB19DB191B780C331800964A0B00DB00A6
:10D220005B1ADB00D3181B5C934A1373A319DB1939
:10D230001B78591EAB19DB191B780D3318008D4A6A
:10D240000B00DB005B1ADB00D3181B5C8A4A5373AC
:10D25000A319DB191B78591EAB19DB191B780E3388
:10D260001800844A0B00DB005B1ADB00D3181B5C40
:10D27000814A9373A319DB191B78591EAB19DB196B
:10D280001B780F3318007B4A0B00DB005B1ADB00B6
:10D29000D3181B5C784AD373A319DB191B78591E6A
:10D2A000AB19DB191B7810331800724A0B00DB0036
:10D2B0005B1ADB00D3181B5C6F4A1374A319DB19CC
:10D2C0001B78591EAB19DB191B7811331800694AFA
:10D2D0000B00DB005B1ADB00D3181B5C664A53743F
:10D2E000A319DB191B78591EAB19DB191B781233F4
:10D2F0001800604A0B00DB005B1ADB00D3181B5CD4
:10D300005D4A9374A319DB191B78591EAB19DB19FD
:10D310001B7813331800574A0B00DB005B1ADB0045
:10D32000D3181B5C544AD374A319DB191B78591EFC
:10D33000AB19DB191B78143318004E4A0B00DB00C5
:10D340005B1ADB00D3181B5C4B4A1375A319DB195E
:10D350001B78591EAB19DB191B7815331800454A89
:10D360000B00DB005B1ADB00D3181B5C424A5375D1
:10D37000A319DB191B78591EAB19DB191B7816335F
:10D3800018003C4A0B00DB005B1ADB00D3181B5C67
:10D39000394A9375A319DB191B78591EAB19DB1990
:10D3A0001B7817331800334A0B00DB005B1ADB00D5
:10D3B000D3181B5C304AD375A319DB191B78591E8F
:10D3C000AB19DB191B78183318002A4A0B00DB0055
:10D3D0005B1ADB00D3181B5C274A1376A319DB19F1
:10D3E0001B78591EAB19DB191B7819331800214A19
:10D3F0000B00DB005B1ADB00D3181B5C1E4A537664
:10D40000A319DB191B78591EAB19DB191B781A33CA
:10D410001800184A0B00DB005B1ADB00D3181B5CFA
:10D42000154A9376A319DB191B78591EAB19DB1922
:10D430001B781B3318000F4A0B00DB005B1ADB0064
:10D44000D3181B5C0C4AD376A319DB191B78591E21
:10D45000AB19DB191B781C331800064A0B00DB00E4
:10D460005B1ADB00D3181B5C034A1377A319DB1983
:10D4700004E0C0466C110020B41D00201B78591E2A
:10D48000AB19DB191B781D331800CB4A0B00DB00EE
:10D490005B1ADB00D3181B5CC84A537704F0FFFA11
:10D4A0001F23A0229B18DA190123137033E01F25D4
:10D4B000A0216B18DA191C267318DB1912781B7857
:10D4C0009A421FD06B18DB191B78180009F0DAFD9F
:10D4D0000400A0217318DB191B78581E29235B1840
:10D4E000DB191A786B18DB191B78D318591EB24A4E
:10D4F0000300DB001B1ADB00D3185B5C1900200063
:10D5000009F0EAFD1F22A0215318DB191B785218DD
:10D51000D219013313701F23A0269B19DB191B7826
:10D52000052BC4D91C25AB19DB191B78180009F091
:10D53000A9FD0400AB19DB191B78591E29239B197F
:10D54000DB191B780A3318009B4A0B00DB005B1ABF
:10D55000DB00D3181B5C1900200009F0BDFD04F0AE
:10D560009EFA1C24A026A319DB191B785A1E292514
:10D57000AB19DB19187890491300DB009B1ADB000C
:10D58000CB181B5C002B12D1A319DB191B78591E79
:10D59000AB19DB191B78581C874A0B00DB005B1AA0
:10D5A000DB00D3181B5C864A137004F069FA1C2454
:10D5B000A026A319DB191B785A1E2925AB19DB19E4
:10D5C00018787D491300DB009B1ADB00CB181B5C2D
:10D5D000012B01D004F054FA7A4A00231370A319E6
:10D5E000DB191B78591EAB19DB191B78581C724AC2
:10D5F0000B00DB005B1ADB00D3181B5C714A537015
:10D60000A319DB191B78591EAB19DB191B78981C61
:10D61000694A0B00DB005B1ADB00D318185C03239C
:10D620000093102300220021FDF734FF04F028FAB4
:10D63000654B1B78002B28D0644B1B881A00644B69
:10D64000D0181C23A0255B19DB191B785A1E29232F
:10D650005B19DB1919781300DB009B1ADB005A18E1
:10D66000554BD1181A246319DB191B781A0015F0D1
:10D6700036FE6319DB191B789AB2544B1B88D318FA
:10D680009BB2524A138004F00AFA504B1B881A00CE
:10D690004F4BD0181C23A0255B19DB191B785A1E91
:10D6A00029235B19DB1919781300DB009B1ADB00B7
:10D6B0005A18414BD1181A246319DB191B781A0028
:10D6C00015F00DFE6319DB191B789AB23F4B1B88CE
:10D6D000D3189BB23D4A13803C4B1B88162118007F
:10D6E000F2F738FD03009BB2DBB23A4A1370374BB6
:10D6F0001B881A003649384B180015F0F0FD334AE4
:10D700000023138004F0CBF92D23A0229B18DB19F2
:10D710001B78180009F09CFD04F0C1F92A23A0220F
:10D720009B18DA190023137036E02D26A0217318F8
:10D73000DB191B78013B294A5B009B5A1CB21C2356
:10D740005B18DB191B78581E29235B18DB191A7824
:10D750002A256B18DB191B78D118174A0300DB0048
:10D760001B1ADB00D3185B5C5A1E80231B0213417B
:10D770001BB223431AB2A0243319DB191B78013BD7
:10D7800090B216495A00031C53522B19DB191B780F
:10D790002A19D219013313702A23A0215B18DA1930
:10D7A0001A235B18DB1912781B789A42BDD30C4AF6
:10D7B0000023137004F073F96C110020B41D0020D5
:10D7C000A1000020C4120020F3120020F412002057
:10D7D000201E0020A00000201C020020282E002077
:10D7E000F61200200023C0217A1813602C23A021F8
:10D7F0005B18DA19002313701C256B18DB191B78D2
:10D800005A1E29267318DB191878E6491300DB0025
:10D810009B1ADB00CB181B5C1C06A022AB18DB1983
:10D820001B78591EB318DB191B78581CDD4A0B00F6
:10D83000DB005B1ADB00D3181B5C1B04E418A0227E
:10D84000AB18DB191B78591EB318DB191B78981C11
:10D85000D44A0B00DB005B1ADB00D3181B5C1B02F5
:10D86000E418A022AB18DB191B78591EB318DB197A
:10D870001B78D81CCB4A0B00DB005B1ADB00D318EB
:10D880001B5CE318C02179180B60A0242B19DB194D
:10D890001B78591E3319DB191B78181DC14A0B0060
:10D8A000DB005B1ADB00D3181B5CFF2B23D12A2380
:10D8B0001B19DA190123137014E0C023FB181A682E
:10D8C0002A24A0256319DB191B781100180009F020
:10D8D000B9FB220029005318DB191B785218D21902
:10D8E000013313702A23A0229B18DB191B78052B08
:10D8F000E3D904F0D4F82A23A0229B18DA190023D4
:10D90000137038E01C23A0269B19DB191B785C1EC2
:10D9100029239B19DB191B781A1D2A239B19DB1954
:10D920001B78D0182C25AB19D9199E4A2300DB008F
:10D930001B1BDB00D3181B5C0B7031006B18DB1951
:10D940001B78002B0ED06B18DB191B78052B09D820
:10D95000C023FB181A686B18DB191B78110018001C
:10D9600009F070FB2A22A0215318DB191B785218EA
:10D97000D219013313702A23A0215B18DA191A2354
:10D980005B18DB1912781B789A42BBD304F087F836
:10D9900004F0A6F9F6F7EAF9834A0123137004F0BC
:10D9A0007EF8F6F771FB642009F0F6FC7E4A02234C
:10D9B000137004F074F809F067FE0300AC22BA1883
:10D9C00013601B23A0201B18DB191B78FF2B1AD117
:10D9D0001C231B18DB191B785A1E29231B18DB1963
:10D9E00019781300DB009B1ADB005A186D4BD11815
:10D9F0001A231B18DB191B78013B1A006B4B18000C
:10DA000015F06DFC3FE01B23A0201B18DB191B78D1
:10DA1000FE2B1FD11C231B18DB191B785A1E292330
:10DA20001B18DB1919781300DB009B1ADB005A184E
:10DA30005C4BD1181A231B18DB191A782C231B18DE
:10DA4000DB191B78D31A023B1A00584B180015F04B
:10DA500046FC18E01C23A0201B18DB191B785A1E5B
:10DA600029231B18DB1919781300DB009B1ADB0034
:10DA70005A184C4BD1181A231B18DB191B784B482A
:10DA80001A0015F02CFC2C24A026A319DA19484BF7
:10DA90001B781370464A1C239B19DB191B781370E3
:10DAA00099239A00AC257B191968404B180009F09E
:10DAB0005DFD0300A822BA1813603D4AA319DB19C3
:10DAC0001B7813703B4B1B78602B1DD17B191B6897
:10DAD0001800F2F723FB02007B191968364B180077
:10DAE00015F0FDFB7B191B681800F2F717FB03000C
:10DAF0009AB22D239B19DB191B7818211800FDF70A
:10DB000079FC0A2009F048FCA823FB181B68002BAD
:10DB1000B9D1264B32220021180015F0B8FA03F0D3
:10DB2000BEFF09F0B1FD0300AC243A1913603B19A4
:10DB30001B681800F2F7F2FA03003A1910681A008D
:10DB4000002115F0A4FA1D4B1B78002B3AD01C4B7A
:10DB50001B881A003B191B6898181C23A0255B1909
:10DB6000DB191B785A1E29235B19DB19197813005E
:10DB7000DB009B1ADB005A180A4BD1181A246319D0
:10DB8000DB191B781A0015F0AAFB6319DB191B7847
:10DB90009AB20B4B1B88D3189BB2094A138003F02F
:10DBA0007EFFC0466C1100206C100020401F00203A
:10DBB000F812002048100020C4120020F3120020A8
:10DBC000F4120020394B1B881A00AC23FB181B6889
:10DBD00098181C23A0241B19DB191B785A1E292313
:10DBE0001B19DB1919781300DB009B1ADB005A188C
:10DBF0002F4BD1181A231B19DB191B781A0015F0AB
:10DC00006EFB2A4A002313802A4A002313702A4BF2
:10DC100018680023002200210CF070F903F03FFF88
:10DC2000264B274A1A60274B01221A700A2009F056
:10DC3000B3FBFEF70FF91C25A0216B18DB191B782D
:10DC40005A1E29267318DB19187819491300DB00AE
:10DC50009B1ADB00CB18185C0023009319230022C9
:10DC60000021FDF717FC642009F096FB164B1C7889
:10DC7000A0216B18DB191B785A1E7318DB19187852
:10DC80000B491300DB009B1ADB00CB18195CA020AA
:10DC90002B18DB191A782D231B18DB1918780B00A9
:10DCA000210004F027FA03F0FAFEC046F412002027
:10DCB0006C110020F6120020301C0020F03F0220E2
:10DCC000EFBEADDE6C100020A10000201C25A022BC
:10DCD000AB18DB191B78591E2926B318DB191B78E2
:10DCE0000B331C002C239B18D819F34A0B00DB00C4
:10DCF0005B1ADB00D3181B5D03701A22A021531896
:10DD0000DB191B780F2B14D10A00AB18DB191B7819
:10DD1000591EB318DB191B781C000D342C239B18DB
:10DD2000D819E54A0B00DB005B1ADB00D3181B5D3A
:10DD300003701A23A0229B18DB191B78112B15D115
:10DD40001C239B18DB191B78591E29239B18DB19F0
:10DD50001B780F331C002C239B18D819D64A0B00B4
:10DD6000DB005B1ADB00D3181B5D03701C25A021B0
:10DD70006B18DB191B785A1E29267318DB191878C3
:10DD8000CD491300DB009B1ADB00CB181B5C1C0683
:10DD9000A022AB18DB191B78591EB318DB191B78AE
:10DDA000581CC54A0B00DB005B1ADB00D3181B5C58
:10DDB0001B04E418A022AB18DB191B78591EB318FA
:10DDC000DB191B78981CBC4A0B00DB005B1ADB00DC
:10DDD000D3181B5C1B02E418A022AB18DB191B78BC
:10DDE000591EB318DB191B78D81CB34A0B00DB0093
:10DDF0005B1ADB00D3181B5CE318B42438190360EA
:10DE0000A022AB18DB191B78591EB318DB191B783D
:10DE1000181DA94A0B00DB005B1ADB00D3181B5C42
:10DE20001C06A022AB18DB191B78591EB318DB198E
:10DE30001B78581DA04A0B00DB005B1ADB00D318CF
:10DE40001B5C1B04E418A022AB18DB191B78591EBD
:10DE5000B318DB191B78981D974A0B00DB005B1A7F
:10DE6000DB00D3181B5C1B02E418A022AB18DB19E3
:10DE70001B78591EB318DB191B78D81D8E4A0B006E
:10DE8000DB005B1ADB00D3181B5CE318B0203818EA
:10DE900003602C23A0215B18DB191B78002B00D01A
:10DEA000C7E16B18DB191B785A1E7318DB19187839
:10DEB00081491300DB009B1ADB00CB181B5C1C069E
:10DEC000A022AB18DB191B78591EB318DB191B787D
:10DED000581C794A0B00DB005B1ADB00D3181B5C73
:10DEE0001B04E418A022AB18DB191B78591EB318C9
:10DEF000DB191B78981C704A0B00DB005B1ADB00F7
:10DF0000D3181B5C1B02E418A022AB18DB191B788A
:10DF1000591EB318DB191B78D81C674A0B00DB00AD
:10DF20005B1ADB00D3181B5CE318B42438190360B8
:10DF3000A022AB18DB191B78591EB318DB191B780C
:10DF4000181D5D4A0B00DB005B1ADB00D3181B5C5D
:10DF50001C06A022AB18DB191B78591EB318DB195D
:10DF60001B78581D544A0B00DB005B1ADB00D318EA
:10DF70001B5C1B04E418A022AB18DB191B78591E8C
:10DF8000B318DB191B78981D4B4A0B00DB005B1A9A
:10DF9000DB00D3181B5C1B02E418A022AB18DB19B2
:10DFA0001B78591EB318DB191B78D81D424A0B0089
:10DFB000DB005B1ADB00D3181B5CE318B021781878
:10DFC00003602E00A0257319DB191B78591E292424
:10DFD0006319DB191B7809331800374A0B00DB0083
:10DFE0005B1ADB00D3181B5C002B4FD07319DB19B5
:10DFF0001B78591E6319DB191B780A3318002E4A47
:10E000000B00DB005B1ADB00D3181B5C002B3DD040
:10E010007319DB191B78591E6319DB191B78083338
:10E020001800254A0B00DB005B1ADB00D3181D5CCF
:10E03000A022B318DB191B78591EA318DB191B7813
:10E04000180009301C4A0B00DB005B1ADB00D318F8
:10E050001C5CA022B318DB191B78591E29239B18BE
:10E06000DB191B780A331800134A0B00DB005B1A1C
:10E07000DB00D3181B5CB022BA181268B4217918DF
:10E080000968009323002800FCF756FF1C26A025F2
:10E090007319DB191B78591E29246319DB191B78A6
:10E0A0000B331800044A0B00DB005B1ADB00D318AB
:10E0B0001B5C002B52D001E06C1100207319DB199E
:10E0C0001B78591E6319DB191B780C331800F74AAB
:10E0D0000B00DB005B1ADB00D3181B5C002B3DD070
:10E0E0007319DB191B78591E6319DB191B78083368
:10E0F0001800EE4A0B00DB005B1ADB00D3181D5C36
:10E10000A022B318DB191B78591EA318DB191B7842
:10E1100018000B30E54A0B00DB005B1ADB00D3185C
:10E120001C5CA022B318DB191B78591E29239B18ED
:10E13000DB191B780C331800DC4A0B00DB005B1A80
:10E14000DB00D3181B5CB022BA181268B42179180E
:10E150000968009323002800FCF7EEFE1C26A0258A
:10E160007319DB191B78591E29246319DB191B78D5
:10E170000D331800CD4A0B00DB005B1ADB00D3180F
:10E180001B5C002B01D103F07DFC7319DB191B789C
:10E19000591E6319DB191B780E331800C34A0B0094
:10E1A000DB005B1ADB00D3181B5C002B01D103F0F2
:10E1B00069FC7319DB191B78591E6319DB191B786D
:10E1C00008331800B94A0B00DB005B1ADB00D318D8
:10E1D0001D5CA022B318DB191B78591EA318DB198C
:10E1E0001B7818000D30B14A0B00DB005B1ADB0016
:10E1F000D3181C5CA022B318DB191B78591E2923E5
:10E200009B18DB191B780E331800A84A0B00DB00A3
:10E210005B1ADB00D3181B5CB022BA181268B42159
:10E2200079180968009323002800FCF785FE03F0A5
:10E2300029FC1C25A0242B19DB191B785A1E292622
:10E240003319DB191B780833190098481300DB00D9
:10E250009B1ADB00C3185B5C1900E42005F022FA6E
:10E260002B19DB191B785A1E3319DB1919788F48C3
:10E270001300DB009B1ADB00C3185B5C1B0299B226
:10E280002B19DB191B785A1E3319DB191B78581C04
:10E29000864C1300DB009B1ADB00E3181B5CCB18D9
:10E2A0009BB21900E52005F0FDF9A0242B19DB191C
:10E2B0001B785A1E3319DB191B78991C7B481300F5
:10E2C000DB009B1ADB00C3185B5C1B0299B22B19A5
:10E2D000DB191B785A1E3319DB191B78D81C734CB9
:10E2E0001300DB009B1ADB00E3181B5CCB189BB20E
:10E2F0001900E62005F0D6F9A0242B19DB191B78AC
:10E300005A1E3319DB191B78191D68481300DB00EE
:10E310009B1ADB00C3185B5C1B0299B22B19DB193B
:10E320001B785A1E3319DB191B78581D5F4C1300DC
:10E33000DB009B1ADB00E3181B5CCB189BB21900B7
:10E34000E72005F0AFF9A0242B19DB191B785A1E22
:10E350003319DB191B78991D54481300DB009B1AF5
:10E36000DB00C3185B5C1B0299B22B19DB191B780D
:10E370005A1E3319DB191B78D81D4C4C1300DB00D7
:10E380009B1ADB00E3181B5CCB189BB21900E8203A
:10E3900005F088F9A0242B19DB191B785A1E3319B4
:10E3A000DB191B780933190040481300DB009B1A66
:10E3B000DB00C3185B5C1B0299B22B19DB191B78BD
:10E3C0005A1E3319DB191B780A331800374C130017
:10E3D000DB009B1ADB00E3181B5CCB189BB2190017
:10E3E000E92005F05FF91A23A0241B19DB191B781B
:10E3F000132B27D12B19DB191B785A1E3319DB1964
:10E400001B780B33190029481300DB009B1ADB0033
:10E41000C3185B5C1B0299B22B19DB191B785A1EBF
:10E420003319DB191B780C331800204C1300DB0068
:10E430009B1ADB00E3181B5CCB189BB21900EA2087
:10E4400005F030F91A23A0269B19DB191B78152B30
:10E4500029D11C24A319DB191B785A1E2925AB19B5
:10E46000DB191B780D33190010481300DB009B1AD1
:10E47000DB00C3185B5C1B0299B2A319DB191B7884
:10E480005A1EAB19DB191B780E331800074C13000A
:10E49000DB009B1ADB00E3181B5CCB189BB2190056
:10E4A000EB2005F0FFF8FDF7D5FCC0466C1100200D
:10E4B0001C25A0216B18DB191B785A1E29267318FE
:10E4C000DB191878E6491300DB009B1ADB00CB1838
:10E4D0001B5C1C06A022AB18DB191B78591EB31855
:10E4E000DB191B78581CDE4A0B00DB005B1ADB00D3
:10E4F000D3181B5C1B04E418A022AB18DB191B7893
:10E50000591EB318DB191B78981CD54A0B00DB0089
:10E510005B1ADB00D3181B5C1B02E418A022AB18AB
:10E52000DB191B78591EB318DB191B78D81CCC4A91
:10E530000B00DB005B1ADB00D3181B5CE318B42173
:10E5400078180360A022A818C3191B78591EB018A8
:10E55000C3191B78181DC24A0B00DB005B1ADB00D5
:10E56000D3181B5C1C06A022A818C3191B78591EBF
:10E57000B018C3191B78581DB94A0B00DB005B1A91
:10E58000DB00D3181B5C1B04E418A022A818C319D5
:10E590001B78591EB018C3191B78981DB04A0B0080
:10E5A000DB005B1ADB00D3181B5C1B02E418A02203
:10E5B000A818C3191B78591EB018C3191B78D81D89
:10E5C000A74A0B00DB005B1ADB00D3181B5CE318C7
:10E5D000B021781803602C00A022A818C3191B785A
:10E5E000591E3500B018C3191B78093318009C4A0E
:10E5F0000B00DB005B1ADB00D3181B5C9846994BC1
:10E600001B789C46A022A018C3191B78591EA81875
:10E61000C3191B780B331800914A0B00DB005B1AFF
:10E62000DB00D3181E5CA022A018C3191B78591E4A
:10E63000AD18EB191B780A331800894A0B00DB0070
:10E640005B1ADB00D3181D5CA0202218D3191B789D
:10E65000591E29221418E3191B7818000830804A23
:10E660000B00DB005B1ADB00D3181C5C1C23A02012
:10E670001A18D3191B78591E29221218D3191B787E
:10E680000C331800764A0B00DB005B1ADB00D31852
:10E690001B5C5A1E9341DBB20393B023FA18136834
:10E6A0000293B423FB181B68019300942B003200E3
:10E6B00061464046FDF748FA03F0F1F91C25A02415
:10E6C0002B19DB191B785A1E29263319DB191878E8
:10E6D00063491300DB009B1ADB00CB181B5C002B8B
:10E6E00000D03AE12B19DB191B78591E3319DB19BD
:10E6F0001B78981C5A4A0B00DB005B1ADB00D3180E
:10E700001B5C1C06A022AB18DB191B78591EB31822
:10E71000DB191B78D81C524A0B00DB005B1ADB00AC
:10E72000D3181B5C1B04E418A022AB18DB191B7860
:10E73000591EB318DB191B78181D494A0B00DB0062
:10E740005B1ADB00D3181B5C1B02E418A022AB1879
:10E75000DB191B78591EB318DB191B78581D404A6A
:10E760000B00DB005B1ADB00D3181B5CE318C02135
:10E7700079180B60A022AB18DB191B78591EB3184F
:10E78000DB191B78581C364A0B00DB005B1ADB00D8
:10E79000D3181B5C082B00D966E39A00324BD318C0
:10E7A0001B689F46C023FB181B681B78DBB22F4AEF
:10E7B00013702D23A0229B18DB191B7801221F2127
:10E7C0001800FCF717FE56E3C023FB181B681B78E4
:10E7D0005BB2DBB2254A13702D23A0229B18DB19F4
:10E7E0001B7801221F211800FCF704FE43E3C0211F
:10E7F0007B181B681B889BB2DBB21C4A13707B180A
:10E800001B681B889BB21B0A9BB2DBB2174A537072
:10E810002D23A0229B18DB191B7802221F21180030
:10E82000FCF7E8FD27E3C0217B181B681B881BB29F
:10E83000DBB20E4A13707B181B681B881BB21B12BD
:10E840001BB2DBB2094A53702D23A0229B18DB199F
:10E850001B7802221F211800FCF7CCFD0BE3C046F9
:10E860006C110020A100002070A90208C412002031
:10E87000C0217B181B681B68DBB2DB4A13707B1856
:10E880001B681B681B0ADBB2D74A53707B181B68D6
:10E890001B681B0CDBB2D44A93707B181B681B6887
:10E8A0001B0EDBB2D04AD3702D23A0229B18DB199C
:10E8B0001B7804221F211800FCF79CFDDBE2C0211D
:10E8C0007B181B681B68DBB2C74A13707B181B6878
:10E8D0001B681B12DBB2C44A53707B181B681B6891
:10E8E0001B14DBB2C04A93707B181B681B681B1695
:10E8F000DBB2BD4AD3702D23A0229B18DB191B78F5
:10E9000004221F211800FCF775FDB4E2C0217B181A
:10E910001B681B78DBB2B44A13707B181B68013389
:10E920001B78DBB2B04A53707B181B6802331B782C
:10E93000DBB2AD4A93707B181B6803331B78DBB2E4
:10E94000A94AD3702D23A0229B18DB191B7808221B
:10E950001F211800FCF74EFD8DE21C24A026A319F0
:10E96000DB191B785A1E2925AB19DB1918789F492A
:10E970001300DB009B1ADB00CB181B5C022B00D0C2
:10E980003CE1A319DB191B78581EA319DB191B786E
:10E990005A1E974B9B5C591E944A0300DB001B1ABE
:10E9A000DB00D21800235354A319DB191B785A1E1D
:10E9B000AB19DB191B78591C1300DB009B1ADB0019
:10E9C0005A188A4BD3182C25AA19D4191800F5F710
:10E9D00027FC03002370AB19DB191B78002B0AD12D
:10E9E0002D239B19DB191B7801221F211800FCF72E
:10E9F00001FD03F049F82C20A0240319DB191B7832
:10EA00005A1E7C4913005B009B189B005B58C02278
:10EA1000BA1813600319DB191B785A1E75491300C5
:10EA20005B009B189B00CB1804331B786E4A137055
:10EA30006D4B1B78082B00D919E29A006E4BD31846
:10EA40001B689F46C023FB181B681B78DBB2664A15
:10EA500053702D23A0229B18DB191B7802221F2143
:10EA60001800FCF7C7FC06E2C023FB181B681B78E4
:10EA70005BB2DBB25C4A53702D23A0229B18DB19DA
:10EA80001B7802221F211800FCF7B4FCF3E1C0211F
:10EA90007B181B681B889BB2DBB2534A53707B18F0
:10EAA0001B681B889BB21B0A9BB2DBB24E4A937059
:10EAB0002D23A0229B18DB191B7803221F2118008D
:10EAC000FCF798FCD7E1C0217B181B681B881BB2A0
:10EAD000DBB2454A53707B181B681B881BB21B12A4
:10EAE0001BB2DBB2404A93702D23A0229B18DB1986
:10EAF0001B7803221F211800FCF77CFCBBE1C0211E
:10EB00007B181B681B68DBB2374A53707B181B6885
:10EB10001B681B0ADBB2344A93707B181B681B68A6
:10EB20001B0CDBB2304AD3707B181B681B681B0EB2
:10EB3000DBB22D4A13712D23A0229B18DB191B7801
:10EB400005221F211800FCF755FC94E1C0217B1819
:10EB50001B681B68DBB2244A53707B181B681B6858
:10EB60001B12DBB2204A93707B181B681B681B14B6
:10EB7000DBB21D4AD3707B181B681B681B16DBB207
:10EB8000194A13712D23A0229B18DB191B7805222B
:10EB90001F211800FCF72EFC6DE1C0217B181B68BB
:10EBA0001B78DBB2104A53707B181B6801331B784B
:10EBB000DBB20D4A93707B181B6802331B78DBB203
:10EBC000094AD3707B181B6803331B78DBB2064AF3
:10EBD00013712D23A0229B18DB191B7809221F21FA
:10EBE0001800FCF707FC46E1C41200206C1100205D
:10EBF000BC1200205402002094A902081C24A02664
:10EC0000A319DB191B785A1E2925AB19DB191878B3
:10EC1000D9491300DB009B1ADB00CB181B5C022BCD
:10EC200001D802F031FFA319DB191B785A1E3400FA
:10EC3000AB19DB191878D0491300DB009B1ADB00F5
:10EC4000CB181B5C043BCD4A9B009B58DAB20F23C8
:10EC50001340DBB2CA4A1370C94B1B78002B0AD190
:10EC60002D231B19DB191B7801221F211800FCF72B
:10EC7000C1FB02F009FF1C23A0215B18DB191B78E4
:10EC80005A1E29235B18DB191878BB491300DB00D7
:10EC90009B1ADB00CB181B5C043BB84A9B009B58BB
:10ECA0001B0C8022920594466344C022BA1813605C
:10ECB000B34B1B78082B00D9DCE09A00B14BD3187A
:10ECC0001B689F46C023FB181B681B78DBB2AC4A4D
:10ECD00053702D23A0229B18DB191B7802221F21C1
:10ECE0001800FCF787FBC6E0C023FB181B681B78E5
:10ECF0005BB2DBB2A24A53702D23A0229B18DB1912
:10ED00001B7802221F211800FCF774FBB3E0C0211E
:10ED10007B181B681B889BB2DBB2994A53707B1827
:10ED20001B681B889BB21B0A9BB2DBB2944A937090
:10ED30002D23A0229B18DB191B7803221F2118000A
:10ED4000FCF758FB97E0C0217B181B681B881BB29F
:10ED5000DBB28B4A53707B181B681B881BB21B12DB
:10ED60001BB2DBB2864A93702D23A0229B18DB19BD
:10ED70001B7803221F211800FCF73CFB7BE0C0211D
:10ED80007B181B681B68DBB27D4A53707B181B68BD
:10ED90001B681B0ADBB27A4A93707B181B681B68DE
:10EDA0001B0CDBB2764AD3707B181B681B681B0EEA
:10EDB000DBB2734A13712D23A0229B18DB191B7839
:10EDC00005221F211800FCF715FB54E0C0217B1819
:10EDD0001B681B68DBB26A4A53707B181B681B6890
:10EDE0001B12DBB2664A93707B181B681B681B14EE
:10EDF000DBB2634AD3707B181B681B681B16DBB23F
:10EE00005F4A13712D23A0229B18DB191B78052262
:10EE10001F211800FCF7EEFA2DE0C0217B181B68BB
:10EE20001B78DBB2564A53707B181B6801331B7882
:10EE3000DBB2534A93707B181B6802331B78DBB23A
:10EE40004F4AD3707B181B6803331B78DBB24C4AE4
:10EE500013712D23A0229B18DB191B7809221F2177
:10EE60001800FCF7C7FA06E0C04602F00DFEC046E7
:10EE700002F00AFEC04602F007FE434B1A685B68C8
:10EE8000032A01D1002B08D03F4B1A685B68022A85
:10EE900000D0DFE1002B00D0DCE11C24A026A31968
:10EEA000DB191B785A1E2925AB19DB191878324952
:10EEB0001300DB009B1ADB00CB181B5C334A13707A
:10EEC000A319DB191B785A1EAB19DB1918782A49CC
:10EED0001300DB009B1ADB00CB181B5C082B00D94E
:10EEE000B6E19A002A4BD3181B689F46294A102383
:10EEF0001370AEE11C23A0229B18DB191B78591E4E
:10EF000029239B18DB191B78581C1B4A0B00DB00BC
:10EF10005B1ADB00D3181B5C9822B9180B60002326
:10EF20009C2179180B60184BBA1811685268196047
:10EF30005A608EE11C23A0229B18DB191B78591EF6
:10EF400029239B18DB191B78581C0B4A0B00DB008C
:10EF50005B1ADB00D3181B5C5BB29022B9180B6004
:10EF6000DB17942179180B60074BBA1811685268A7
:10EF700019605A606DE1C0466C110020FC1200203F
:10EF8000C4120020B8A9020878130020A3000020B2
:10EF9000DCA90208F61200201C25A022AB18DB1900
:10EFA0001B78591E2926B318DB191B78581CE74A11
:10EFB0000B00DB005B1ADB00D3181B5C1C00A022DB
:10EFC000AB18DB191B78591EB318DB191B78981C7A
:10EFD000DE4A0B00DB005B1ADB00D3181B5C1B0254
:10EFE000E3188822B9180B60DB178C2179180B60A5
:10EFF000D74BBA181168526819605A6029E11C256C
:10F00000A022AB18DB191B78591E2926B318DB196F
:10F010001B78581CCD4A0B00DB005B1ADB00D318B1
:10F020001B5C1C00A022AB18DB191B78591EB318FF
:10F03000DB191B78981CC54A0B00DB005B1ADB0050
:10F04000D3181B5C1B02E3188022B9180B60DB1776
:10F05000842179180B60BE4BBA1811685268196088
:10F060005A60F6E01C25A022AB18DB191B78591E4C
:10F070002926B318DB191B78581CB44A0B00DB0097
:10F080005B1ADB00D3181B5C1C00A022AB18DB1939
:10F090001B78591EB318DB191B78981CAB4A0B0060
:10F0A000DB005B1ADB00D3181B5C1B02E418A022F8
:10F0B000AB18DB191B78591EB318DB191B78D81C49
:10F0C000A24A0B00DB005B1ADB00D3181B5C1B049D
:10F0D000E418A022AB18DB191B78591EB318DB19F2
:10F0E0001B78181D994A0B00DB005B1ADB00D31854
:10F0F0001B5C1B06E318BB670023FB67944BB96FCF
:10F10000FA6F19605A60A4E01C25A022AB18DB1925
:10F110001B78591E2926B318DB191B78581C8B4AFB
:10F120000B00DB005B1ADB00D3181B5C1C00A02269
:10F13000AB18DB191B78591EB318DB191B78981C08
:10F14000824A0B00DB005B1ADB00D3181B5C1B023E
:10F15000E418A022AB18DB191B78591EB318DB1971
:10F160001B78D81C794A0B00DB005B1ADB00D31834
:10F170001B5C1B04E418A022AB18DB191B78591E7A
:10F18000B318DB191B78181D704A0B00DB005B1AE3
:10F19000DB00D3181B5C1B06E3183B67DB177B67A0
:10F1A0006B4B396F7A6F19605A6052E01C25A022B0
:10F1B000AB18DB191B78591E2926B318DB191B78ED
:10F1C000581C624A0B00DB005B1ADB00D3181B5C87
:10F1D0001C00A022AB18DB191B78591EB318DB19D1
:10F1E0001B78981C594A0B00DB005B1ADB00D31814
:10F1F0001B5C1B02E418A022AB18DB191B78591EFC
:10F20000B318DB191B78D81C504A0B00DB005B1AC3
:10F21000DB00D3181B5C1B04E418A022AB18DB191D
:10F220001B78591EB318DB191B78181D474A0B00B1
:10F23000DB005B1ADB00D3181B5C1B06E318BB6604
:10F240000023FB66424BB96EFA6E19605A6000E00B
:10F25000C046A2E13E4B1A685B681100194300D01A
:10F260009BE13B4B1C685D680822002320002900BD
:10F27000F1F75EF9431C012B00D98DE1A200354B5B
:10F28000D3181B689F461C23A0215B18DB191B7831
:10F290005A1E29235B18DB1918782C491300DB0050
:10F2A0009B1ADB00CB181B5C3B6600237B66284B5C
:10F2B000396E7A6E19605A606FE11C23A0215B18C9
:10F2C000DB191B785A1E29235B18DB1918781F4994
:10F2D0001300DB009B1ADB00CB181B5C5BB2BB6529
:10F2E000DB17FB651A4BB96DFA6D19605A6054E172
:10F2F0001C25A0216B18DB191B785A1E29267318B0
:10F30000DB19187811491300DB009B1ADB00CB18BE
:10F310001B5C1C00A022AB18DB191B78591EB3180C
:10F32000DB191B78581C094A0B00DB005B1ADB0059
:10F33000D3181B5C1B02E3183B65DB177B65044B92
:10F34000396D7A6D19605A6027E1C0466C11002052
:10F350007813002000AA02081C25A0216B18DB19D5
:10F360001B785A1E29267318DB191878E7491300F1
:10F37000DB009B1ADB00CB181B5C1C00A022AB1827
:10F38000DB191B78591EB318DB191B78581CDF4A90
:10F390000B00DB005B1ADB00D3181B5C1B02E318BD
:10F3A000BB64DB17FB64DA4BB96CFA6C19605A600A
:10F3B000F3E01C25A0216B18DB191B785A1E2926A7
:10F3C0007318DB191878D1491300DB009B1ADB0096
:10F3D000CB181B5C1C00A022AB18DB191B78591E34
:10F3E000B318DB191B78581CC84A0B00DB005B1AEA
:10F3F000DB00D3181B5C1B02E418A022AB18DB193E
:10F400001B78591EB318DB191B78981CBF4A0B00D8
:10F41000DB005B1ADB00D3181B5C1B04E418A02282
:10F42000AB18DB191B78591EB318DB191B78D81CD5
:10F43000B64A0B00DB005B1ADB00D3181B5C1B0613
:10F44000E3183B6400237B64B14B396C7A6C196020
:10F450005A60A2E01C25A0216B18DB191B785A1EEC
:10F4600029267318DB191878A8491300DB009B1AAA
:10F47000DB00CB181B5C1C00A022AB18DB191B782F
:10F48000591EB318DB191B78581CA04A0B00DB006F
:10F490005B1ADB00D3181B5C1B02E418A022AB181C
:10F4A000DB191B78591EB318DB191B78981C974A77
:10F4B0000B00DB005B1ADB00D3181B5C1B04E41899
:10F4C000A022AB18DB191B78591EB318DB191B7867
:10F4D000D81C8E4A0B00DB005B1ADB00D3181B5CC8
:10F4E0001B06E318BB63DB17FB63894BB96BFA6B35
:10F4F00019605A6051E01C25A0216B18DB191B789C
:10F500005A1E29267318DB19187880491300DB006E
:10F510009B1ADB00CB181B5C1C00A022AB18DB196C
:10F520001B78591EB318DB191B78581C774A0B003F
:10F53000DB005B1ADB00D3181B5C1B02E418A02263
:10F54000AB18DB191B78591EB318DB191B78981CF4
:10F550006E4A0B00DB005B1ADB00D3181B5C1B043C
:10F56000E418A022AB18DB191B78591EB318DB195D
:10F570001B78D81C654A0B00DB005B1ADB00D31834
:10F580001B5C1B06E3183B6300237B63604B396BFA
:10F590007A6B19605A6000E0C0465E4B1B78102BF6
:10F5A00001D102F073FA5B4A0023137002F06EFA85
:10F5B000584A002313701C24A026A319DB191B78BA
:10F5C0005A1E2925AB19DB19187850491300DB00A6
:10F5D0009B1ADB00CB181B5C002B01D100F0D6FC82
:10F5E000A319DB191B785A1EAB19DB191878474988
:10F5F0001300DB009B1ADB00CB181B5C1E2B01D910
:10F6000000F0C0FCA319DB191B785A1EAB19DB19DB
:10F6100018783E491300DB009B1ADB00CB181B5CFB
:10F62000013B3D4A9B009B581B0C3C4A944663445B
:10F63000C022BA181360A319DB191B78591EAB1925
:10F64000DB191B78581C314A0B00DB005B1ADB000E
:10F65000D3181B5C082B01D900F017FC9A00304B23
:10F66000D3181B689F461C24A0216318DB191B7844
:10F670005A1E29235B18DB19187824491300DB0074
:10F680009B1ADB00CB181B5C013B234A9B009A585A
:10F690000F23134049D1012012F006F90300C020C6
:10F6A0003D182B603B181B68002B3BD03B181B6898
:10F6B000E0221206944663441D042600A022A318EB
:10F6C000DB191B78591E29239B18DB191B78581C42
:10F6D0000E4A0B00DB005B1ADB00D3181B5C1C001E
:10F6E000A0217318DB191B785A1E29235B18DB191C
:10F6F000187806491300DB009B1ADB00CB181B5C53
:10F70000013B2919044A9B0099500EE06C1100201E
:10F7100078130020F6120020FC12002000000120C7
:10F7200024AA0208D04A12231370CF4B1B78122B45
:10F7300000D1ACE31C23A0229B18DB191B78591EB7
:10F7400029239B18DB191B78981CC023FB181C6805
:10F75000C64A0B00DB005B1ADB00D3181B5C23706E
:10F7600095E31C24A0216318DB191B785A1E29235A
:10F770005B18DB191878BD491300DB009B1ADB000E
:10F78000CB181B5C013BBA4A9B009A580F231340CD
:10F790003DD1012012F088F80300C0203D182B60F5
:10F7A0003B181B68002B2FD03B181B68E022120669
:10F7B000944663441D042600A022A318DB191B787D
:10F7C000591E29239B18DB191B78581CA74A0B00CC
:10F7D000DB005B1ADB00D3181B5C1C00A021731834
:10F7E000DB191B785A1E29235B18DB1918789F49EF
:10F7F0001300DB009B1ADB00CB181B5C013B2919B3
:10F800009B4A9B00995002E0974A12231370964B33
:10F810001B78122B00D13CE31C23A0229B18DB1980
:10F820001B78591E29239B18DB191B78981C8F4ABB
:10F830000B00DB005B1ADB00D3181B5CC022BA187C
:10F8400012685BB2137024E31C24A0216318DB1937
:10F850001B785A1E29235B18DB191878834913007B
:10F86000DB009B1ADB00CB181B5C013B804A9B0032
:10F870009A580F2313403DD1022012F015F80300CF
:10F88000C0203D182B603B181B68002B2FD03B1865
:10F890001B68E0221206944663441D042600A02241
:10F8A000A318DB191B78591E29239B18DB191B7819
:10F8B000581C6E4A0B00DB005B1ADB00D3181B5C84
:10F8C0001C00A0217318DB191B785A1E29235B1812
:10F8D000DB19187865491300DB009B1ADB00CB1895
:10F8E0001B5C013B2919624A9B00995002E05E4A69
:10F8F000122313705C4B1B78122B00D1CBE21C251A
:10F90000A022AB18DB191B78591E2926B318DB1966
:10F910001B78981C554A0B00DB005B1ADB00D318E0
:10F920001B5C1C00A022AB18DB191B78591EB318F6
:10F93000DB191B78D81C4D4A0B00DB005B1ADB007F
:10F94000D3181B5C1B029BB2C022BA181268E318C2
:10F950009BB213809FE21C24A0216318DB191B7843
:10F960005A1E29235B18DB19187840491300DB0065
:10F970009B1ADB00CB181B5C013B3D4A9B009A584D
:10F980000F2313403DD1022011F08EFF0300C02051
:10F990003D182B603B181B68002B2FD03B181B68B1
:10F9A000E0221206944663441D042600A022A318F8
:10F9B000DB191B78591E29239B18DB191B78581C4F
:10F9C0002A4A0B00DB005B1ADB00D3181B5C1C000F
:10F9D000A0217318DB191B785A1E29235B18DB1929
:10F9E000187822491300DB009B1ADB00CB181B5C44
:10F9F000013B29191E4A9B00995002E01A4A122322
:10FA00001370194B1B78122B00D146E21C25A02243
:10FA1000AB18DB191B78591E2926B318DB191B7884
:10FA2000981C124A0B00DB005B1ADB00D3181B5C2E
:10FA30001C00A022AB18DB191B78591EB318DB1968
:10FA40001B78D81C094A0B00DB005B1ADB00D318BB
:10FA50001B5C1B029BB2E3189BB2C022BA1812684F
:10FA60001BB2138019E2C046F61200206C11002070
:10FA7000FC1200201C24A0216318DB191B785A1EDD
:10FA800029235B18DB191878CD491300DB009B1A7A
:10FA9000DB00CB181B5C013BCA4A9B009A580F2322
:10FAA00013403DD1042011F0FFFE0300C0203D189B
:10FAB0002B603B181B68002B2FD03B181B68E022E3
:10FAC0001206944663441D042600A022A318DB19E5
:10FAD0001B78591E29239B18DB191B78581CB84A20
:10FAE0000B00DB005B1ADB00D3181B5C1C00A021A1
:10FAF0007318DB191B785A1E29235B18DB19187839
:10FB0000AF491300DB009B1ADB00CB181B5C013BE9
:10FB10002919AC4A9B00995002E0AB4A122313709A
:10FB2000A94B1B78122B00D1B9E11C25A022AB18E0
:10FB3000DB191B78591E2926B318DB191B78981C72
:10FB40009F4A0B00DB005B1ADB00D3181B5C1C0018
:10FB5000A022AB18DB191B78591EB318DB191B78D0
:10FB6000D81C974A0B00DB005B1ADB00D3181B5C28
:10FB70001B02E418A022AB18DB191B78591EB3181E
:10FB8000DB191B78181D8E4A0B00DB005B1ADB00AB
:10FB9000D3181B5C1B04E418A022AB18DB191B78DC
:10FBA000591EB318DB191B78581D854A0B00DB0062
:10FBB0005B1ADB00D3181B5C1B06C022BA18126844
:10FBC000E31813606BE11C24A0216318DB191B7878
:10FBD0005A1E29235B18DB19187879491300DB00BA
:10FBE0009B1ADB00CB181B5C013B764A9B009A58A2
:10FBF0000F2313403DD1042011F056FE0300C02016
:10FC00003D182B603B181B68002B2FD03B181B683E
:10FC1000E0221206944663441D042600A022A31885
:10FC2000DB191B78591E29239B18DB191B78581CDC
:10FC3000634A0B00DB005B1ADB00D3181B5C1C0063
:10FC4000A0217318DB191B785A1E29235B18DB19B6
:10FC500018785B491300DB009B1ADB00CB181B5C98
:10FC6000013B2919574A9B00995002E0564A12233A
:10FC70001370554B1B78122B00D112E11C25A022CA
:10FC8000AB18DB191B78591E2926B318DB191B7812
:10FC9000981C4B4A0B00DB005B1ADB00D3181B5C83
:10FCA0001C00A022AB18DB191B78591EB318DB19F6
:10FCB0001B78D81C424A0B00DB005B1ADB00D31810
:10FCC0001B5C1B02E418A022AB18DB191B78591E21
:10FCD000B318DB191B78181D394A0B00DB005B1ABF
:10FCE000DB00D3181B5C1B04E418A022AB18DB1943
:10FCF0001B78591EB318DB191B78581D304A0B00AE
:10FD0000DB005B1ADB00D3181B5C1B06C022BA1891
:10FD10001268E3181360C4E01C24A0216318DB19E7
:10FD20001B785A1E29235B18DB1918782449130005
:10FD3000DB009B1ADB00CB181B5C013B214A9B00BC
:10FD40009A580F23134044D1042011F0ADFD030055
:10FD5000C0203D182B603B181B68002B36D03B1889
:10FD60001B68E0221206944663441D042600A0226C
:10FD7000A318DB191B78591E29239B18DB191B7844
:10FD8000581C0F4A0B00DB005B1ADB00D3181B5C0E
:10FD90001C00A0217318DB191B785A1E29235B183D
:10FDA000DB19187806491300DB009B1ADB00CB181F
:10FDB0001B5C013B2919034A9B00995009E0C0468E
:10FDC0006C110020FC120020F6120020EB4A1223D6
:10FDD0001370EA4B1B78122B65D01C25A022AB18A0
:10FDE000DB191B78591E2926B318DB191B78981CC0
:10FDF000E34A0B00DB005B1ADB00D3181B5C1C0022
:10FE0000A022AB18DB191B78591EB318DB191B781D
:10FE1000D81CDB4A0B00DB005B1ADB00D3181B5C31
:10FE20001B02E418A022AB18DB191B78591EB3186B
:10FE3000DB191B78181DD24A0B00DB005B1ADB00B4
:10FE4000D3181B5C1B04E418A022AB18DB191B7829
:10FE5000591EB318DB191B78581DC94A0B00DB006B
:10FE60005B1ADB00D3181B5C1B06E318BB62002384
:10FE7000FB62C44BB96AFA6A19605A60C14BC0226E
:10FE8000BA1812681B6813600DE0C0460CE0C0464B
:10FE90000AE0C04608E0C04606E0C04604E0C046AE
:10FEA00002E0C04600E0C0461C26A0217318DB1902
:10FEB0001B785A1E29256B18DB191878B0491300D6
:10FEC000DB009B1ADB00CB181B5C013BAE4A9B009E
:10FED0009A580F231A401400A022B318DB191B787C
:10FEE000591EAB18DB191B78581CA54A0B00DB0008
:10FEF0005B1ADB00D3181B5C9C4201D100F0CCFBE9
:10FF0000A0217318DB191B785A1E2C006B18DB1903
:10FF100018789B491300DB009B1ADB00CB181B5C95
:10FF2000013B994A9B009D58A022B318DB191B780E
:10FF3000591EA318DB191B78581C914A0B00DB00D3
:10FF40005B1ADB00D3181B5C904A944663441C0088
:10FF5000A0217318DB191B785A1E29235B18DB19A3
:10FF6000187887491300DB009B1ADB00CB181B5C59
:10FF7000013B21002940844A9B0099507F4A142369
:10FF8000137089E37D4A1323137085E31C25A02297
:10FF9000AB18DB191B78591E2926B318DB191B78FF
:10FFA000981C774A0B00DB005B1ADB00D3181B5C44
:10FFB0001C06A022AB18DB191B78591EB318DB19DD
:10FFC0001B78D81C6E4A0B00DB005B1ADB00D318D1
:10FFD0001B5C1B04E418A022AB18DB191B78591E0C
:10FFE000B318DB191B78181D654A0B00DB005B1A80
:10FFF000DB00D3181B5C1B02E418A022AB18DB1932
:020000040801F1
:100000001B78591EB318DB191B78581D5C4A0B006E
:10001000DB005B1ADB00D3181B5CE318C0217818E7
:1000200003607B181A6880239B059A4200D2AFE1D7
:100030007B181A68564B9A4200D9A9E1A022AB1846
:10004000DB191B78591EB318DB191B78581C4C4A56
:100050000B00DB005B1ADB00D3181B5C082B00D9FC
:1000600094E19A004B4BD3181B689F461C23A02297
:100070009B18DB191B78591E29239B18DB191B7849
:10008000981DC023FB181C683D4A0B00DB005B1A5F
:10009000DB00D3181B5C237079E11C23A0229B1882
:1000A000DB191B78591E29239B18DB191B78981D17
:1000B000334A0B00DB005B1ADB00D3181B5CC02249
:1000C000BA1812685BB2137061E11C25A022AB184C
:1000D000DB191B78591E2926B318DB191B78981DCC
:1000E000274A0B00DB005B1ADB00D3181B5C1C00EB
:1000F000A022AB18DB191B78591EB318DB191B782B
:10010000D81D1F4A0B00DB005B1ADB00D3181B5CF9
:100110001B029BB2C022BA181268E3189BB213806C
:1001200035E11C25A022AB18DB191B78591E2926A6
:10013000B318DB191B78981D114A0B00DB005B1A02
:10014000DB00D3181B5C1C00A022AB18DB191B784A
:10015000591EB318DB191B78D81D094A0B00DB00A8
:100160005B1ADB00D3181B5C1B029BB2E3189BB22B
:10017000C022BA1812681BB2138008E1F6120020E0
:100180006C11002078130020FC120020F0FF00000A
:10019000FF7F002048AA02081C25A022AB18DB190B
:1001A0001B78591E2926B318DB191B78981DCB4ADA
:1001B0000B00DB005B1ADB00D3181B5C1C00A022C9
:1001C000AB18DB191B78591EB318DB191B78D81D27
:1001D000C24A0B00DB005B1ADB00D3181B5C1B025E
:1001E000E418A022AB18DB191B78591EB318DB19D1
:1001F0001B7808331800B94A0B00DB005B1ADB00E0
:10020000D3181B5C1B04E418A022AB18DB191B7865
:10021000591EB318DB191B7809331800AF4A0B00BD
:10022000DB005B1ADB00D3181B5C1B06C022BA186C
:100230001268E3181360AAE01C25A022AB18DB1992
:100240001B78591E2926B318DB191B78981DA34A61
:100250000B00DB005B1ADB00D3181B5C1C00A02228
:10026000AB18DB191B78591EB318DB191B78D81D86
:100270009A4A0B00DB005B1ADB00D3181B5C1B02E5
:10028000E418A022AB18DB191B78591EB318DB1930
:100290001B7808331800914A0B00DB005B1ADB0067
:1002A000D3181B5C1B04E418A022AB18DB191B78C5
:1002B000591EB318DB191B7809331800874A0B0045
:1002C000DB005B1ADB00D3181B5C1B06C022BA18CC
:1002D0001268E31813605AE01C25A022AB18DB1942
:1002E0001B78591E2926B318DB191B78981D7B4AE9
:1002F0000B00DB005B1ADB00D3181B5C1C00A02288
:10030000AB18DB191B78591EB318DB191B78D81DE5
:10031000724A0B00DB005B1ADB00D3181B5C1B026C
:10032000E418A022AB18DB191B78591EB318DB198F
:100330001B7808331800694A0B00DB005B1ADB00EE
:10034000D3181B5C1B04E418A022AB18DB191B7824
:10035000591EB318DB191B78093318005F4A0B00CC
:10036000DB005B1ADB00D3181B5C1B06E3183B6247
:1003700000237B625A4B396A7A6A19605A60584B7B
:10038000C022BA1812681B68136000E0C04683E1FF
:10039000C0243B191A6880231B059A4200D278E1D9
:1003A0003B191A684F4B9A4200D972E10CF0C2F81F
:1003B0002623A0229B18DB191B88222B04D13B1972
:1003C0001B68180003F044FC474B1B78002B00D03F
:1003D00052E11C23A0229B18DB191B78591E2923EC
:1003E0009B18DB191B78581C3C4A0B00DB005B1A7E
:1003F000DB00D3181B5C082B00D93CE19A003B4B77
:10040000D3181B689F46C023FB181B681B889AB231
:10041000374B9A4203D0344A162313702CE11C2325
:10042000A0229B18DB191B78591E29239B18DB1966
:100430001B78981D294A0B00DB005B1ADB00D318E0
:100440001B5CBB610023FB61254BB969FA6919602C
:100450005A6011E1C023FB181B681B889AB2244B19
:100460009A4203D0204A1623137005E11C25A022CE
:10047000AB18DB191B78591E2926B318DB191B781A
:10048000981D164A0B00DB005B1ADB00D3181B5CBF
:100490001C00A022AB18DB191B78591EB318DB19FE
:1004A0001B78D81D0D4A0B00DB005B1ADB00D3184C
:1004B0001B5C1B02E3183B61DB177B61084B39694E
:1004C0007A6919605A60D7E0C023FB181B681B6863
:1004D00001330FD0044A16231370CDE06C110020B5
:1004E00078130020FFFF0108F61200206CAA020812
:1004F000FFFF00001C25A022AB18DB191B78591E3A
:100500002926B318DB191B78981DA04A0B00DB00C5
:100510005B1ADB00D3181B5C1C00A022AB18DB1994
:100520001B78591EB318DB191B78D81D974A0B008E
:10053000DB005B1ADB00D3181B5C1B02E418A02253
:10054000AB18DB191B78591EB318DB191B7808335D
:1005500018008E4A0B00DB005B1ADB00D3181B5C13
:100560001B04E418A022AB18DB191B78591EB31822
:10057000DB191B7809331800844A0B00DB005B1A77
:10058000DB00D3181B5C1B06E318BB600023FB6079
:100590007F4BB968FA6819605A606DE0C023FB1898
:1005A0001B681B68013303D07A4A1623137063E07B
:1005B0001C25A022AB18DB191B78591E2926B3185D
:1005C000DB191B78981D714A0B00DB005B1ADB00FE
:1005D000D3181B5C1C00A022AB18DB191B78591E1A
:1005E000B318DB191B78D81D684A0B00DB005B1AB7
:1005F000DB00D3181B5C1B02E418A022AB18DB192C
:100600001B78591EB318DB191B78083318005F4A92
:100610000B00DB005B1ADB00D3181B5C1B04E41827
:10062000A022AB18DB191B78591E1500B318DB1973
:100630001B7809331800554A0B00DB005B1ADB00FE
:10064000D3181B5C1B06E3183B6000237B60504BF8
:1006500039687A6819605A604D4B1A685B682E21B8
:100660004919CC19C0217918096801200BF014FF31
:100670000300237000E0C0460BF080FF2E23A02271
:100680009B18DB191B78002B06D0424A16231370E7
:1006900002E0404A152313703F4B1B78602B05D0B6
:1006A0003D4B1B78202B01D001F0F2F9394B1B7820
:1006B0003A4A13702D23A0229B18DB191B780122C4
:1006C00021211800FAF796FE01F0E2F91C23A0217F
:1006D0005B18DB191B785A1E29235B18DB19187865
:1006E0002A491300DB009B1ADB00CB181B5C294A4C
:1006F000137001F0D4F91C24A026A319DB191B7870
:100700005A1E2925AB19DB19187820491300DB0084
:100710009B1ADB00CB18185CA319DB191B785A1E37
:100720003400AB19DB191B78591C1300DB009B1A32
:10073000DB005A18154BD1181A231B19DB191B782B
:100740009BB2013B9AB20A2300930A2306F0E8FB0E
:1007500001F0A5F91C23A0215B18DB191B785A1E98
:1007600029235B18DB19187808491300DB009B1A52
:10077000DB00CB181B5C022B00D1DBE100DD24E2A7
:10078000002B0DD0012B00D1EDE01EE26C110020FA
:1007900078130020F612002048100020C412002018
:1007A0001C25A022AB18DB191B78591E2926B3186B
:1007B000DB191B78581CDD4A0B00DB005B1ADB00E1
:1007C000D3181B5C1C00A022AB18DB191B78591E28
:1007D000B318DB191B78981CD44A0B00DB005B1A9A
:1007E000DB00D3181B5C1B02E418A022AB18DB193A
:1007F0001B78591EB318DB191B78D81CCB4A0B0089
:10080000DB005B1ADB00D3181B5C1B04E418A0227E
:10081000AB18DB191B78591EB318DB191B78181D90
:10082000C24A0B00DB005B1ADB00D3181B5C1B0603
:10083000E218BF4B1A60A022AB18DB191B78591EB7
:10084000B318DB191B78581DB84A0B00DB005B1A84
:10085000DB00D3181B5C1C00A022AB18DB191B7833
:10086000591EB318DB191B78981DB04A0B00DB002A
:100870005B1ADB00D3181B5C1B02E418A022AB1828
:10088000DB191B78591EB318DB191B78D81DA74A32
:100890000B00DB005B1ADB00D3181B5C1B04E418A5
:1008A000A022AB18DB191B78591EB318DB191B7873
:1008B000083318009D4A0B00DB005B1ADB00D318DD
:1008C0001B5C1B06E2189A4B5A60A022AB18DB197E
:1008D0001B78591EB318DB191B7809331800934A8B
:1008E0000B00DB005B1ADB00D3181B5C1C00A02292
:1008F000AB18DB191B78591EB318DB191B780A33A8
:1009000018008A4A0B00DB005B1ADB00D3181B5C63
:100910001B02E418A022AB18DB191B78591EB31870
:10092000DB191B780B331800804A0B00DB005B1AC5
:10093000DB00D3181B5C1B04E418A022AB18DB19E6
:100940001B78591EB318DB191B780C331800774A33
:100950000B00DB005B1ADB00D3181B5C1B06E218E4
:10096000734B9A6031E11C25A022AB18DB191B7870
:10097000591E2926B318DB191B78581C6B4A0B002B
:10098000DB005B1ADB00D3181B5C1C00A022AB1839
:10099000DB191B78591EB318DB191B78981C634AA6
:1009A0000B00DB005B1ADB00D3181B5C1B02E41896
:1009B000A022AB18DB191B78591EB318DB191B7862
:1009C000D81C5A4A0B00DB005B1ADB00D3181B5CF7
:1009D0001B04E418A022AB18DB191B78591EB318AE
:1009E000DB191B78181D514A0B00DB005B1ADB007A
:1009F000D3181B5C1B06E2184D4BDA60A022AB1823
:100A0000DB191B78591EB318DB191B78581D474A90
:100A10000B00DB005B1ADB00D3181B5C1C00A02260
:100A2000AB18DB191B78591EB318DB191B78981DFE
:100A30003E4A0B00DB005B1ADB00D3181B5C1B0279
:100A4000E418A022AB18DB191B78591EB318DB1968
:100A50001B78D81D354A0B00DB005B1ADB00D3186E
:100A60001B5C1B04E418A022AB18DB191B78591E71
:100A7000B318DB191B78083318002C4A0B00DB0075
:100A80005B1ADB00D3181B5C1B06E218284B1A61AB
:100A9000A022AB18DB191B78591EB318DB191B7881
:100AA00009331800214A0B00DB005B1ADB00D31866
:100AB0001B5C1C00A022AB18DB191B78591EB31855
:100AC000DB191B780A331800184A0B00DB005B1A8D
:100AD000DB00D3181B5C1B02E418A022AB18DB1947
:100AE0001B78591EB318DB191B780B3318000F4AFB
:100AF0000B00DB005B1ADB00D3181B5C1B04E41843
:100B0000A022AB18DB191B78591EB318DB191B7810
:100B10000C331800054A0B00DB005B1ADB00D3180E
:100B20001B5C1B06E218024B5A614EE06C11002060
:100B3000FC1D00201C25A022AB18DB191B78591EB8
:100B40002926B318DB191B78581CED4A0B00DB0073
:100B50005B1ADB00D3181B5C1C00A022AB18DB194E
:100B60001B78591EB318DB191B78981CE44A0B003C
:100B7000DB005B1ADB00D3181B5C1B02E418A0220D
:100B8000AB18DB191B78591EB318DB191B78D81C5E
:100B9000DB4A0B00DB005B1ADB00D3181B5C1B0479
:100BA000E418A022AB18DB191B78591EB318DB1907
:100BB0001B78181DD24A0B00DB005B1ADB00D31830
:100BC0001B5C1B06E218CF4B9A611C24A026A319BC
:100BD000DB191B785A1E2925AB19DB191878C8496F
:100BE0001300DB009B1ADB00CB181B5CC64A13808A
:100BF000A319DB191B78591EAB19DB191B78581C7C
:100C0000BF4A0B00DB005B1ADB00D3181B5CBF4A3A
:100C10001380BE4B1B88002B10D1BB4B1B88DAB254
:100C2000BB4B1900100004F061FDB74B1B88D8B214
:100C3000B84AB74B190004F0AFFD13E0B34B1B8863
:100C4000012B0FD1B04B1B88DAB2B34B1900100047
:100C500004F04CFDAC4B1B88D8B2AE4AAE4B190029
:100C600004F09AFDAD4AAE4B1100180004F01AFED4
:100C70001C25A026AB19DB191B785A1E2924A319A1
:100C8000DB1918789E491300DB009B1ADB00CB1898
:100C90001B5C9D4A13809C4B1B88DAB2A14B190048
:100CA000100004F0F7FE3200AB18DB191B78591E58
:100CB0002600B318DB191B78581D914A0B00DB0086
:100CC0005B1ADB00D3181B5C1C00A022AB18DB19DD
:100CD0001B78591EB318DB191B78981D884A0B0026
:100CE000DB005B1ADB00D3181B5C1B02E418A0229C
:100CF000AB18DB191B78591EB318DB191B78D81DEC
:100D00007F4A0B00DB005B1ADB00D3181B5C1B0463
:100D1000E418A022AB18DB191B78591EB318DB1995
:100D20001B7808331800764A0B00DB005B1ADB00E7
:100D3000D3181B5C1B06E218724BDA61A022AB18B9
:100D4000DB191B78591EB318DB191B7809331800FF
:100D50006B4A0B00DB005B1ADB00D3181B5C1C002A
:100D6000A022AB18DB191B78591EB318DB191B78AE
:100D70000A331800624A0B00DB005B1ADB00D31851
:100D80001B5C1B02E418A022AB18DB191B78591E50
:100D9000B318DB191B780B331800594A0B00DB0022
:100DA0005B1ADB00D3181B5C1B04E418A022AB18F1
:100DB000DB191B78591EB318DB191B780C3318008C
:100DC0004F4A0B00DB005B1ADB00D3181B5C1B06D1
:100DD000E2184C4B1A6200F062FE534A0123137072
:100DE00000F05DFE514A0123137000F058FE504A96
:100DF000012313701C23A0215B18DB191B785A1EDA
:100E000029235B18DB1918783D491300DB009B1A76
:100E1000DB00CB181B5C082B01D900F08EFD9A007B
:100E2000444BD3181B689F461C23A0241B19DB19B5
:100E30001B78591E29231B19DB191B78581C304AB3
:100E40000B00DB005B1ADB00D3181B5C002B09D105
:100E50002F231B19DA1900231370374A102313703C
:100E600000F06CFD2F23A0229B18DA19FF231370CA
:100E700000F064FD1C24A026A319DB191B78591E61
:100E80002925AB19DB191B78581C1D4A0B00DB0008
:100E90005B1ADB00D3181B5C002B29D12F239B1975
:100EA000DA1900231370A319DB191B78591EAB192B
:100EB000DB191B78981C124A0B00DB005B1ADB0065
:100EC000D3181B5C1D4A1370A319DB191B78591E1C
:100ED000AB19DB191B78D81C094A0B00DB005B1A25
:100EE000DB00D3181B5C1A00154B1A6000F026FDBE
:100EF0002F23A0229B18DA19FF23137000F01EFD88
:100F00006C110020FC1D0020881D00208A1D00207F
:100F1000A0A80208981D0020A4A802088C1D00208B
:100F2000901D0020941D00206D1000206E100020E8
:100F3000D41C002090AA0208F6120020D51C002024
:100F4000D81C00201C24A026A319DB191B78591ECD
:100F50002925AB19DB191B78581CD04A0B00DB0084
:100F60005B1ADB00D3181B5C002B4DD12F239B1980
:100F7000DA1900231370A319DB191B78591EAB195A
:100F8000DB191B78981CC54A0B00DB005B1ADB00E1
:100F9000D3181B5CC24A1370A319DB191B78591EA6
:100FA000AB19DB191B78D81CBC4A0B00DB005B1AA1
:100FB000DB00D3181B5C1A00BA4B1A60A319DB19AB
:100FC0001B78591EAB19DB191B78181DB34A0B008F
:100FD000DB005B1ADB00D3181B5C1A00B14B5A60B4
:100FE000A319DB191B78591EAB19DB191B78581D87
:100FF000AA4A0B00DB005B1ADB00D3181B5C1A004B
:10100000A84B9A6000F09AFC2F23A0229B18DA19B3
:10101000FF23137000F092FC1C24A026A319DB19F7
:101020001B78591E2925AB19DB191B78581C9B4AC4
:101030000B00DB005B1ADB00D3181B5C002B29D1F3
:101040002F239B19DA1900231370A319DB191B78BE
:10105000591EAB19DB191B78981C904A0B00DB005A
:101060005B1ADB00D3181B5C8D4A1370A319DB19C4
:101070001B78591EAB19DB191B78D81C874A0B004B
:10108000DB005B1ADB00D3181B5C1A00854B1A606F
:1010900000F054FC2F23A0229B18DA19FF231370B1
:1010A00000F04CFC1C25A0242B19DB191B78591EC1
:1010B00029263319DB191B78581C784A0B00DB00F2
:1010C0005B1ADB00D3181B5C002B00D085E02F23BC
:1010D0001B19DA19002313702B19DB191B78591E01
:1010E0003319DB191B78981C6C4A0B00DB005B1A68
:1010F000DB00D3181B5C6A4A13702B19DB191B78B1
:10110000591E3319DB191B78D81C644A0B00DB000D
:101110005B1ADB00D3181B5C1C00A022AB18DB1988
:101120001B78591EB318DB191B78181D5B4A0B007E
:10113000DB005B1ADB00D3181B5C1B02E218594B67
:101140001A60A022AB18DB191B78591EB318DB19E3
:101150001B78581D514A0B00DB005B1ADB00D318CB
:101160001B5C1C00A022AB18DB191B78591EB3189E
:10117000DB191B78981D494A0B00DB005B1ADB006A
:10118000D3181B5C1B02E218464B5A60A022AB1816
:10119000DB191B78591EB318DB191B78D81D3F4A81
:1011A0000B00DB005B1ADB00D3181B5C1C00A022C9
:1011B000AB18DB191B78591EB318DB191B780833E1
:1011C0001800364A0B00DB005B1ADB00D3181B5CEF
:1011D0001B02E218334B9A60B0E32F23A0229B1826
:1011E000DA19FF231370A9E31C24A026A319DB1925
:1011F0001B78591E2925AB19DB191B78581C274A67
:101200000B00DB005B1ADB00D3181B5C002B3ED10C
:101210002F239B19DA19002313703200A319DB194D
:101220001B78591E2E00B318DB191B78981C1B4A1B
:101230000B00DB005B1ADB00D3181B5C184A137031
:101240002500A022A318DB191B78591EB318DB193F
:101250001B78D81C114A0B00DB005B1ADB00D3188B
:101260001B5C1C00A022AB18DB191B78591EB3189D
:10127000DB191B78181D094A0B00DB005B1ADB0029
:10128000D3181B5C1B02E218064B1A6056E32F238F
:10129000A0229B18DA19FF2313704FE36C11002072
:1012A000D51C0020D81C00201C25A0242B19DB19DC
:1012B0001B78591E29263319DB191B78581CE94A5B
:1012C0000B00DB005B1ADB00D3181B5C002B5ED12C
:1012D0002F231B19DA19002313702B19DB191B7824
:1012E000591E3319DB191B78981CDE4A0B00DB00F2
:1012F0005B1ADB00D3181B5CDB4A13702B19DB195C
:101300001B78591E3319DB191B78D81CD54A0B00E2
:10131000DB005B1ADB00D3181B5C1C00A022AB189F
:10132000DB191B78591EB318DB191B78181DCD4A21
:101330000B00DB005B1ADB00D3181B5C1B02E418FC
:10134000A022AB18DB191B78591EB318DB191B78C8
:10135000581DC44A0B00DB005B1ADB00D3181B5C72
:101360001B04E418A022AB18DB191B78591EB31814
:10137000DB191B78981DBB4A0B00DB005B1ADB00F6
:10138000D3181B5C1B06E218B84B1A60D6E22F2359
:10139000A0229B18DA19FF231370CFE21C25A0248A
:1013A0002B19DB191B78591E29263319DB191B78D9
:1013B000581CAC4A0B00DB005B1ADB00D3181B5C2B
:1013C000002B00D047E12F231B19DA1900231370DB
:1013D0002B19DB191B78591E3319DB191B78981C44
:1013E000A04A0B00DB005B1ADB00D3181B5C9E4A93
:1013F00013702B19DB191B78591E3319DB191B7855
:10140000D81C984A0B00DB005B1ADB00D3181B5C6E
:101410001C00A022AB18DB191B78591EB318DB196E
:101420001B78181D8F4A0B00DB005B1ADB00D318FA
:101430001B5C1B02E418A022AB18DB191B78591E99
:10144000B318DB191B78581D864A0B00DB005B1AAA
:10145000DB00D3181B5C1B04E418A022AB18DB19BB
:101460001B78591EB318DB191B78981D7D4A0B0099
:10147000DB005B1ADB00D3181B5C1B06E2187B4BFE
:101480001A60A022AB18DB191B78591EB318DB19A0
:101490001B78D81D734A0B00DB005B1ADB00D318E6
:1014A0001B5C1C00A022AB18DB191B78591EB3185B
:1014B000DB191B78083318006A4A0B00DB005B1A43
:1014C000DB00D3181B5C1B021C43A022AB18DB19EA
:1014D0001B78591EB318DB191B7809331800614AB1
:1014E0000B00DB005B1ADB00D3181B5C1B041C43E6
:1014F000A022AB18DB191B78591EB318DB191B7817
:101500000A331800574A0B00DB005B1ADB00D318C4
:101510001B5C1B0622001A43544B5A60A022AB18D6
:10152000DB191B78591EB318DB191B780B33180015
:101530004C4A0B00DB005B1ADB00D3181B5C1C0061
:10154000A022AB18DB191B78591EB318DB191B78C6
:101550000C331800434A0B00DB005B1ADB00D31886
:101560001B5C1B021C43A022AB18DB191B78591E05
:10157000B318DB191B780D3318003A4A0B00DB0057
:101580005B1ADB00D3181B5C1B041C43A022AB18A6
:10159000DB191B78591EB318DB191B780E331800A2
:1015A000304A0B00DB005B1ADB00D3181B5C1B0608
:1015B00022001A432D4B9A60A022AB18DB191B782E
:1015C000591EB318DB191B780F331800254A0B007E
:1015D000DB005B1ADB00D3181B5C1C00A022AB18DD
:1015E000DB191B78591EB318DB191B781033180050
:1015F0001C4A0B00DB005B1ADB00D3181B5C1B02D0
:101600001C43A022AB18DB191B78591EB318DB1939
:101610001B7811331800134A0B00DB005B1ADB0048
:10162000D3181B5C1B041C43A022AB18DB191B78CE
:10163000591EB318DB191B7812331800094A0B0026
:10164000DB005B1ADB00D3181B5C1B0622001A436D
:10165000064BDA6072E12F23A0229B18DA19FF23D0
:1016600013706BE16C110020D51C0020D81C0020E9
:101670001C25A0242B19DB191B78591E2926331988
:10168000DB191B78581CF64A0B00DB005B1ADB00E9
:10169000D3181B5C002B00D048E12F231B19DA194B
:1016A000002313702B19DB191B78591E3319DB1912
:1016B0001B78981CEA4A0B00DB005B1ADB00D3188E
:1016C0001B5CE84A13702B19DB191B78591E331960
:1016D000DB191B78D81CE24A0B00DB005B1ADB002D
:1016E000D3181B5C1C00A022AB18DB191B78591EF9
:1016F000B318DB191B78181DD94A0B00DB005B1AE5
:10170000DB00D3181B5C1B021C43A022AB18DB19A7
:101710001B78591EB318DB191B78581DD04A0B00D3
:10172000DB005B1ADB00D3181B5C1B041C43A022EC
:10173000AB18DB191B78591EB318DB191B78981DE1
:10174000C74A0B00DB005B1ADB00D3181B5C1B06CF
:1017500022001A43C44B1A60A022AB18DB191B7875
:10176000591EB318DB191B78D81DBD4A0B00DB00CE
:101770005B1ADB00D3181B5C1C00A022AB18DB1922
:101780001B78591EB318DB191B7808331800B44AAC
:101790000B00DB005B1ADB00D3181B5C1B021C4335
:1017A000A022AB18DB191B78591EB318DB191B7864
:1017B00009331800AA4A0B00DB005B1ADB00D318C0
:1017C0001B5C1B041C43A022AB18DB191B78591EA1
:1017D000B318DB191B780A331800A14A0B00DB0091
:1017E0005B1ADB00D3181B5C1B0622001A439E4BBE
:1017F0005A60A022AB18DB191B78591EB318DB19ED
:101800001B780B331800964A0B00DB005B1ADB00D9
:10181000D3181B5C1C00A022AB18DB191B78591EC7
:10182000B318DB191B780C3318008D4A0B00DB0052
:101830005B1ADB00D3181B5C1B021C43A022AB18F5
:10184000DB191B78591EB318DB191B780D331800F0
:10185000834A0B00DB005B1ADB00D3181B5C1B0404
:101860001C43A022AB18DB191B78591EB318DB19D7
:101870001B780E3318007A4A0B00DB005B1ADB0082
:10188000D3181B5C1B0622001A43774B9A60A022D8
:10189000AB18DB191B78591EB318DB191B780F33F3
:1018A00018006F4A0B00DB005B1ADB00D3181B5CCF
:1018B0001C00A022AB18DB191B78591EB318DB19CA
:1018C0001B7810331800664A0B00DB005B1ADB0044
:1018D000D3181B5C1B021C43A022AB18DB191B781E
:1018E000591EB318DB191B78113318005C4A0B0022
:1018F000DB005B1ADB00D3181B5C1B041C43A0221B
:10190000AB18DB191B78591EB318DB191B7812337F
:101910001800534A0B00DB005B1ADB00D3181B5C7A
:101920001B0622001A43504BDA6007E02F23A02247
:101930009B18DA19FF23137000E0C046AFE01C23A8
:10194000A0241B19DB191B785A1E29231B19DB192C
:10195000187843491300DB009B1ADB00CB181B5C93
:10196000424A1370414B1B781800F4F701FA030048
:101970001A002F210B19DB191B78934200D189E043
:101980000B19DA19FF23137084E01C23A0241B1900
:10199000DB191B785A1E29231B19DB1918783049CB
:1019A0001300DB009B1ADB00CB181B5C304A137062
:1019B0002F4B1B781800F4F737FA03001A002F2179
:1019C0000B19DB191B78934266D00B19DA19FF2328
:1019D000137061E02F26A0203318DD191B231B187C
:1019E000DB191C782D221318DB191B789C461C214F
:1019F00002000B18DB19197826208318DB191888C8
:101A000029239B18DB191B7800932300624600F002
:101A10009FF803002B70A022B318DB191B78012B51
:101A20003CD1B318DD191B2316009B19DB191C7858
:101A30002D229319DB191A781C218B19DB191978BF
:101A400026208319DB19188829239B19DB191B7899
:101A50000093230000F0DCFC03002B701EE0C04666
:101A60006C110020D51C0020D81C0020B01D0020C7
:101A7000B11D0020C04612E0C04610E0C0460EE096
:101A8000C0460CE0C0460AE0C04608E0C04606E09A
:101A9000C04604E0C04602E0C04600E0C0462F2435
:101AA000A0256319DB191B78012B0CD12D235B19A1
:101AB000DB191B78002200211800F9F79BFC631941
:101AC000DA19002313701C21A0254B19DB191B7890
:101AD000013B1A00D200D21AD3001A00194BD018B9
:101AE0000C004B19DB191B785A1E174B9B5C1A0014
:101AF000002111F0CCFA6319DB191B78591E124A28
:101B0000002353546319DB191A78104B9B5C022B8A
:101B100013D06319DB191A780C4B9B5C032B0CD088
:101B20006319DB191A78094B9B5C042B05D06319E8
:101B3000DB191978054A0023535406F019F8FAF70F
:101B4000EAFDC0466C110020BC120020701000207D
:101B5000B0B584B000AF05000C0010001900BB1D2B
:101B60002A1C1A807B1D221C1A703B1D021C1A7035
:101B7000FB1C0A1C1A700F217B1801221A707B189B
:101B80001B781800BD4604B0B0BD0000F0B5A9B088
:101B900000AF64243B1918003C231A00002111F007
:101BA00076FA5426BB19180010231A00002111F0F0
:101BB0006EFA08257B1918004C231A00002111F039
:101BC00066FA80239B0018000BF056FA3B19092295
:101BD0001A603B19802252025A6021007B180122B0
:101BE0009A617B1802221A627B1803225A627B18C0
:101BF00000229A627B180C22DA627B188022920201
:101C00001A637B18802292045A637B188022920503
:101C10009A637B1818000BF07BFA31007B180722BF
:101C20001A607B1802225A607B1800229A607B1887
:101C30000022DA607B18022118000BF0C9FD290090
:101C40007B18254A1A607B1800229A607B18802234
:101C500092001A647B18802292031A607B1800227B
:101C60009A637B1818000BF05DFF1C4BDA6B1B4B63
:101C7000802149050A43DA63184BDA6B80235B0540
:101C800013407B607B680BF055F90BF02BFF0200D3
:101C9000FA2399001000EEF75DFA0300180009F02E
:101CA000F4FE042009F0FEFE0C4B1A6C0B4B0121D4
:101CB0000A431A64094B1B6C012213403B603B68CA
:101CC00001235B4200220021180009F0A9FEC04652
:101CD000BD4629B0F0BDC04602000200001002401F
:101CE000F0B58DB000AF1C2308215B18DB19002272
:101CF0001A701B267318DB1900221A7026235B1832
:101D0000DB1908221A8018235B18DB1900221A80BD
:101D10007B1800221A60043311220021180011F0F0
:101D2000B6F90AF007FCC44B190004200AF034FD90
:101D30000823F218D619FA239B0018000AF03AFC7F
:101D400003003370BD4B190004200AF025FD1B264B
:101D50000823F218D619FA239B0018000AF02AFC6F
:101D6000030033701B260823F318DB191B78002BA4
:101D700003D0B34B5B68DBB2B2E1B24B5A69B14BF3
:101D800002218A435A61B04B1B78002B00D1B5E089
:101D9000AE4B1B781B029AB2AB4B1B781900182074
:101DA00008268319DB1952181A808319DB191B883E
:101DB0009BB23B6000237B609F493A687B680120AF
:101DC0000AF06AFB1B239B19DE19FA239B001800FB
:101DD0000AF0F0FB030033701B2308269B19DB1964
:101DE0001B78002B03D0964B5B68DBB278E1954BF8
:101DF0005A69944B01218A435A61252308229B1872
:101E0000DB1901221A7070E0242308229B18DB19C9
:101E100000221A705AE0252008268319DB191B7846
:101E20005A1E8B491300DB009B1A5B005B5A002B88
:101E300043D0262331005B18DB191B887E4A9E188D
:101E40004318DB191B785A1E24235B18DB191878FA
:101E50007F491300DB009B1A1B185B005B5A1C00B8
:101E600000231D0022002B00310001200AF014FB8A
:101E70001B2308215B18DE19FA239B0018000AF0C7
:101E800099FB030033701B2308215B18DB191B78B7
:101E9000002B03D06A4B5B68DBB221E1694B5A69C6
:101EA000684B01218A435A61262208215318DB1905
:101EB0005218D219128808321A80242108200B18CF
:101EC000DB191A780B18DB1901321A702423082049
:101ED0001B18DB191B780A2B9DD925210B18DB1940
:101EE0001A780B18DB1901321A70584B1B7825220F
:101EF00008215218D21912789A4285D94F4BBB62E9
:101F00001F2308229B18DB1900221A70D8E01F201B
:101F100008240319DB191A784E4913009B009B18FB
:101F20009B005B5C002B00D1C1E03B19FE221A70C4
:101F30000319DB191A7813009B009B189B00454A74
:101F400099183B1901331422180011F0C8F91E2307
:101F50001B19DB1900221A7032E0B96A1E23082609
:101F60009B19DB191B78DB00BA19D3181A685B6858
:101F700001200AF091FA1B25AB19DC19FA239B000A
:101F800018000AF017FB03002370AB19DB191B784C
:101F9000002B03D02A4B5B68DBB2A1E0294B5A69C6
:101FA000284B01218A435A61BB6A0833BB621E2158
:101FB00008200B18DB191A780B18DB1901321A707C
:101FC0001E2308229B18DB191B78042BC5D91D235F
:101FD0009B18DB1900221A7050E0B86A1F230824EE
:101FE0001B19DB191A781B4913009B009B189B00D7
:101FF000CB180C331B681D221219D21912789200CB
:102000009B181A685B68010001200AF045FA1B253D
:1020100026002B19DC19FA239B0018000AF0CAFAD3
:1020200003002370AB19DB191B78002B14D0044B71
:102030005B68DBB254E0C0460000040800100408EE
:102040009894012000200240A1000020A000002060
:1020500038020020E0130020234B5A69224B012153
:102060008A435A61BB6A0833BB621D2108200B18E2
:10207000DB191A780B18DB1901321A701D2308229C
:102080009B18DB191C781F239B18DB191A7817493A
:1020900013009B009B189B00CB180C331B68180087
:1020A000EEF73CF8030001339B089C4295D31F21B7
:1020B00008200B18DB191A780B18DB1901321A707B
:1020C0000B4B1B781F2208241219D21912789A423E
:1020D00000D21CE70AF052FA1C231B19DB191B78EB
:1020E0001800BD460DB0F0BD00200240E0130020F6
:1020F00044140020F0B589B004AF05000C001000B6
:102100001900FB1D2A1C1A70BB1D221C1A707B1D96
:10211000021C1A703B1D0A1C1A700F257B19002225
:102120001A700E26BB1900221A704A4B1A787C19B5
:10213000BB1D1B7819001000F2F7ACFB03002370E5
:102140003B1D1B78002B0ED0424B1B78BA1D12781A
:102150009A4208D17B193A1D12781A70BB193D4A70
:1021600012781A701BE03B1D1B78002B17D1BB1D8A
:102170001B78013B384AD35C012B05D10E23FB1899
:10218000344A12781A700AE0BB1D1B78013B324AB0
:10219000D35C5A1E0E23FB1830498A5C1A702D4BF3
:1021A0001B78FA1D12789A422FD105F06DFA0300C0
:1021B000BB603B1D1B78002B08D1294B1968BB1D48
:1021C0001A78BB68180010F0E3FE08E0254B196888
:1021D000BB1D1A783B1D1B78B86810F0D9FE224B46
:1021E0001A68BB681100180010F059FFBB6818008E
:1021F000EDF794FF03009AB2B9687B1D187832237B
:1022000004F0E4FE642008F0C7FB7B1D1B78180077
:1022100000F02CF80F257B191B78180000F026F829
:102220000C4B19780B4B1C787B191A787B1D18788E
:102230000023039301235B42029301235B4201933A
:10224000022300932300F9F77FFCC046BD4605B08A
:10225000F0BDC046A10000203C110020E81C002079
:1022600094000020980000209C00002080B584B0DD
:1022700000AF0200FB1D1A70FB1D1B78180004F054
:1022800001FF0300FB60FB68E12212025A60FB6859
:102290008022D2001A61FB68802252019A60FB689A
:1022A00018000CF079FBFB681B681A68FB681B6858
:1022B00020210A431A60C046BD4604B080BD00001C
:1022C00080B584B002AF04F041FA04F07DFA04F066
:1022D000B9FA04F0F5FA04F023FB01F04BFDFA2300
:1022E00099003B483B4B00930123002207F0A2FFDB
:1022F0000200394B1A6001237B6061E07B68DBB22E
:10230000180004F0BFFE0200344B9A4206D17B68ED
:102310005A1E334B92003349D1504EE07B68DBB2FA
:10232000180004F0AFFE02002F4B9A4206D17B68E2
:102330005A1E2B4B92002D49D1503EE07B68DBB2F8
:10234000180004F09FFE0200294B9A4206D17B68D8
:102350005A1E234B92002749D1502EE07B68DBB2F6
:10236000180004F08FFE0200234B9A4206D17B68CE
:102370005A1E1B4B92002149D1501EE07B68DBB2F4
:10238000180004F07FFE02001D4B9A4206D17B68C4
:102390005A1E134B92001B49D1500EE07B68DBB2F2
:1023A000180004F06FFE0200174B9A4205D17B68BB
:1023B0005A1E0B4B92001549D1507B6801337B604C
:1023C0007B68052B9ADDC046C046BD4602B080BD85
:1023D000C0AA0208912501083C230020C41F002048
:1023E0002C1000200C000240582000202000024049
:1023F000EC200020340002408021002048000240F0
:10240000142200205C000240A8220020700002403C
:10241000B0B584B000AF05000C0010001900BB1D62
:102420002A1C1A807B1D221C1A703B1D021C1A706C
:10243000FB1C0A1C1A700F23FB1800221A700023C1
:10244000BB60BB1D1B88BC22920093424ED0BC22B5
:10245000920093424DDC2D4A934203D02C4A934282
:1024600041D046E07B1D1B785A1E20257B19197828
:1024700028481300DB009B1ADB00C3185B5C1C00C0
:102480007B1D1B785A1E7B191B78591C2148130091
:10249000DB009B1ADB00C3185B5C1B02E1187B1D91
:1024A0001B785A1E7B191B78981C1A4C1300DB00F2
:1024B0009B1ADB00E3181B5C1B04C9187B1D1B78EF
:1024C0005A1E7B191B78D81C124C1300DB009B1A78
:1024D000DB00E3181B5C1B06CB18BB60BB68180055
:1024E00000F060F80AE000F0A7F807E000F0B8F8A4
:1024F00004E00F23FB1801221A70C0460F23FB18BB
:102500001B781800BD4604B0B0BDC046EE02000006
:10251000EF0200006C11002080B500AFC046BD4640
:1025200080BD000080B582B000AF78607B681B681A
:10253000124A934201D101231CE07B681B68104AB8
:10254000934201D1022315E07B681B680D4A934238
:1025500001D103230EE07B681B680B4A934201D133
:10256000042307E07B681B68084A934201D10523D6
:1025700000E000231800BD4602B080BD003C0140D1
:102580000044004000500040004800400038014036
:1025900080B582B000AF786000F04EF8C046BD460E
:1025A00002B080BD90B585B002AF78601E4B0122AD
:1025B000202118000AF01DFC7B68013327D01B4B3B
:1025C0001B68180008F034F9031E08D0174B186870
:1025D0006423009300230022032107F07BFE134BAA
:1025E0001C687A6813005B019B1A9B009B18DB0038
:1025F0001A00FA2399001000EDF7ACFD03001A0051
:102600006423009300230421200007F063FE084B9D
:1026100001221A70064B1A78064B1A700023180014
:10262000BD4603B090BDC046000400503C230020CE
:10263000402300207802002080B500AF064B002226
:10264000202118000AF0D5FB044B00221A70002349
:102650001800BD4680BDC046000400504023002045
:1026600090B583B000AF134B1B78002B0AD0FC1D34
:10267000FFF7E2FF03002370FB1D1B78002B13D034
:10268000FF2312E00C4B1B78012B0DD1FC1D012305
:102690005B421800FFF786FF03002370FB1D1B78C9
:1026A000002B01D0FF2300E000231800BD4603B03B
:1026B00090BDC046402300207802002080B584B041
:1026C00000AFF860B9607A60BB689B00094A944625
:1026D00063441B687F2293431900BB689B00054A33
:1026E000944663447A680A431A60C046BD4604B003
:1026F00080BDC0460008024080B582B000AF1D4BCF
:102700009A6B1C4B01210A439A631A4B9B6B012263
:1027100013407B607B68174B9A6B164B02210A4370
:102720009A63144B9B6B022213403B603B68124A36
:10273000124B1100180000F033F8114A114B110030
:10274000180000F02DF8104A104B1100180000F08E
:1027500027F80F4A0F4B1100180000F021F80E4A1D
:102760000E4B1100180000F01BF8C046BD4602B029
:1027700080BDC046001002406C000240942300203F
:102780001C000240F4230020580002405424002082
:1027900030000240B424002008000240142500202C
:1027A00080B582B000AF786039607B683A681A60A3
:1027B0007B6800229A607B680022DA607B68802256
:1027C0001A617B6800225A617B6800229A617B68EB
:1027D0002022DA617B68802292011A627B681800ED
:1027E00009F0ACFBC046BD4602B080BD80B582B0EA
:1027F00000AF786039607B683A681A607B680022B5
:102800009A607B680022DA607B6800221A617B682C
:1028100000225A617B6800229A617B682022DA617B
:102820007B68802252011A627B68180009F086FBDF
:10283000C046BD4602B080BD80B500AF1A4B5B7884
:10284000002B05D1194A1A4B1100180000F042F86C
:10285000154B9B78002B05D1164A174B1100180019
:1028600000F038F8104BDB78002B05D1134A144BDD
:102870001100180000F02EF80B4B1B79002B05D12E
:10288000104A114B1100180000F024F8064B5B7938
:10289000002B05D10D4A0E4B1100180000F01AF85C
:1028A000C046BD4680BDC046701000209423002065
:1028B000A8220020F42300205820002054240020C7
:1028C00014220020B4240020EC2000201425002035
:1028D000C41F002080B582B000AF786039607B688B
:1028E0001800FFF71FFE03005A1E13005B009B1821
:1028F0009B01054A99187B68C02218000CF094FAD5
:10290000C046BD4602B080BDA016002080B582B092
:1029100000AF78607B68DB6F180000F031F97B68EE
:10292000DB6F00229A627B680022DA67C046BD46F0
:1029300002B080BDB0B586B000AFF860B960BB1D15
:102940001A8017257C19FB681800FFF7EBFD0300C0
:1029500023707B191B785A1E13005B009B185B01C8
:102960000D4A9B183B613A69FB681100180000F0A2
:1029700079F9FB68882220219950BB681B682833AD
:102980001900BB1D1A88FB6818000CF04DFAC046F0
:10299000BD4606B0B0BDC046F426002080B584B068
:1029A00000AF0200FB1D1A70FB1D1B785A1E13009E
:1029B0005B009B185B01124A9B18FB60FB1D1B7898
:1029C000180004F05FFB0300BB60BB6818000CF04C
:1029D00091FAFB681B6800225A60FB1D1B785A1E87
:1029E000084B92000021D150FB1D1B785A1E064B4C
:1029F00092000021D150C046BD4604B080BDC04603
:102A0000F4260020B41A0020C81A002080B584B033
:102A100000AF0200FB1D1A70FB1D1B78180004F0AC
:102A200031FB0300FB60FB1D1B785A1E13005B008B
:102A30009B185B01074A9B18BB60FB6818000CF0F1
:102A400059FABB681B6800225A60C046BD4604B0F4
:102A500080BDC0469423002080B582B000AF020044
:102A6000FB1D1A70FB1D1B781800FFF7CFFFFB1D25
:102A70001B785A1E13005B009B185B01084A9818CC
:102A8000FB1D1B785A1E074913005B009B185B0156
:102A90005B581900FFF7AAFEC046BD4602B080BDD4
:102AA000F42600209423002080B584B000AF0200FB
:102AB000FB1D1A70FB1D1B781800FFF76FFFFB1D35
:102AC0001B78180004F0DEFA0300FB60FB1D1B7886
:102AD0005A1E13005B009B185B01254A9818FB1DCA
:102AE0001B785A1E234913005B009B185B015B583F
:102AF0001900FFF755FEFB68180003F041FFFB1DAE
:102B00001B785A1E1B4913005B009B185B01CB18F6
:102B100028331B681800FFF705FD03001A00164B49
:102B200000219954FB1D1B785A1E124913005B00AB
:102B30009B185B0100225A50FB1D1B785A1E0F4B3D
:102B400092000021D150FB1D1B78180004F09AFA66
:102B5000FB1D1B785A1E13005B009B185B01044A87
:102B60009B181900FFF7B6FEC046BD4604B080BDF5
:102B700094230020F426002070100020A01A0020CA
:102B800080B582B000AF78607B681B68294A9342A9
:102B900047D0284A934248D8274A934241D0264AF0
:102BA000934242D8254A93423BD0244A93423CD890
:102BB000234A934231D0224A934236D8214A934243
:102BC0002BD0204A934230D81F4A934229D01E4A24
:102BD00093422AD81D4A934223D01C4A934224D8B8
:102BE0001B4A93421DD01A4A93421ED8194A934257
:102BF00017D0184A934218D8174A93420DD0164A54
:102C0000934212D8154A934203D0154A934204D0F6
:102C10000BE0092008F029FF08E00A2008F025FF52
:102C200004E00B2008F021FF00E0C046C046BD468E
:102C300002B080BD58040240440402403004024007
:102C40001C04024008040240800002406C00024064
:102C50005800024044000240300002400800024098
:102C60001C00024080B582B000AF786039607B689C
:102C70001B68374A93420BD13B681B68354A934225
:102C800006D1354B322200211800FFF717FD53E023
:102C90007B681B68314A93420BD13B681B68304A02
:102CA000934206D12F4B342201211800FFF706FD75
:102CB00042E07B681B682C4A93420BD13B681B683F
:102CC0002A4A934206D12A4B362202211800FFF7E6
:102CD000F5FC31E07B681B68264A93420BD13B68C8
:102CE0001B68254A934206D1244B38220321180041
:102CF000FFF7E4FC20E07B681B68214A93420BD17C
:102D00003B681B681F4A934206D11F4B4A2204218D
:102D10001800FFF7D3FC0FE07B681B681B4A934247
:102D20000AD13B681B681A4A934205D1194B4C22C1
:102D300005211800FFF7C2FC7B6880213A685A50D1
:102D40003B687A689A62C046BD4602B080BDC04604
:102D50000038014008000240542A0020004400408E
:102D60001C000240582A0020004800403000024069
:102D70005C2A0020004C004044000240602A0020F1
:102D80000050004058000240642A0020003C0140EE
:102D90006C000240682A002080B500AF0D4B0E4A3F
:102DA0001A600C4B1022DA600A4B00225A71094B50
:102DB00000221A71074B00225A61064B00229A61C9
:102DC000044B03221A62034B180008F085FEC0462C
:102DD000BD4680BD842A00200030024080B584B00A
:102DE00000AF7860084B9A6B074B802149010A437A
:102DF0009A63054B9A6B80235B011340FB60FB6871
:102E0000C046BD4604B080BD0010024080B586B00B
:102E100000AF78600A00BB1C1A800823FB18002250
:102E20001A607B68002B00D192E0BB1C1B88002B32
:102E300000D18DE0BB1C1B88032B33D81623FB1855
:102E400000221A7000233B611BE01622BB181B787E
:102E5000BA18591C11701A007B689B18197808233E
:102E6000FA183B69D3180A1C1A70BB1CBA1C1288CA
:102E7000013A1A80BB1C1B88002B06D03B6901332A
:102E80003B613B69032BE0DD00E0C0460823F918F5
:102E9000324B0122180008F0CCFE02001723FB1869
:102EA0001A7051E0BB1C1B889B089BB21A00796802
:102EB0002A4B180008F0BDFE02001723FB181A70F9
:102EC000BB1C1B88032213409BB2002B3CD0BB1CB5
:102ED0001B88DAB21623FB1803218A431A70BB1C25
:102EE000BA1C128803210A401A800023FB601BE0F1
:102EF0001622BB181B78BA18591C11701A007B686F
:102F00009B1819780823FA18FB68D3180A1C1A7042
:102F1000BB1CBA1C1288013A1A80BB1C1B88002BF0
:102F200006D0FB680133FB60FB68032BE0DD00E0AB
:102F3000C0460823F918094B0122180008F032FE98
:102F400002001723FB181A701723FB181B7800E0E8
:102F500000231800BD4606B080BDC046842A00206C
:102F6000B0B584B000AF0A243B1906221A800825A8
:102F70007B1906221A800E23FB1800221A80BB1D23
:102F800000221A803B1D00221A800C23FB1801220C
:102F900052421A80BB1C01221A8009F0CBFAD14B95
:102FA0001A683B191A80D04B1A687B191A803B1992
:102FB0001B88CE4A93420CD080225202934200DBFF
:102FC000D8E2002B00D1DFE1C94A934200D1AEE044
:102FD000D0E20823FB181B88002B36D1C14A80237E
:102FE0001B021100180009F0D7FBFA239B00180000
:102FF00009F0E0FA03001A00BB1C1A80BB1C1B88F6
:10300000002B03D0BB4B5B689BB2D2E2BA4A802351
:103010001B021100180009F0BFFBFA239B001800E7
:1030200009F0C8FA03001A00BB1C1A80BB1C1B88DD
:10303000002B03D0AF4B5B689BB2BAE2AF4B5A692F
:10304000AE4B02218A435A61A9E20823FB181B8870
:10305000A74A934254D1A34A80231B0211001800AF
:1030600009F09AFBFA239B00180009F0A3FA030069
:103070001A00BB1C1A80BB1C1B88002B03D09D4B65
:103080005B689BB295E29C4A80231B0211001800EA
:1030900009F082FBFA239B00180009F08BFA030069
:1030A0001A00BB1C1A80BB1C1B88002B03D0914B41
:1030B0005B689BB27DE2914B5A69904B02218A4337
:1030C0005A618F4A01235B428749012009F0E4F9E4
:1030D000FA239B00180009F06DFA03001A00BB1CCC
:1030E0001A80BB1C1B88002B03D0824B5B689BB2F1
:1030F0005FE2824B5A69814B01218A435A614EE259
:10310000BC1C00F001FB03002380FA239B00180085
:1031100009F050FA03001A00BB1C1A80BB1C1B8864
:10312000002B00D13BE2734B5B689BB241E208236A
:10313000FB181B88002B00D0A1E00E23FB180122F6
:103140001A8044E06F4B1B889BB20E217A181288BC
:103150009A4204D10C23FB187A1812881A800E2583
:103160007B191A880C23FB1800215B5E9A4228D039
:103170003C1D654A7B191B881100180000F032FACB
:10318000030023803B1D1B88012B1AD05E4B1A883D
:10319000BC1D7B191B881100180000F0A3FB030065
:1031A0002380FA239B00180009F004FA03001A0098
:1031B000BB1C1A80BB1C1B88002B02D0BB1D1B88AC
:1031C000F7E10E217B181A887B1801321A800E2332
:1031D000FB181A888023DB009A42B3D9484A01239E
:1031E0005B424049012009F057F9FA239B0018007F
:1031F00009F0E0F903001A00BB1C1A80BB1C1B88F5
:10320000002B03D03B4B5B689BB2D2E13B4B5A692E
:103210003A4B01218A435A61334B1900042009F0CB
:10322000BBFAFA239B00180009F0C4F903001A0046
:10323000BB1C1A80BB1C1B88002B03D02D4B5B686A
:103240009BB2B6E1314B1900042009F0A5FAFA232C
:103250009B00180009F0AEF903001A00BB1C1A808D
:10326000BB1C1B88002B03D0224B5B689BB2A0E1E8
:10327000224B5A69214B02218A435A6191E108236A
:10328000FB181B88194A934267D1174B1900042079
:1032900009F082FAFA239B00180009F08BF9030069
:1032A0001A00BB1C1A80BB1C1B88002B03D0114BBF
:1032B0005B689BB27DE1154B1900042009F06CFAA4
:1032C000FA239B00180009F075F903001A00BB1CD3
:1032D0001A80BB1C1B88002B1AD0064B5B689BB264
:1032E00067E1C04600D8070800E80708FFFF0000B4
:1032F000EEEE00009894012000E007080020024054
:103300000000FFFF06D80708F82A002000F0070891
:10331000AA4B5A69A94B02218A435A61A84A012340
:103320005B42A849012009F0B7F8FA239B00180076
:1033300009F040F903001A00BB1C1A80BB1C1B8853
:10334000002B03D0A04B5B689BB232E19B4B5A69C8
:103350009A4B01218A435A6123E1BC1C00F0D4F945
:1033600003002380FA239B00180009F023F90300CF
:103370001A00BB1C1A80BB1C1B88002B00D110E15B
:10338000914B5B689BB214E10823FB181B88002B50
:1033900015D1BC1C00F0B8F903002380FA239B0070
:1033A000180009F007F903001A00BB1C1A80BB1CA7
:1033B0001B88002B00D1F6E0BB1C1B88F9E008231A
:1033C000FB181B88814A934232D1814B190004209B
:1033D00009F0E2F9FA239B00180009F0EBF803006A
:1033E0001A00BB1C1A80BB1C1B88002B03D0764B19
:1033F0005B689BB2DDE0774B1900042009F0CCF943
:10340000FA239B00180009F0D5F803001A00BB1C32
:103410001A80BB1C1B88002B03D06B4B5B689BB2D4
:10342000C7E0664B5A69654B02218A435A61BAE08C
:103430000E23FB1801221A8044E0674B1B889BB2C5
:103440000E217A1812889A4204D10C23FB187A189C
:1034500012881A800E257B191A880C23FB1800216C
:103460005B5E9A4228D03C1D5C4A7B191B88110088
:10347000180000F0B7F8030023803B1D1B88012BC8
:103480001AD0564B1A88BC1D7B191B8811001800D6
:1034900000F028FA03002380FA239B00180009F0AB
:1034A00089F803001A00BB1C1A80BB1C1B88002B68
:1034B00002D0BB1D1B887CE00E217B181A887B186C
:1034C00001321A800E23FB181A888023DB009A42EF
:1034D000B3D93B4A01235B423D49012008F0DCFFA0
:1034E000FA239B00180009F065F803001A00BB1CC2
:1034F0001A80BB1C1B88002B03D0334B5B689BB22C
:1035000057E02E4B5A692D4B01218A435A612D4BAE
:103510001900042009F040F9FA239B00180009F073
:1035200049F803001A00BB1C1A80BB1C1B88002B27
:1035300003D0254B5B689BB23BE0294B190004206C
:1035400009F02AF9FA239B00180009F033F8030068
:103550001A00BB1C1A80BB1C1B88002B03D01A4B03
:103560005B689BB225E0154B5A69144B02218A43D4
:103570005A6118E0BC1C00F0C7F803002380FA234E
:103580009B00180009F016F803001A00BB1C1A80F3
:10359000BB1C1B88002B08D0BB1C1B8809E0C04645
:1035A00004E0C04602E0C04600E0C04608F0E6FF86
:1035B00000231800BD4604B0B0BDC0460020024044
:1035C0000000FFFF00D8070898940120FFFF0000CB
:1035D00000E8070800F0070806E80708F82A0020B6
:1035E00000E00708B0B586B000AF02003960BB1D2F
:1035F0001A800E217B1800221A800C23FB18264A01
:103600001A801623FB1801221A8000233B61002335
:10361000BB600D007C18002000F01CF90300238023
:103620007B191B88AB2B01D1AB2330E00E22BB18DA
:103630001B881A498C466344DB02BB60BB181B889D
:10364000174A94466344DB023B6118E03A690C2157
:103650007B1812881A807A18BB1D12881B889A4220
:103660000AD13B69083B1B889AB23B681A80162333
:10367000FB1800221A8007E03B69083B3B61BB68EE
:1036800004333A699A42E1D81623FB181B881800C4
:10369000BD4606B0B0BDC04655550000FB00010058
:1036A000FD000100B0B584B000AF0200BB1D1A8060
:1036B0003B1D0A1C1A800E257B1900221A8008F077
:1036C00039FF7C193B1D1A88BB1D1B88110018008F
:1036D00000F008F9030023807B191B88802B0AD196
:1036E0007C193B1D1A88BB1D1B881100180000F0B7
:1036F000A9F90300238008F041FF0E23FB181B8863
:103700001800BD4604B0B0BD90B583B000AFFB1D3E
:1037100000221A7008F00EFF474A80231B02110096
:10372000180009F039F8FC1DFA239B00180008F076
:1037300041FF03002370FB1D1B78002B03D03F4B80
:103740005B689BB274E03E4A80231B0211001800A4
:1037500009F022F8FC1DFA239B00180008F02AFF4C
:1037600003002370FB1D1B78002B03D0334B5B68D9
:103770009BB25DE0334B5A69324B02218A435A6156
:10378000314A01235B422C49012008F085FEFC1DD3
:10379000FA239B00180008F00DFF03002370FB1DA7
:1037A0001B78002B03D0254B5B689BB240E0254B78
:1037B0005A69244B01218A435A6108F0DFFE234AEB
:1037C00080231B021100180008F0E6FFFC1DFA23FD
:1037D0009B00180008F0EEFE03002370FB1D1B7811
:1037E000002B03D0154B5B689BB221E0184A802365
:1037F0001B021100180008F0CFFFFC1DFA239B00EC
:10380000180008F0D7FE03002370FB1D1B78002B67
:1038100003D00A4B5B689BB20AE00A4B5A69094B1A
:1038200001218A435A6108F0A9FEFB1D1B789BB257
:103830001800BD4603B090BD00D807089894012039
:1038400000E00708002002400000FFFF00E8070832
:1038500000F0070880B584B000AF0200FB1D1A70AD
:103860000623FB600623BB601B4B1B889BB2FB60DF
:103870001A4B1B889BB2BB60FB1D1B78002B19D019
:10388000012B23D1BB68002B07D1FB68144A93425C
:1038900001D100231BE0022319E0FB68002B07D1B4
:1038A000BB680F4A934201D1022310E000230EE0CF
:1038B000AB230CE0FB68002B01D1002307E0BB68C1
:1038C000002B01D1022302E0AB2300E0002318000B
:1038D000BD4604B080BDC04600D8070800E8070810
:1038E000EEEE0000F0B589B000AF02000E23FB1829
:1038F0001A800C23FB180A1C1A80132308215B185A
:10390000DB1900221A7010267318DB1900221A80A6
:103910000023FB6100237B6108F00CFE0821731873
:10392000DE190120FFF796FF0300338010260821DF
:103930007318DB191B88AB2B01D1AB2375E0102268
:1039400008201318DB191B883A498C466344DB02B4
:10395000FB611318DB191B880233DB02364A9446DD
:1039600063447B615AE0FB691B68013353D10C232C
:10397000FB181B889BB21C0000231D00F969220064
:103980002B00012008F088FD13250826AB19DC194F
:10399000FA239B00180008F00DFE03002370AB19FA
:1039A000DB191B78002B03D0244B5B689BB23CE0F7
:1039B000234B5A69224B01218A435A61FB69083320
:1039C00019000E23FB181B889BB23B6000237B6011
:1039D0003A687B68012008F05FFD13250826AB19C3
:1039E000DC19FA239B00180008F0E4FD03002370A3
:1039F000AB19DB191B78002B03D0104B5B689BB213
:103A000013E00F4B5A690E4B01218A435A610B4B4D
:103A10005B689BB209E0FB690833FB61FA697B696B
:103A20009A42A0D308F0AAFD80231800BD4609B031
:103A3000F0BDC046FB000100FED7070898940120A6
:103A400000200240F0B589B000AF0200BB1D1A8013
:103A50003B1D0A1C1A801923FB1800221A70002330
:103A60007B610023FB6112243B1900221A801A2378
:103A7000FB1800221A801023FB1800221A800E2344
:103A8000FB1800221A8008F055FD25003C19002083
:103A9000FFF7E0FE030023807B191B88022B04D173
:103AA000664B7B61664BFB610BE01223FB181B88A6
:103AB000002B04D1624B7B61604BFB6101E0AB23C7
:103AC000B7E019257C19FA239B00180008F072FD55
:103AD000030023707B191B78002B03D0594B5B68C4
:103AE0009BB2A6E0584B5A69574B01218A435A6151
:103AF00010257C193B1D1A88BB1D1B88110018005E
:103B0000FFF7F0FE030023807B191B88002B02D0F7
:103B10007B191B888DE01A23FB1801221A802EE0E6
:103B20001A257A19BB1D12881B889A4221D00E26AD
:103B3000BC19464A7B191B8811001800FFF752FD7B
:103B400003002380BB191B88012B12D03F4B1A881E
:103B50001026BC197B191B8811001800FFF7C2FE44
:103B600003002380BB191B88002B02D0BB191B88C4
:103B70005FE01A217B181A887B1801321A801A23F9
:103B8000FB181A888023DB009A42C9D9FB69190007
:103B9000042008F001FE19257C19FA239B00180067
:103BA00008F008FD030023707B191B78002B03D05D
:103BB000244B5B689BB23CE0FB6980221201944677
:103BC00063441900042008F0E7FD19257C19FA2345
:103BD0009B00180008F0EEFC030023707B191B7893
:103BE000002B03D0174B5B689BB222E0164B5A693F
:103BF000154B02218A435A6119257C19FA239B002F
:103C0000180008F0D7FC030023707B191B78002BE9
:103C100003D00C4B5B689BB20BE00B4B5A690A4B11
:103C200001218A435A6108F0A9FC1923FB181B786B
:103C30009BB21800BD4609B0F0BDC04600D80708C9
:103C400000E807089894012000200240F82A00208C
:103C5000B0B588B000AF78601F23FB1800221A703F
:103C60000C217B1802221A607B187A689A607B18F4
:103C70000122DA601E257C190823FA187B1811002E
:103C8000180008F005FD030023707B191B78002B3A
:103C900002D1BB68013302D0044B16221A701F23D5
:103CA000FB181B781800BD4608B0B0BDF612002006
:103CB00080B586B000AF214B5A6B204B04210A43DC
:103CC0005A631E4B5B6B042213407B617B691B4B69
:103CD0005A6B1A4B01210A435A63184B5B6B012242
:103CE00013403B613B69154B5A6B144B08210A4347
:103CF0005A63124B5B6B08221340FB60FB680F4B4F
:103D00005A6B0E4B02210A435A630C4B5B6B022227
:103D10001340BB60BB68094B5A6B084B20210A4318
:103D20005A63064B5B6B202213407B607B6800F07C
:103D300007F8C046BD4606B080BDC0460010024030
:103D400080B586B000AF3B1D40221A603B1D0122AA
:103D50005A603B1D00229A603B1D0222DA603A1D28
:103D6000A023DB051100180008F0E2FDC046BD46A7
:103D700006B080BD80B586B000AF3B1D180014238F
:103D80001A0000210FF083F90D4B002220211800AA
:103D900009F02FF83B1D20221A603B1D01225A60BA
:103DA0003B1D00229A603B1D0022DA603B1D044A45
:103DB0001900100008F0BCFDC046BD4606B080BD2D
:103DC00000040050F0B593B002AF534B5A6B524B06
:103DD00001210A435A63504B5B6B012213403B6144
:103DE0003B694D4B5A6B4C4B02210A435A634A4B79
:103DF0005B6B02221340FB60FB68474B5A6B464BE0
:103E000004210A435A63444B5B6B04221340BB609A
:103E1000BB68414B5A6B404B08210A435A633E4BE7
:103E20005B6B082213407B607B682423F8181A25FB
:103E30007A192823F9181823FB180093030001208E
:103E400000F06EF81C23F8181623FA182023F9182E
:103E50001426BB1900930300052000F061F82C2103
:103E60007B1801225A607B1800229A607B191B88FC
:103E70001A007B181A60BB6A1A000C007B18190024
:103E8000100008F055FD21007B1800225A607B18B5
:103E900002229A60BB191B881A007B181A60FB6902
:103EA0001A007B181900100008F042FDBB6A1800C8
:103EB0007B191B880022190008F09BFF052002F0E7
:103EC00021FCFB691A00BB191B881900100008F0BF
:103ED00073FF031E17D1BB6A18007B191B880122D0
:103EE000190008F086FF052002F00CFCFB691A009F
:103EF000BB191B881900100008F05EFF0300012B9E
:103F000001D1012304E0054B012252421A60002333
:103F10001800BD4611B0F0BD00100240F07F002037
:103F200080B586B000AFB9607A603B600F217B1826
:103F3000021C1A701723FB1800221A707B181B78BA
:103F4000180003F09FF803003B613A69294B9A423D
:103F50000ED1BB68A022D2051A607B6804221A80A9
:103F60003B68A022D2051A603B6A08221A803AE018
:103F70003A69214B9A420ED1BB68204A1A607B688D
:103F80008022D2001A803B681C4A1A603B6A802259
:103F900012011A8027E03A69194B9A420CD1BB688A
:103FA000164A1A607B6801221A803B68134A1A601D
:103FB0003B6A02221A8016E03A69124B9A420ED1ED
:103FC000BB680E4A1A607B68802252001A803B68E8
:103FD0000A4A1A603B6A802292001A8003E0172383
:103FE000FB18FF221A701723FB181B781800BD4618
:103FF00006B080BD58200020EC20002000040050B6
:1040000014220020A822002080B582B000AF020058
:10401000FB1D1A70C046BD4602B080BD90B587B08A
:1040200002AF0F23FB1800221A700E23FB18002288
:104030001A700D23FB1801221A7000F0B3FB0D203B
:104040003B181A78C2491300DB009B18CB180133C8
:104050001B78002B01D100F09FFBBE4B1B78012287
:104060005340DBB2002B07D03B181A78B849130035
:10407000DB009B1800225A543C1DBA1C0823F91877
:104080000D23FB1818783B0000932300FFF748FF2F
:10409000BB681800BB1C1B880022190008F0A9FE91
:1040A0000A2002F00BFB7B681A003B001B881900FA
:1040B000100008F081FE031E16D1BB681800BB1C5F
:1040C0001B880122190008F094FE0A2002F0F6FA7B
:1040D0007B681A003B001B880F217C181900100018
:1040E00008F06AFE03002370BB681800BB1C1B8825
:1040F0000022190008F07DFE0D23FB181A78944960
:104100001300DB009B18CB1801331B78042B44D021
:1041100057DC032B2DD054DC012B02D0022B14D002
:104120004FE00F23FB181B78012B04D10E23FB1843
:1041300004221A7047E00F23FB181B78002B42D192
:104140000E23FB1803221A703DE00F23FB181B7887
:10415000012B04D10E23FB1804221A7035E00F2323
:10416000FB181B78002B30D10E23FB1803221A708A
:104170002BE00F23FB181B78012B04D10E23FB1817
:1041800002221A7023E00F23FB181B78002B1ED18C
:104190000E23FB1801221A7019E00F23FB181B785D
:1041A000012B04D10E23FB1801221A7011E00F23FA
:1041B000FB181B78002B0CD10E23FB1802221A705F
:1041C00007E0C04606E0C04604E0C04602E0C04644
:1041D00000E0C0460E22BB181B78042B03D0BB188E
:1041E0001B78022B19D10D217B181A785A4B92009B
:1041F000D3585A4A934209D87B181B78564A9900DB
:104200008A58511C544A9B00995006E00D23FB1814
:104210001A78514B92000021D1500E22BB181B7806
:10422000032B03D0BB181B78012B40D10D217B1829
:104230001A784B4B9200D358484A934209D87B18BE
:104240001B78474A99008A58511C454A9B0099504F
:1042500006E00D23FB181A78414B92000021D15043
:10426000404B1B78022B11D10D217B181B783E4A45
:10427000D25C3E4B5B799A4208D87B181B783A4A4D
:10428000D25C0132D1B2384AD15410E00D217B18F2
:104290001B78354AD25C354B5B799A4207D9314B52
:1042A00000221A707B181B782F4A0021D1540D214F
:1042B0007B181A78284B9200D3582C4A12889342C4
:1042C00000D294E07B181A78234B9200D358274AE7
:1042D0001288934211D108007B181A781C491300E8
:1042E000DB009B1807225A543B181B781A4A990086
:1042F0008A58511C184A9B0099500D217B181A7836
:10430000174B9200D358194A1288934205D97B184B
:104310001A78134B92000021D1500D217B181A7886
:104320000D4B9200D358114A528893423ED97B18C4
:104330001A78094B9200D258FA235B009A4235D280
:10434000084B1B78002B13D1064B01221A704DE04D
:104350004C2B0020BB2B0020842B0020FEFF0000F4
:104360009C2B00204A2C0020B42B00205010002051
:10437000D94B1B78022B39D10D217B181B78D74ADA
:10438000D25CD74B1B799A4230D97B181B78D34A21
:10439000D25CD34B5B799A4228D2CF4B03221A705E
:1043A0007B181B78CD4A0021D1541FE00D217B18CA
:1043B0001A78CC4B9200D258FA235B009A4216D35B
:1043C0007B181A78C74B9200D358C74A93420ED82D
:1043D000C14B1B78002B02D0BF4B00221A700D235B
:1043E000FB181B78180000F0EDF900E0C0460D2125
:1043F0007B181A78BD4B9200D358B94A1288934261
:1044000000D277E07B181A78B84B9200D358B44AA0
:104410001288934211D108007B181A78B44913000E
:10442000DB009B1808225A543B181B78AF4A9900AE
:104430008A58511CAD4A9B0099500D217B181A785F
:10444000A84B9200D358A64A1288934205D97B18EC
:104450001A78A44B92000021D1500D217B181A78B4
:10446000A24B9200D3589E4A5288934229D97B1876
:104470001A789E4B9200D258FA235B009A4220D2BF
:10448000954B1B78012B0BD17B181A789849130098
:10449000DB009B1805225A548F4B02221A7028E029
:1044A0008D4B1B78032B24D10D23FB181A789049D0
:1044B0001300DB009B1806225A54874B00221A7007
:1044C00017E00D217B181A78884B9200D258FA23F6
:1044D0005B009A420ED37B181A78844B9200D35813
:1044E000814A934206D87B181B78180000F0E8F93F
:1044F00000E0C0460D23FB181A787D491300DB004D
:104500009B185B5C053B092B00D934E19A00794B81
:10451000D3181B689F460D243B191B781800FFF722
:1045200073FD3B191A7872491300DB009B180022B7
:104530005A5431E10D243B191B78180001F06AFC34
:104540003B191A786A491300DB009B1800225A5461
:1045500022E1694B1B7801225340DBB2002B00D1D2
:104560000BE10D203B181A7861491300DB009B1802
:10457000CB1808331B781A000123134000D1FCE04C
:104580005D4B01221A703B181B78180001F04CFC9F
:10459000F3E0594B1B7801225340DBB2002B00D1D2
:1045A000EDE00D203B181A7851491300DB009B18F1
:1045B000CB1808331B781A000223134000D1DEE029
:1045C0004D4B01221A703B181B78180001F036FC85
:1045D000D5E0494B1B7801225340DBB2002B00D1C0
:1045E000CFE00D203B181A7841491300DB009B18DF
:1045F000CB1808331B781A000423134000D1C0E005
:104600003D4B01221A703B181B780121180001F064
:104610001FFCB6E0384B1B7801225340DBB2002B65
:1046200000D1B0E00D203B181A7831491300DB00AF
:104630009B18CB1808331B781A000823134000D1AD
:10464000A1E02D4B01221A703B181B7802211800A3
:1046500001F0FEFB97E0284B1B7801225340DBB2B0
:10466000002B00D191E00D203B181A78204913004F
:10467000DB009B18CB1808331B781A00102313405B
:1046800000D182E01C4B01221A703B181B780321D9
:10469000180001F0DDFB78E0174B1B780122534036
:1046A000DBB2002B00D172E00D203B181A781049C4
:1046B0001300DB009B18CB1808331B781A0020234B
:1046C000134064D00C4B01221A703B181B78012157
:1046D000180001F0CAFB5AE04A2C0020B42B00203D
:1046E00050100020842B0020FEFF00009C2B002097
:1046F0004C2B0020D4AA0208BB2B00202F4B1B7888
:1047000001225340DBB2002B43D00D203B181A7816
:104710002B491300DB009B18CB1808331B781A00B9
:104720004023134035D0254B01221A703B181B78CB
:104730000221180001F099FB2BE0204B1B7801228D
:104740005340DBB2002B26D00D203B181A781C49B1
:104750001300DB009B18CB1808331B785BB2002BCF
:1047600019DA164B01221A703B181B780321180026
:1047700001F07BFB0FE0C0460EE0C0460CE0C046F7
:104780000AE0C04608E0C04606E0C04604E0C04675
:1047900002E0C04600E0C0460D217B181A787B1865
:1047A00001321A700D23FB181B78052B00D846E444
:1047B000C046C046BD4605B090BDC046BB2B0020DC
:1047C0004C2B002080B586B000AF0200FB1D1A7094
:1047D0001723FB1800221A70FB1D1A7836491300A4
:1047E000DB009B18CB1802331B783B61FB1D1A784A
:1047F00031491300DB009B18CB1803331B78FB6097
:10480000FB1D1A782C491300DB009B18CB180433CE
:104810001B78BB603A6913005B019B1A9B009B18D5
:10482000DB003B61FA6813005B019B1A9B009B183D
:10483000DB00FB60BA6813005B019B1A9B009B18AE
:10484000DB00BB60FB1D1A781C4B9200D3583A6901
:104850009A4208D1FB1D1A7817491300DB009B18F8
:1048600009225A5420E0FB1D1A78144B9200D358A9
:10487000FA689A4208D1FB1D1A780F491300DB0031
:104880009B180A225A540FE0FB1D1A780B4B92001A
:10489000D358BA689A4207D1FB1D1A78064913000B
:1048A000DB009B180A225A541723FB181B781800A8
:1048B000BD4606B080BDC0464C2B0020842B002096
:1048C00080B586B000AF0200FB1D1A701723FB18DD
:1048D00000221A70FB1D1A7836491300DB009B1862
:1048E000CB1805331B783B61FB1D1A783149130047
:1048F000DB009B18CB1806331B78FB60FB1D1A7876
:104900002C491300DB009B18CB1807331B78BB60C6
:104910003A6913005B019B1A9B009B18DB003B610B
:10492000FA6813005B019B1A9B009B18DB00FB607D
:10493000BA6813005B019B1A9B009B18DB00BB60ED
:10494000FB1D1A781C4B9200D3583A699A4208D141
:10495000FB1D1A7817491300DB009B180C225A54D0
:1049600020E0FB1D1A78144B9200D358FA689A4243
:1049700008D1FB1D1A780F491300DB009B180D228C
:104980005A540FE0FB1D1A780B4B9200D358BA68AB
:104990009A4207D1FB1D1A7806491300DB009B18C9
:1049A0000D225A541723FB181B781800BD4606B079
:1049B00080BDC0464C2B00209C2B0020F0B58FB052
:1049C00002AF0200FB1D1A70BB1D0A1C1A702F23B8
:1049D000FB1800221A702E23FB1800221A708C4B31
:1049E0001B78002B0FD0BB1D1A788A4B9200D3582E
:1049F000180002F055FDBB1D1A78874B9200D35862
:104A0000180002F04DFDBB1D1B78844A0421D154CF
:104A10007F4B1B78002B08D0BB1D1B78180002F0C1
:104A200031FB030018000AF00DF81023FC180E25C6
:104A30007A191423F918BB1D18780C26BB1900939A
:104A40002300FFF76DFA7B191B881A0018243B1905
:104A50001A603B1901225A603B1900229A603B19E7
:104A60000022DA607B691A003B191900100007F078
:104A70005FFFBB191B881A003B191A603B19002203
:104A80005A603B1902229A603B691A003B191900CF
:104A9000100007F04DFFBB1D1A7861491300DB00C1
:104AA0009B18CB180133FA1D12781A70BB1D1B78A6
:104AB0003A339BB29B009BB22C257C190A26BA196B
:104AC00011001800FEF78EFD030023807B191B8860
:104AD000002B57D1BB191B881B0A9AB22E217B18B9
:104AE0001A707B181B781B09DBB2BA1D12789A4228
:104AF00009D17B181B780F221A40FB1D1B789A42A4
:104B000001D100237FE0BB1D1B781B031AB2FB1DE4
:104B10001B781B021BB213431BB29AB20A217B18EB
:104B20001A80BB1D1B783A339BB29B009AB27B184C
:104B30001B8819001000FEF7B5FDBB1D1B783A332A
:104B40009BB29B009BB201339BB200211800FEF781
:104B5000A9FDBB1D1B783A339BB29B009BB202336D
:104B60009BB200211800FEF79DFDBB1D1B783A3358
:104B70009BB29B009BB203339BB200211800FEF74F
:104B800091FD3DE0BB1D1B781B031AB2FB1D1B787A
:104B90001B021BB213431BB29AB20A217B181A8064
:104BA000BB1D1B783A339BB29B009AB27B181B88C3
:104BB00019001000FEF776FDBB1D1B783A339BB23F
:104BC0009B009BB201339BB200211800FEF76AFDE7
:104BD000BB1D1B783A339BB29B009BB202339BB246
:104BE00000211800FEF75EFDBB1D1B783A339BB217
:104BF0009B009BB203339BB200211800FEF752FDCD
:104C00002F23FB181B781800BD460DB0F0BDC04621
:104C1000F9120020481C0020641C002070100020A5
:104C20004C2B0020B0B586B000AF0200FB1D1A70FF
:104C30001723FB1800221A70FB1D1A787049130005
:104C4000DB009B18CB18013300221A70FB1D1A7869
:104C50006B491300DB009B1800225A54FB1D1A7885
:104C600067491300DB009B18CB18083300221A7029
:104C7000FB1D1A7862491300DB009B18CB18023326
:104C800000221A70FB1D1A785D491300DB009B1887
:104C9000CB18033300221A70FB1D1A7858491300F1
:104CA000DB009B18CB18043300221A70FB1D1A7806
:104CB00053491300DB009B18CB18053300221A70F0
:104CC000FB1D1A784E491300DB009B18CB180633E6
:104CD00000221A70FB1D1A7849491300DB009B184B
:104CE000CB18073300221A70FB1D1B783A339BB296
:104CF0009B009BB214257C190E22BA1811001800D3
:104D0000FEF770FC030023807B191B88002B2DD13C
:104D1000FB1D1B783A339BB29B009BB2002118000D
:104D2000FEF7C0FCFB1D1B783A339BB29B009BB285
:104D300001339BB200211800FEF7B4FCFB1D1B7869
:104D40003A339BB29B009BB202339BB20021180006
:104D5000FEF7A8FCFB1D1B783A339BB29B009BB26D
:104D600003339BB200211800FEF79CFCFB1D1B784F
:104D7000180002F087F903003B613B691B68214A78
:104D8000934202D101F0E2FC28E03B691B681E4A15
:104D9000934202D101F018FD20E03B691B681B4AD9
:104DA000934202D101F04EFD18E03B691B68184A9E
:104DB000934213D03B691B68164A934202D101F01B
:104DC0007FFD0BE03B691B68134A934202D101F05F
:104DD000A7FD03E01723FB18FF221A70FB1D1B78A9
:104DE0000E4A0021D1540E493B690122180009F0F6
:104DF000B5FF1723FB181B781800BD4606B0B0BDE1
:104E00004C2B002000380140004400400048004086
:104E1000004C004000500040003C01407010002059
:104E2000F2120020F0B585B000AF05000C001000B4
:104E30001900FB1D2A1C1A70BB1D221C1A707B1D39
:104E4000021C1A703B1D0A1C1A700F23FB1800224B
:104E50001A70FB1D1A78D2491300DB009B18CB187F
:104E600001331B78002B02D10B2300F092FBFB1DBA
:104E70001A78CB491300DB009B18CB1802333A1D7C
:104E800012781A70FB1D1A78C5491300DB009B18B5
:104E9000CB18DA1C202308201B18DB191B78137091
:104EA000FB1D1A78BE491300DB009B18CB18043396
:104EB00024221218D21912781A70FB1D1A78B849D8
:104EC0001300DB009B18CB18053328221218D219C7
:104ED00012781A70FB1D1A78B1491300DB009B1879
:104EE000CB1806332C221218D21912781A70FB1D17
:104EF0001A78AB491300DB009B18CB18073330221C
:104F00001218D21912781A7034221318DB191B7870
:104F1000012B08D01318DB191B78002B1AD1BB1DED
:104F20001B78002B16D0FB1D1A789D491300DB005F
:104F30009B18CB1808331B78FA1D127801210B43FC
:104F4000D8B297491300DB009B18CB180833021C1A
:104F50001A7020E0342308229B18DB191B78002BE1
:104F600019D1BB1D1B78002B15D1FB1D1A788C495C
:104F70001300DB009B18CB1808331B78FA1D12783E
:104F800001218B43D8B286491300DB009B18CB1854
:104F90000833021C1A70342208215318DB191B78BD
:104FA000012B08D05318DB191B78002B1AD17B1D5D
:104FB0001B78002B16D0FB1D1A7879491300DB00F3
:104FC0009B18CB1808331B78FA1D127802210B436B
:104FD000D8B273491300DB009B18CB180833021CAE
:104FE0001A7020E0342308229B18DB191B78002B51
:104FF00019D17B1D1B78002B15D1FB1D1A78684930
:105000001300DB009B18CB1808331B78FA1D1278AD
:1050100002218B43D8B262491300DB009B18CB18E6
:105020000833021C1A70342208215318DB191B782C
:10503000012B08D05318DB191B78002B1AD13B1D0C
:105040001B78002B16D0FB1D1A7855491300DB0086
:105050009B18CB1808331B78FA1D127804210B43D8
:10506000D8B24F491300DB009B18CB180833021C41
:105070001A7020E0342308229B18DB191B78002BC0
:1050800019D13B1D1B78002B15D1FB1D1A78444903
:105090001300DB009B18CB1808331B78FA1D12781D
:1050A00004218B43D8B23E491300DB009B18CB1878
:1050B0000833021C1A70342208215318DB191B789C
:1050C000012B0AD05318DB191B78002B1CD120238D
:1050D0005B18DB191B78002B16D0FB1D1A783049A2
:1050E0001300DB009B18CB1808331B78FA1D1278CD
:1050F00008210B43D8B22A491300DB009B18CB18B8
:105100000833021C1A7022E0342308229B18DB1992
:105110001B78002B1BD120239B18DB191B78002B3D
:1051200015D1FB1D1A781E491300DB009B18CB1804
:1051300008331B78FA1D127808218B43D8B218491E
:105140001300DB009B18CB180833021C1A703422A2
:1051500008215318DB191B78012B0AD05318DB19CF
:105160001B78002B1ED124235B18DB191B78002B26
:1051700018D0FB1D1A780A491300DB009B18CB18C6
:1051800008331B78FA1D127810210B43D8B204495A
:105190001300DB009B18CB180833021C1A7024E0A4
:1051A0004C2B0020342308229B18DB191B78002B82
:1051B0001BD124239B18DB191B78002B15D1FB1D59
:1051C0001A786B491300DB009B18CB1808331B7847
:1051D000FA1D127810218B43D8B265491300DB0009
:1051E0009B18CB180833021C1A703422082153185C
:1051F000DB191B78012B0AD05318DB191B78002B05
:105200001CD128235B18DB191B78002B16D0FB1D43
:105210001A7857491300DB009B18CB1808331B780A
:10522000FA1D127820210B43D8B251491300DB003C
:105230009B18CB180833021C1A7022E03423082272
:105240009B18DB191B78002B1BD128239B18DB191B
:105250001B78002B15D1FB1D1A7845491300DB0084
:105260009B18CB1808331B78FA1D127820218B432A
:10527000D8B23F491300DB009B18CB180833021C3F
:105280001A70342208215318DB191B78012B0AD01D
:105290005318DB191B78002B1CD12C235B18DB194E
:1052A0001B78002B16D0FB1D1A7831491300DB0048
:1052B0009B18CB1808331B78FA1D127840210B433A
:1052C000D8B22B491300DB009B18CB180833021C03
:1052D0001A7022E0342308229B18DB191B78002B5C
:1052E0001BD12C239B18DB191B78002B15D1FB1D20
:1052F0001A781F491300DB009B18CB1808331B7862
:10530000FA1D127840218B43D8B219491300DB00F3
:105310009B18CB180833021C1A703422082153182A
:10532000DB191B78012B0AD05318DB191B78002BD3
:1053300020D130235B18DB191B78002B1AD0FB1D02
:105340001A780B491300DB009B18CB1808331B7825
:10535000FA1D1278802149420B43D8B20449130048
:10536000DB009B18CB180833021C1A7025E0C046DE
:105370004C2B0020342308229B18DB191B78002BB0
:105380001BD130239B18DB191B78002B15D1FB1D7B
:105390001A7882491300DB009B18CB1808331B785E
:1053A000FA1D12787F210B40D8B27C491300DB0034
:1053B0009B18CB180833021C1A70FB1D1B783A335C
:1053C0009BB29B009BB20C26BC1908257A191100D0
:1053D0001800FEF707F903002380BB191B88002B78
:1053E00000D0D1E02C003B191B881B0A9AB20B2578
:1053F0007B191A703B191B88D9B2FB1D1A786748B4
:105400001300DB009B18C31808331B7899421ED089
:105410007B191B781B0219B2FB1D1A785F48130019
:10542000DB009B18C31808331B781BB20B431BB25D
:105430009AB23B191A80FB1D1B783A339BB29B0032
:105440009AB23B191B8819001000FEF72BF9FB1DBF
:105450001B783A339BB29B009BB201339BB208246A
:105460003A1911001800FEF7BDF83B191B88190006
:105470003B1D1B781A02282408256319DB191B78A9
:105480001343994215D0FB1D1B783A339BB29B0006
:105490009BB2013398B23B1D1B781B021AB26319F1
:1054A000DB191B781BB213431BB29BB21900FEF72A
:1054B000F9F8FB1D1B783A339BB29B009BB2023379
:1054C0009BB208243A1911001800FEF78BF83B191B
:1054D0001B88190020240826A319DB191B781A023F
:1054E0002C25AB19DB191B781343994216D0FB1DF1
:1054F0001B783A339BB29B009BB2023398B2A3193C
:10550000DB191B781B021AB2AB19DB191B781BB213
:1055100013431BB29BB21900FEF7C4F8FB1D1B78A6
:105520003A339BB29B009BB203339BB208243A19D7
:1055300011001800FEF756F83B191B8819002424A7
:105540000826A319DB191B781A023025AB19DB19C1
:105550001B781343994219D0FB1D1B783A339BB239
:105560009B009BB2033398B2A319DB191B781B0273
:105570001AB2AB19DB191B781BB213431BB29BB2D7
:105580001900FEF78FF801E00B2302E00F23FB1850
:105590001B781800BD4605B0F0BDC0464C2B00205E
:1055A00080B500AF1D4B1E4A1A601C4B80221206AC
:1055B0005A601A4B00229A60184B0022DA60174B8F
:1055C000802212061A61154B04225A61134B0022E5
:1055D0001A76124B00225A76104B01229A760F4B04
:1055E0002022002199540D4B00225A620B4B0022BD
:1055F0009A620A4B2C2200219954084B00221A630C
:10560000064B180005F06EFB031E01D000F0A8FB4E
:10561000044B01221A70C046BD4680BDBC2B002041
:10562000002401403C2C002090B58BB000AF786086
:1056300014243B19180014231A0000210DF027FD33
:10564000274B1A6C264B802149030A431A64244BCA
:105650001A6C80235B0313403B613B69204B5A6B00
:105660001F4B01210A435A631D4B5B6B0122134000
:10567000FB60FB681A4B5A6B194B02210A435A63B1
:10568000174B5B6B02221340BB60BB68154B1B784A
:10569000012B10D13B190C221A603B1903225A60CE
:1056A0003B1900229A603A19A023DB05110018006B
:1056B00007F03EF910E014217B18C02212011A6095
:1056C0007B1803225A607B1800229A607B18064AD6
:1056D0001900100007F02CF9C046BD460BB090BD74
:1056E00000100240482C00200004005080B582B019
:1056F00000AF02003960FB1D1A70FB1D1B78022BE6
:1057000003D0FB1D1B78032B38D1FB1D1B78022B0C
:1057100003D11C4B01221A7002E01A4B01225A706D
:10572000FB1D1B78180001F0ADFC0300180009F008
:1057300089F9FB1D1B78144A0621D154FB1D1B78E7
:10574000180001F09FFC02003B681900100000F0F7
:10575000B1FA03009AB20D4B1A803A68FB1D1B7810
:105760001100180000F004FB03001A00084B1A7027
:10577000084B1B78002B01D1FFF712FFC046BD4636
:1057800002B080BD482C0020701000202C2C00207E
:105790003D2C00203C2C002090B585B000AFB960B6
:1057A0007A600F243B19021C1A70384B1B78012BAE
:1057B0005CD13B191B78180001F064FC0200BB6847
:1057C0001900100000F076FA03009AB2304B1A80EC
:1057D000BA683B191B781100180000F0C9FA0300E1
:1057E0001A002C4B1A702A4B1B881A002A4B1A607D
:1057F000294B01225A60284B06229A60264A274BE1
:105800001100180005F040FD031E01D000F0A8FAB9
:10581000224B180005F00EFC204B6421180005F007
:1058200093FC1E4B180005F023FD0100194B1B785B
:105830001A0089B21A4B5200D152184B180005F0C9
:1058400047FC134B1B881A00134B1A60124B0222A1
:105850005A60114B06229A600F4A104B1100180033
:1058600005F012FD031E01D000F07AFA094B1B78F7
:105870001A000B4B5200D35A1800EBF7CBFB021C5B
:105880007B681A60C046BD4605B090BD3C2C002028
:105890002C2C00203D2C0020202C0020BC2B002094
:1058A000302C0020B0B582B000AF78603960694B11
:1058B0001B78002B01D1FFF773FE674B674A1A6014
:1058C000654B01225A60644B02229A60624A644B23
:1058D0001100180005F0D8FC031E01D000F040FABA
:1058E0005F4B180005F0A6FB5D4B6421180005F026
:1058F0002BFC5B4B180005F0BBFC03009AB2594B24
:105900001A80584B1B881800EDF730FA564A574B4F
:10591000ECF76AFB02000B00100019000022544B48
:10592000EBF71EFF02000B0010001900514A524B0A
:10593000ECF722FE02000B00100019004F4A504BFA
:10594000EBF70EFF02000B001000190000224D4B78
:10595000EBF7A2FB02000B0010001900EDF7A0FA14
:10596000021C7B681A603E4B180005F0B1FB3A4BF5
:105970003A4A1A60384B02225A60374B02229A6028
:10598000354A374B1100180005F07EFC031E01D08C
:1059900000F0E6F9304B3C4A1A602F4B01225A6066
:1059A0002D4B06229A602C4A2D4B1100180005F051
:1059B0006BFC031E01D000F0D3F9294B180005F051
:1059C00039FB274B6421180005F0BEFB244B18005F
:1059D00005F04EFC03009AB22C4B1A802C4B1B880E
:1059E0001800EDF7C3F9204A204BECF7FDFA02004E
:1059F0000B0014001D00254B1B881800EDF7B6F9AD
:105A000002000B0020002900EBF7AAFE02000B00A9
:105A100010001900EDF744FA021C3B681A60104BA5
:105A2000180005F055FB0C4B174A1A600A4B02226E
:105A30005A60094B02229A60074A094B110018006C
:105A400005F022FC031E01D000F08AF9C046BD46D5
:105A500002B0B0BD3C2C0020202C0020001000B073
:105A6000BC2B0020382C00206666666666660A40FD
:105A700000FEAF408FC2F5285C8FF63F33333333DF
:105A80003333114000003940002000B43A2C00208C
:105A9000BAF7FF1F80B588B000AF02003960FB1D68
:105AA0001A70FB1D1B78022B04D0FB1D1B78032BE7
:105AB00000D0E0E0724B1B78002B56D1FFF770FD51
:105AC000FB1D1B78180001F0DDFA0300180008F038
:105AD000B9FFFB1D1B78032B24D18023DB00694A0F
:105AE0001900100007F090F80C217B188022D200DA
:105AF0001A607B1801225A607B180222DA607B1838
:105B0000604A1900100006F013FFFB1D1B785E4A67
:105B10000621D1548023DB005A480122190007F0E6
:105B200068F922E0A023DB050421180007F06CF8D7
:105B30000C217B1804221A607B1801225A607B1802
:105B40000222DA607A18A023DB051100180006F0A3
:105B5000EFFEFB1D1B784C4A0621D154A023DB0528
:105B600001220421180007F044F9FB1D1B781800DE
:105B700001F088FA0200454B1900100000F09AF875
:105B800003009AB2424B1A80414B1B881A00414BCA
:105B90001A60404B01225A603E4B02229A603D4AF5
:105BA0003D4B1100180005F06FFB031E01D000F003
:105BB000D7F8394B180005F03DFA374B642118002F
:105BC00005F0C2FA344B180005F052FB0300180030
:105BD000EBF720FA021C314B1A60304B1B68181C83
:105BE000EDF716F92E4A2F4BECF7FEF902000B00E9
:105BF0001000190000222C4BEBF7B2FD02000B0045
:105C000010001900EDF74CF9021C244B1A60234BCD
:105C10001B682649181CEAF7FBFE031C181CEDF74D
:105C2000F7F81F4A1F4BEBF79BFD02000B0010001B
:105C30001900EDF735F9021C1D4B1A601C4B1A6850
:105C40003B681A60144B180005F042FA104B1B8891
:105C50001A00104B1A600F4B02225A600D4B0222A1
:105C60009A600C4A0C4B1100180005F00DFB031E46
:105C700001D000F075F8C046181CBD4608B080BDC4
:105C80003C2C00200004005070100020FCAA0208E8
:105C90002C2C0020202C0020BC2B0020402C00208D
:105CA0006666666666660A4000FEAF400000C8424F
:105CB000442C002080B582B000AF786039607B68EA
:105CC0001B681F4A934209D11E4A3B681100180005
:105CD000EAF71AFA031E01D11B4B2CE07B681B6804
:105CE000174A934209D1194A3B6811001800EAF794
:105CF0000BFA031E01D1164B1DE07B681B68154A89
:105D0000934209D10F4A3B6811001800EAF7FCF9E9
:105D1000031E01D1104B0EE07B681B680D4A9342B5
:105D200009D10A4A3B6811001800EAF7EDF9031E91
:105D300001D10A4BFFE71800BD4602B080BDC04646
:105D40000044004004AB020804000008FCAA02085A
:105D50000800000C004800400008002C0080003CB7
:105D600080B500AF642004F017FEC046BD4680BD7C
:105D700080B582B000AF02003960FB1D1A70FB1DB8
:105D80001B78022B0BD1204A3B6811001800EAF760
:105D9000BBF9031E03D11D4B00221A702EE0FB1D20
:105DA0001B78022B0BD11A4A3B6811001800EAF746
:105DB000ABF9031E03D1154B01221A701EE0FB1D27
:105DC0001B78032B0BD1104A3B6811001800EAF72F
:105DD0009BF9031E03D10D4B02221A700EE0FB1D2E
:105DE0001B78032B0AD10A4A3B6811001800EAF716
:105DF0008BF9031E02D1054B03221A70034B1B784B
:105E00001800BD4602B080BD04AB02083D2C002046
:105E1000FCAA020880B582B000AF0200FB1D1A7018
:105E2000C046BD4602B080BD80B582B000AF020062
:105E3000FB1D1A70C046BD4602B080BD80B582B061
:105E400000AF0200FB1D1A70C046BD4602B080BD07
:105E500080B582B000AF0200FB1D1A70BB1D0A1C8A
:105E60001A70C046BD4602B080BD80B582B000AF9A
:105E70000200FB1D1A70BB1D0A1C1A70C046BD46ED
:105E800002B080BD80B500AFBFF34F8FC046044B5A
:105E9000044ADA60BFF34F8FC046C046FDE7C046F4
:105EA00000ED00E00400FA0580B500AF04F058FDF5
:105EB00001F028FBC046BD4680BD000080B584B01F
:105EC00002AF0B4B7B600B4B18787968FF23009374
:105ED000FF23112201F024F8064B1878064B1968AD
:105EE000FF230093FF230F2201F01AF8FFF7CAFFE8
:105EF00020AB0208F81200209802002080B500AF05
:105F0000C046BD4680BD000080B582B000AF002312
:105F10007B60074B180009F081F87B68002B03D0E9
:105F2000044B802252051A60C046BD4602B080BDB7
:105F30005820002004ED00E080B582B000AF0023BF
:105F40007B600B4B180009F069F80A4B180009F048
:105F500065F8094B180009F061F87B68002B03D045
:105F6000064B802252051A60C046BD4602B080BD75
:105F7000EC20002014220020A822002004ED00E0E4
:105F800080B584B000AF78600023FB607B68DB6F76
:105F9000002B03D07B681800FCF7B8FC7B68180066
:105FA000FCF7C0FA03001A00064B9200D3580C22EB
:105FB000BA181100180002F0B2F9C046BD4604B08C
:105FC00080BDC046641C0020B0B584B000AF7860CE
:105FD0007B688822202199500F257C197B68180046
:105FE000FCF7A0FA0300237029007B181B78254AD0
:105FF000D35C022B13D17B181B785A1E224B9200C4
:10600000D3581B68283319007B6880229B581B6873
:106010005B689AB27B68180008F006FF2EE00F2438
:106020003B191B78013B194A0021D1543B191B78BD
:10603000013B174A0021D1543B191B785A1E13000B
:106040005B009B189B01134A9B18C022002118007B
:106050000DF01DF83B191B785A1E13005B009B18AE
:106060009B010C4A99187B68C022180008F0DCFEDE
:106070003B191B78013B084A0121D154C046BD465B
:1060800004B0B0BD70100020A01A00201C10002029
:1060900024100020A0160020DC1A002080B582B059
:1060A00000AF7860C046BD4602B080BD80B582B00A
:1060B00000AF7860104B01221A707B681B680F4A92
:1060C000934203D17B6818000BF063FA7B681B686E
:1060D0000B4A934203D17B6818000BF05AFA7B6895
:1060E0001B68084A934203D17B6818000BF051FAF1
:1060F000C046BD4602B080BD1E1C0020004C0040C2
:10610000004400400048004080B586B002AF78608F
:1061100039600B4BFB600B4B1878F968FF23009339
:10612000FF23102200F0FCFE064B1878064B19687E
:10613000FF230093FF230F2200F0F2FEFFF7A2FEE1
:1061400034AB0208F81200209802002080B584B019
:1061500002AF0B4B7B600B4B18787968FF230093E1
:10616000FF23142200F0DCFE064B1878064B19685A
:10617000FF230093FF230F2200F0D2FEFFF782FEE1
:1061800048AB0208F81200209802002080B500AF4A
:10619000294BDA6D284B802109020A43DA65274B27
:1061A000274A1A60254B00229A60244B7C22DA6031
:1061B000224B244A1A61214B00225A611F4B0022B4
:1061C0009A611E4B0022DA611C4B8022D2051A62B2
:1061D0001A4B00225A62194B180007F0DFFE031E0B
:1061E00001D0FF2325E0154B0121180008F074FAB7
:1061F0000300154A934202D000F02AF811E00E4B3A
:106200001A6E80231B05134002D0104B00221A7017
:10621000094B1A6E8023DB04134002D00B4B012282
:106220001A70054B1A6E044B802109040A431A6642
:1062300000231800BD4680BD001002409C2C0020A9
:1062400000280040CF070000F2320000C82C0020D8
:10625000B0B58EB000AF0C257B195A4A13CA13C3D0
:106260003B00594A03CA03C312781A707B190933D9
:1062700018000BF00CFB02003523FB181A707B1979
:1062800000229A717B19043318000BF000FB020006
:106290003423FB181A707B190022DA703623FB189E
:1062A00000221A7019E036243B191A78474B9200E5
:1062B000D2580C23FB1811001800E9F725FF031E24
:1062C00005D13723FB183A19127801321A7036219A
:1062D0007B181A787B1801321A703623FB181B784A
:1062E0000B2BE0D93B00063318000BF0D0FA02006C
:1062F0003323FB181A700C243B1900225A713B00FF
:10630000033318000BF0C3FA02003223FB181A7093
:106310003B1900229A703B0018000BF0B8FA0200FB
:106320003123FB181A702C217B183522BA181278E9
:10633000DA707B183722BA1812785A707B18342218
:10634000BA1812789A707B1801221A707918204BAB
:106350000022180007F0D0FF031E01D0FF232CE01D
:1063600018217B183122BA1812781A707B18322241
:10637000BA1812785A707B183322BA1812789A70A9
:106380007B180022DA70134B18225A737B180022F4
:10639000DA607B1800221A6179180D4B0022180070
:1063A00007F0A6FE031E01D0FF2306E00A4A084BB1
:1063B0000121180008F073F900231800BD460EB043
:1063C000B0BDC04668AB020874AB020844000020B0
:1063D0009C2C002050100020F2320000B0B588B094
:1063E00000AF05000C0010001900FB1D2A1C1A70DC
:1063F000BB1D221C1A703B1D021C1A80FB1C0A1CB0
:106400001A703B1D1B88DBB23033DAB21C217B18BB
:10641000DA707B18FA1D12785A707B18BA1D127840
:106420009A707B18FA1C12781A707918324B002275
:10643000180007F061FF031E01D0FF2358E0082178
:106440007B1838203A1812781A707B183422BA1840
:1064500012785A707A183023FB181B7893707B18C7
:1064600000221A613B181B780C2B02D9234B1822EF
:106470005A733C23FB181B78012B07D10823FB1808
:106480000022DA701D4B0C225A730FE03C23FB18DC
:106490001B78022B07D10823FB180122DA70174B57
:1064A0000C225A7302E0154B18225A730823F9186C
:1064B000114B0022180007F01BFE031E01D0FF2322
:1064C00016E00E4B5B7B1B021AB20C4B1B791BB206
:1064D00013431BB29AB28D235B0011001800FDF725
:1064E000E1F8074A044B0121180008F0D8F800230E
:1064F0001800BD4608B0B0BD9C2C002050100020F4
:10650000F232000090B587B000AF39001F4B002277
:10651000180007F095FE142439191C4B00221800AE
:1065200007F07CFF3B00DB78DB09DBB20133DAB23A
:10653000174BDA743B005B685B089AB2144BDA8144
:106540003B009A78124B1A743B005A78104B5A74DD
:106550003B001A780E4B9A743B199A780C4B5A757B
:106560003B195A780A4B9A753B191A78084B1A75D9
:106570003B19DB78FA22D200944663449AB2044B6A
:106580001A83C046BD4607B090BDC0469C2C002073
:106590005010002080B500AF094B0A4A1A60084B22
:1065A00001225A60064B084ADA60054B074A9A6096
:1065B000034B180006F056FCC046BD4680BDC046E1
:1065C000C82D002000300040FF0F0000CF07000062
:1065D00080B582B000AF174B1A6C164B8021890230
:1065E0000A431A64134B1A6C80239B0213407B608E
:1065F0007B68114B114A1A600F4B2F225A600E4BC9
:1066000000229A600C4B0E4ADA600B4B00221A6192
:10661000094B00225A61084B00229A61064B180070
:1066200008F075F8044B180008F0D2F8C046BD46D3
:1066300002B080BD00100240302D00200044014017
:10664000FFFF000080B582B000AF174B1A6C164BED
:106650008021C9020A431A64134B1A6C8023DB029F
:1066600013407B607B68114B114A1A600F4B114A33
:106670005A600E4B00229A600C4B0F4ADA600B4BAB
:1066800000221A61094B00225A61084B00229A61CC
:10669000064B180008F03BF8044B180008F098F877
:1066A000C046BD4602B080BD001002407C2D0020D7
:1066B000004801407FBB0000FFFF000080B584B0B0
:1066C00000AF0200BB1D1A800023FB6001F060FADE
:1066D000BB1D1B88002B0DD0094B1B685B6AFB6040
:1066E000C046074B1B685A6AFB68D21ABB1D1B8841
:1066F0009A42F6D901F05EFAC046BD4604B080BDAC
:10670000302D002080B584B000AF0200BB1D1A8080
:106710000023FB6001F03CFABB1D1B88002B0DD051
:10672000094B1B685B6AFB60C046074B1B685A6AD3
:10673000FB68D21ABB1D1B889A42F6D901F03AFABF
:10674000C046BD4604B080BD7C2D002080B500AFA2
:106750001B4B1C4A1A601A4BE12212035A60184B59
:1067600000229A60164B0022DA60154B00221A6153
:10677000134B0C225A61124B00229A61104B0022DB
:10678000DA610F4B00221A620D4B00225A620C4B49
:1067900000229A620A4B180008F0FEF8084B00210C
:1067A00018000AF061FF064B002118000AF09CFF58
:1067B000034B18000AF01EFFC046BD4680BDC04610
:1067C000C41F00200038014080B500AF1B4B1C4A9D
:1067D0001A601A4BE12212035A60184B00229A6089
:1067E000164B0022DA60154B00221A61134B0C2263
:1067F0005A61124B00229A61104B0022DA610F4B52
:1068000000221A620D4B00225A620C4B00229A623F
:106810000A4B180008F0C0F8084B002118000AF0D5
:1068200023FF064B002118000AF05EFF034B1800FF
:106830000AF0E0FEC046BD4680BDC046582000209C
:106840000044004080B500AF1B4B1C4A1A601A4B35
:10685000E12212035A60184B00229A60164B002264
:10686000DA60154B00221A61134B0C225A61124B4D
:1068700000229A61104B0022DA610F4B00221A624B
:106880000D4B00225A620C4B00229A620A4B1800F0
:1068900008F082F8084B002118000AF0E5FE064BCC
:1068A000002118000AF020FF034B18000AF0A2FE96
:1068B000C046BD4680BDC046EC20002000480040D8
:1068C00080B500AF144B154A1A60134BE122120336
:1068D0005A60114B00229A600F4B0022DA600E4B77
:1068E00000221A610C4B0C225A610B4B00229A6158
:1068F000094B0022DA61084B00221A62064B002283
:106900005A62054B00229A62034B180008F044F8C3
:10691000C046BD4680BDC046142200200050004045
:1069200080B500AF144B154A1A60134BE1221203D5
:106930005A60114B00229A600F4B0022DA600E4B16
:1069400000221A610C4B0C225A610B4B00229A61F7
:10695000094B0022DA61084B00221A62064B002222
:106960005A62054B00229A62034B180008F014F893
:10697000C046BD4680BDC046A8220020003C014064
:10698000B0B5A4B000AF78607C243B191800142384
:106990001A0000210CF07BFB30257B1918004C23DA
:1069A0001A0000210CF073FB7B681B68C84A9342F5
:1069B0007DD17B1901221A607B1900225A607B1954
:1069C000180007F0AFF8C34B1A6CC24B8021C90105
:1069D0000A431A64BF4B1A6C8023DB011340FB622D
:1069E000FB6ABC4B5A6BBB4B02210A435A63B94B3F
:1069F0005B6B02221340BB62BB6A3B1940221A60E8
:106A00003B1902225A603B1900229A603B1900226E
:106A1000DA603B1901221A613B19AF4A19001000D4
:106A200005F086FF21007B1880221A607B18022265
:106A30005A607B1800229A607B180022DA607B186B
:106A400001221A617B18A44A1900100005F070FF9A
:106A5000A24BA34A1A60A14B32225A609F4B0022DC
:106A60009A609E4B0022DA609C4B80221A619B4BFD
:106A700000225A61994B00229A61984B2022DA61D8
:106A8000964B00221A62954B180005F057FA7B6866
:106A90008021924A5A50914B7A689A6200220021D2
:106AA0001B2004F0BDFF1B2004F0CFFF22E27B6817
:106AB0001B688C4A934200D081E030217B1802226F
:106AC0001A607B1800229A607B18180007F02AF8D9
:106AD000804BDA6B7F4B802189020A43DA637D4B5E
:106AE000DA6B80239B0213407B627B6A794B5A6B83
:106AF000784B01210A435A63764B5B6B01221340AA
:106B00003B623B6A7C243B1904221A603B19022237
:106B10005A603B1900229A603B190022DA603B1947
:106B200001221A613A19A023DB051100180005F0B3
:106B3000FFFE21007B1808221A607B1802225A608F
:106B40007B1800229A607B180022DA607B180122F1
:106B50001A617A18A023DB051100180005F0E8FE81
:106B6000614B624A1A60604B34225A605E4B0022CD
:106B70009A605D4B0022DA605B4B80221A615A4BAF
:106B800000225A61584B00229A61574B2022DA6149
:106B9000554B00221A62544B180005F0CFF97B6860
:106BA0008021514A5A50504B7A689A620022002143
:106BB0001C2004F035FF1C2004F047FF9AE17B689D
:106BC0001B684B4A934200D098E030217B18042286
:106BD0001A607B180022DA607B18180006F0A2FF0A
:106BE0003C4BDA6B3B4B8021C9020A43DA63394BD9
:106BF000DA6B8023DB021340FB61FB69354B5A6B78
:106C0000344B02210A435A63324B5B6B022213401E
:106C1000BB61BB697C217B188022D2001A600C000A
:106C20003B1902225A603B1900229A603B1900224C
:106C3000DA603B1904221A613B19274A1900100037
:106C400005F076FE21007B18802212011A607B1865
:106C500002225A607B1800229A607B180022DA60B8
:106C60007B1804221A617B181B4A1900100005F0DA
:106C70005FFE204B204A1A601E4B36225A601D4B85
:106C800000229A601B4B0022DA601A4B80221A61A4
:106C9000184B00225A61174B00229A61154B202293
:106CA000DA61144B00221A62124B180005F046F903
:106CB0007B6880210F4A5A500E4B7A689A620022F4
:106CC00000211D2004F0ACFE1D2004F0BEFE11E1E9
:106CD0000038014000100240000400502C2E00201B
:106CE00008000240004400408C2E00201C0002409E
:106CF00000480040EC2E0020300002407B681B68FA
:106D00007E4A934200D1F5E07B681B687C4A93423F
:106D100074D17C4BDA6B7B4B802149000A43DA63E8
:106D2000784BDA6B80235B0013407B617B69754B8A
:106D30005A6B744B02210A435A63724B5B6B0222FB
:106D400013403B613B697C243B1901221A603B19CB
:106D500002225A603B1900229A603B190022DA6035
:106D60003B1903221A613B19674A1900100005F00C
:106D7000DFFD21007B1802221A607B1802225A6074
:106D80007B1800229A607B180022DA607B180322AD
:106D90001A617B185C4A1900100005F0C9FD5B4BB5
:106DA0005B4A1A60594B4A225A60584B00229A603B
:106DB000564B0022DA60554B80221A61534B002259
:106DC0005A61524B00229A61504B2022DA614F4B9C
:106DD00000221A624D4B180005F0B0F87B68802144
:106DE0004A4A5A50494B7A689A62002200211D2073
:106DF00004F016FE1D2004F028FE7BE07B681B6873
:106E0000444A934276D13F4BDA6B3E4B8021890056
:106E10000A43DA633B4BDA6B80239B001340FB6031
:106E2000FB68384B5A6B374B02210A435A63354B88
:106E30005B6B02221340BB60BB687C217B18802205
:106E400052001A600C003B1902225A603B190022C2
:106E50009A603B190022DA603B1908221A613B193B
:106E6000294A1900100005F063FD21007B188022DB
:106E700092001A607B1802225A607B1800229A60E6
:106E80007B180022DA607B1808221A617B181E4AE0
:106E90001900100005F04CFD1F4B204A1A601E4BD4
:106EA0004C225A601C4B00229A601B4B0022DA6075
:106EB000194B80221A61184B00225A61164B00228E
:106EC0009A61154B2022DA61134B00221A62124B91
:106ED000180005F033F87B6880210F4A5A500E4B9A
:106EE0007A689A62002200211D2004F099FD1D207D
:106EF00004F0ABFDC046BD4624B0B0BD004C004020
:106F0000005000400010024000040050AC2F002050
:106F100058000240003C01400C3000206C00024050
:106F2000B0B586B000AFB96011007B600F243B198B
:106F3000021C1A700C23FB180A1C1A801723FB185A
:106F400001221A703B191B78180000F09BF8031EF1
:106F500032D03B191A781C4B9200D3587A68110032
:106F6000180000F053FA031E26D113E00F23FB187C
:106F70001B78180000F086F805001723FC18B86A83
:106F80000C23FB181A88B9680300280007F0A2FD3B
:106F9000030023701722BB181B78002B03D0BB18EB
:106FA0001B78032BE2D10F23FB181A78064B9200B3
:106FB000D358180000F074FA1723FB181B78180038
:106FC000BD4606B0B0BDC046641C0020F0B587B019
:106FD00000AFB96011007B600F243B19021C1A70CE
:106FE0000C257B190A1C1A801726BB1901221A705E
:106FF0003B191B78180000F045F8031E19D03B1907
:107000001A780F4B9200D3587A681100180000F0DC
:10701000FDF9031E0DD13B191B78180000F032F862
:10702000BC197B191A88BB68190007F0EFFD030033
:1070300023701723FB181B781800BD4607B0F0BD5E
:10704000641C002090B585B000AF02003960FB1DC4
:107050001A700F243B1900221A70FB1D1B781800B0
:1070600000F010F80300BB60BB683A685A60BB6868
:10707000180007F091FC3B191B781800BD4605B0BD
:1070800090BD000080B582B000AF0200FB1D1A70F9
:10709000FB1D1B78052B0ED89A00094BD3181B68D3
:1070A0009F46084B08E0084B06E0084B04E0084BFD
:1070B00002E0084B00E000231800BD4602B080BD8E
:1070C00088AB0208A82200205820002014220020AB
:1070D000EC200020C41F002080B582B000AF786093
:1070E0000A00FB1C1A707B68002B54D0FB1C1B7819
:1070F000012B26D17B681800FBF714FA0300013B33
:10710000802212021A411100254B1B785A1E254B72
:107110005200D35A1AB20BB2134319B2204B1B7848
:107120005A1E89B21F4B5200D1527B6808229A62C4
:107130007B68802212029A637B68180007F02CFC9F
:1071400029E0FB1C1B78002B25D17B681800FBF77E
:10715000E9F90300013B802212021A411300D943CE
:107160000F4B1B785A1E0F4B5200D35A1BB20AB258
:10717000134019B20A4B1B785A1E89B2094B5200B0
:10718000D1527B6808229A627B6800229A637B68EE
:10719000180007F001FCC046BD4602B080BDC046E5
:1071A000A1000020282E002080B582B000AFFB1D7A
:1071B00000221A70BB1D01221A7035E0204B1B788B
:1071C000BA1D12789A4211D0BB1D1B7800221321E0
:1071D0001800F4F70FF93220FFF794FA194B1B78D7
:1071E000002B1CD0FB1D02221A7018E07B1D01220F
:1071F0001A7010E0124B1B78591E114B1B785A1E47
:10720000114B4900C95A104B5200D1527B1D1A78BC
:107210007B1D01321A707B1D1B78052BEAD9BB1D23
:107220001A78BB1D01321A70084B1B78BA1D1278F0
:107230009A42C3D9FB1D1B781800BD4602B080BD21
:10724000A1000020F6120020282E0020A00000201F
:1072500080B586B000AF0200FB1D1A700F23FB182B
:1072600000221A701623FB1800221A8001233B61AA
:1072700018E03B69DBB21800FFF704FF03009A6BCC
:1072800080231B029A420AD11622BB181B88BA1807
:10729000591C11801A003B69D9B20C4B99543B69B7
:1072A00001333B613B69052BE3DD1623FB181A888C
:1072B000FB1D1B7814211800F4F79CF80F23FB1812
:1072C0001B781800BD4606B080BDC046C412002021
:1072D0001748854600F045F816481749174A002315
:1072E00002E0D458C4500433C4188C42F9D3144A71
:1072F000144C002301E013600432A242FBD3124875
:107300001249026800608A4205D000F02AF80BF0AA
:10731000ABFF0AF0ADFA0E480E4901600E480D4968
:1073200001600E4801688D4640680047FEE7000096
:1073300000400220000000200C0A0020C4B2020815
:10734000180A0020C4970120F03F0220EFBEADDEF6
:107350004010024001000000000001400000FF1F3B
:10736000FEE780B500AFC046BD4680BD80B582B0A7
:1073700000AFEFF305837B607B685A1E9341DBB25D
:107380001800BD4602B080BD80B500AF01F0A0FD81
:1073900000231800BD4680BD80B584B000AF786082
:1073A0007B68FB60FB68002B01D0FB6800E00123D9
:1073B000180001F065FC00231800BD4604B080BD34
:1073C00080B584B000AF786039603B68012B11D183
:1073D00003220021012000F052FE0300FB60FB6845
:1073E000002B05D0F86800230022002100F0AFFE3A
:1073F000FB6806E03B683A681100180000F08FFE59
:1074000003001800BD4604B080BD000080B584B004
:1074100000AF786039600023BB607B68002B01D12E
:10742000802336E00023FB603B68013303D1012356
:107430005B42FB6009E03B68002B06D03B68FB60C9
:10744000FB68002B01D10123FB60FFF78FFF031EB8
:1074500013D00823FA187B680021180001F0FAF80D
:107460000300012B01D0FF2313E0BB68002B0FD0DA
:107470000A4B802252051A600AE0FA687B68110004
:10748000180001F02BF80300012B01D0FF2300E0CE
:1074900000231800BD4604B080BDC04604ED00E0E6
:1074A00080B584B000AF78600023FB600023BB6030
:1074B000FFF75CFF031E13D00823FA187B68110046
:1074C000180000F02CFF0300012B01D0FF2313E074
:1074D000BB68002B0FD00A4B802252051A600AE0CD
:1074E000786800230022002100F031FE0300012B08
:1074F00001D0FF23FB60FB681800BD4604B080BDCF
:1075000004ED00E080B500AF02F018FA0300012B93
:1075100001D000F091FBC046BD4680BD80B584B06F
:1075200000AF78600023FB60082000F0C1FB03007F
:10753000BB60BB68002B12D000F02AFBBB687A68E6
:107540001A60BB6800225A60074B1B68BA685A6011
:10755000054BBA681A6000F02DFB0123FB60FB6845
:107560001800BD4604B080BDC402002080B588B0BC
:1075700000AFF860B9607A600123FB613E4B1B6885
:10758000002B46D13C4B3D4A1A603CE03A4B1B680D
:107590001B681B68BB61BB691800E8F7BFFD0300EF
:1075A0007B61FA687B69D3181B785BB2202B06D00D
:1075B000FA687B69D3181B785BB2002B1ED17A69FD
:1075C000B969FB6818000BF085FD031E16D12A4B24
:1075D0001B681B681B7B5BB2002B19DBFB68180068
:1075E00000F062F903001A00234B1B681B681B7B29
:1075F0005BB29A420CD00023FB6109E01E4B1B6872
:107600005A681D4B1A601C4B1B68002BBED100E052
:10761000C046194B1B68002B0CD0FB69002B09D10D
:107620007A681749BB6818000BF065FD124B002201
:107630001A601CE0104B1B68002B10D00E4B1B680F
:107640001B689B68FA687968B86898470300FB6113
:10765000FB69002B0BD1084B00221A6007E07A6807
:107660000849BB6818000BF046FD0023FB61FB696D
:107670001800BD4608B080BD20330020BC020020A9
:10768000A4AC0208FCAC020880B500AF014B1800A6
:10769000BD4680BDBC30002080B586B000AFF8602C
:1076A000B9607A6000237B6100233B617B68002224
:1076B0001A6042E0FB680133FB60FB681B785BB239
:1076C000002B08D0FB681B785BB2202BF2D102E0C4
:1076D000FB680133FB60FB681B785BB2002B04D0B6
:1076E000FB681B785BB2202BF2D0FB681B785BB287
:1076F000002B27D07B6901337B617A69BB689A4292
:107700001BD1FB683B6107E07B681B685A1C7B68E8
:107710001A60FB680133FB60FB681B785BB2002BCF
:1077200004D0FB681B785BB2202BEDD17B681B6813
:10773000002B09D100233B6106E07A69BB689A42BD
:10774000BBD302E0C04600E0C0463B691800BD461E
:1077500006B080BD80B586B000AFF860B9607A60D1
:1077600000233B611023FA187B6801211800FFF702
:1077700093FF0200434B1A60424B1B68002B2BD037
:10778000404B1B684049062218000BF0A3FC031E67
:1077900022D13E4B1B78072B02D13C4B00221A70A2
:1077A0003A4B1B785A1CD1B2384A11701A00384B28
:1077B0009200D158BA68FB6818000BF09CFC334B60
:1077C0001B78072B05D100237B61304B00221A70F8
:1077D00052E001237B614FE02A4B1B68002B4BD109
:1077E0002C4B1B68002B05D12A4B2B4A1A602B4BC4
:1077F00001221A70294B1A78294B1B789A421ED9FC
:10780000FB6808331800234B1B681B685968BB686A
:10781000083B1A000BF06FFCFB680133214A110092
:1078200018000BF054FDFB6828221A70FB68063321
:1078300029221A70FB68073320221A7008E0154BC2
:107840001B681B685968BA68FB6818000BF053FC8A
:10785000104B1B685A680F4B1A60104B1B78013392
:10786000DAB20E4B1A700B4B1B68002B02D10023AF
:107870007B6101E001237B617B691800BD4606B096
:1078800080BDC046243300204CAD020828330020C0
:10789000A40000202C330020BC0200203033002044
:1078A0006F100020847E020880B584B000AF78603D
:1078B0000F23FB1800221A700023BB6018E07B68BE
:1078C0001B785BB2202B0ED1BB68012B0DD00F2192
:1078D0007B181B785BB2DBB20133DAB27B181A700B
:1078E0000123BB6001E00023BB607B6801337B6048
:1078F0007B681B785BB2002BE1D1BB68012B08D100
:107900000F217B181B785BB2DBB2013BDAB27B182C
:107910001A700F23FB181B785BB21800BD4604B029
:1079200080BD80B582B000AF78607B6808331A00F4
:107930007B685A607B68012252429A607B680833F8
:107940001A007B68DA607B6808331A007B681A616A
:107950007B6800221A60C046BD4602B080BD80B57B
:1079600082B000AF78607B6800221A61C046BD46D5
:1079700002B080BD80B584B000AF786039607B68AC
:107980005B68FB603B68FA685A60FB689A683B6812
:107990009A60FB689B683A685A60FB683A689A602C
:1079A0003B687A681A617B681B685A1C7B681A609E
:1079B000C046BD4604B080BD80B584B000AF7860DD
:1079C00039603B681B68BB60BB68013303D17B68CF
:1079D0001B69FB600CE07B680833FB6002E0FB681E
:1079E0005B68FB60FB685B681B68BA689A42F6D20A
:1079F000FB685A683B685A603B685B683A689A6003
:107A00003B68FA689A60FB683A685A603B687A6833
:107A10001A617B681B685A1C7B681A60C046BD46A9
:107A200004B080BD80B584B000AF78607B681B690E
:107A3000FB607B685B687A6892689A607B689B6889
:107A40007A6852685A60FB685B687A689A4203D128
:107A50007B689A68FB685A607B6800221A61FB6841
:107A60001B685A1EFB681A60FB681B681800BD463D
:107A700004B080BD80B584B000AFF860B9607A60B2
:107A8000FB68043BFB60FB68802252041A60FB68C1
:107A9000043BFB60BA68FB681A60FB68043BFB6050
:107AA000084AFB681A60FB68143BFB607A68FB6855
:107AB0001A60FB68203BFB60FB681800BD4604B001
:107AC00080BDC046C97A010880B582B000AF0023EE
:107AD0007B6072B6C0467B68002BFCD0C046C046B7
:107AE000BD4602B080BD80B500AFC046BD4680BD7A
:107AF0000B4A13681868203080F30988022080F34D
:107B00001488BFF36F8F3FBCAE4608BC04BC62B69E
:107B10001847C046C046C046C046C046C046C046DC
:107B200024930120C046C04680B500AF0E4B1A68B2
:107B30000D4BFF2109040A431A600B4B1A680A4BCC
:107B4000FF2109060A431A6000F090F8074B002253
:107B50001A60FFF7CDFF01F0DDFBFFF7B5FF002353
:107B60001800BD4680BDC04620ED00E0C8020020E0
:107B700080B500AF054B802252051A60BFF34F8FCE
:107B8000BFF36F8FC046BD4680BDC04604ED00E028
:107B900080B500AF72B6064B1B685A1C044B1A60C6
:107BA000BFF34F8FBFF36F8FC046BD4680BDC04649
:107BB000C802002080B500AF064B1B685A1E054B5B
:107BC0001A60044B1B68002B00D162B6C046BD464C
:107BD00080BDC046C8020020EFF3108072B6704727
:107BE000C046180080F310887047C04600000000AF
:107BF000EFF309800E4B1A6820381060F0C044463D
:107C00004D4656465F46F0C008B572B601F082FB9D
:107C100062B60CBC116808681030F0C8A046A946CE
:107C2000B246BB4680F309882038F0C81847C046E2
:107C300024930120C046C04680B582B000AFFFF754
:107C4000CBFF03007B6001F0BDFA031E03D0064B9F
:107C5000802252051A607B681800FFF7C3FFC046F8
:107C6000BD4602B080BDC04604ED00E080B500AF67
:107C70000B4B00221A600B4B00221A600A4B1B6848
:107C8000FA2291001800E8F765FA03001A00074B82
:107C9000013A1A60024B07221A60C046BD4680BDF9
:107CA00010E000E018E000E09C02002014E000E09A
:107CB00080B586B000AF78600023FB6001F042F928
:107CC000454B1B68002B01D100F0D2F8434B1B68D9
:107CD0007A68134000D072E07B68002B0CD0082239
:107CE0007B689B187B607B680722134004D07B680D
:107CF0000722934308337B607B68002B5FD0384BAF
:107D00001B687A689A425AD8364B3B61354B1B68E0
:107D10007B6104E07B693B617B691B687B617B69FC
:107D20005B687A689A4203D97B691B68002BF1D1A2
:107D3000294B1B687A699A4241D03B691B6808222B
:107D40009B18FB607B691A683B691A607B695A68FB
:107D50007B68D21A08235B009A4210D97A697B6843
:107D6000D318BB607B695A687B68D21ABB685A60BB
:107D70007B697A685A60BB68180000F0D9F8184B24
:107D80001A687B695B68D21A154B1A60144B1A6823
:107D9000154B1B689A4203D2114B1A68124B1A609A
:107DA0007B695A680D4B1B681A437B695A607B6973
:107DB00000221A600D4B1B685A1C0C4B1A6001F014
:107DC000CDF8FB68002B01D1FEF7C0F9FB68180065
:107DD000BD4606B080BDC046CC920120E092012095
:107DE000D0920120C4920120D4920120D892012087
:107DF00080B584B000AF78607B68FB607B68002B47
:107E00002CD008235B42FA68D318FB60FB68BB6088
:107E1000BB685A68134B1B6813401FD0BB681B68B4
:107E2000002B1BD1BB685A680E4B1B68DB431A4002
:107E3000BB685A6001F086F8BB685A680A4B1B6839
:107E4000D218094B1A60BB68180000F071F8074B94
:107E50001B685A1C054B1A6001F080F8C046BD46ED
:107E600004B080BDE0920120D0920120DC9201207C
:107E700080B584B000AF274BBB60274BFB60FB682D
:107E8000072213400CD0FB680733FB60FB68072216
:107E90009343FB60BA68FB68D21A1F4BD318BB60D0
:107EA000FB687B601D4B7A681A601C4B00225A608D
:107EB0007B68BA68D318FB600822FB689B1AFB60DA
:107EC000FB6807229343FB60FA68154B1A60144B5A
:107ED0001B6800225A60124B1B6800221A607B68E4
:107EE0003B603B68FA68D21A3B685A600C4B1A68D0
:107EF0003B681A603B685A680A4B1A603B685A68CC
:107F0000094B1A60094B802212061A60C046BD4612
:107F100004B080BD905F010034330020C492012082
:107F2000CC920120D4920120D0920120E092012035
:107F300080B584B000AF7860274BFB6002E0FB683F
:107F40001B68FB60FB681B687A689A42F7D8FB687D
:107F5000BB60FB685B68BA68D3187A689A4208D13C
:107F6000FB685A687B685B68D218FB685A60FB68DC
:107F70007B607B68BB607B685B68BA68D218FB6813
:107F80001B689A4218D1FB681A68144B1B689A4206
:107F90000DD07B685A68FB681B685B68D2187B68E9
:107FA0005A60FB681B681A687B681A6008E00B4B14
:107FB0001A687B681A6003E0FB681A687B681A60BD
:107FC000FA687B689A4202D0FB687A681A60C046F9
:107FD000BD4604B080BDC046C4920120CC920120B1
:107FE00080B584B000AF786039607B68FB60FFF7D4
:107FF000CFFDFB681A68FB68D96BFB681B6C4B43B1
:10800000D218FB689A60FB6800229A63FB681A68C2
:10801000FB685A60FB681A68FB68DB6B591EFB68DB
:108020001B6C4B43D218FB68DA60FB684422FF21CB
:108030009954FB684522FF2199543B68002B0DD1D0
:10804000FB681B69002B13D0FB681033180001F08C
:108050002FFA031E0CD0FFF78BFD09E0FB681033ED
:108060001800FFF75EFCFB6824331800FFF759FC8B
:10807000FFF7A0FD01231800BD4604B080BD90B5F8
:108080008BB002AFF860B960FB1D1A70FB68BA686C
:108090005343FB61FB6950331800FFF709FE0300EF
:1080A000BB61BB69002B0ED0BB697B617B69503320
:1080B0007B61FB1D1C787A69B968F868BB6900931D
:1080C000230000F005F8BB691800BD4609B090BD5B
:1080D00080B584B000AFF860B9607A601A00FB1C0C
:1080E0001A70BB68002B03D1BB69BA691A6002E041
:1080F000BB697A681A60BB69FA68DA63BB69BA68F7
:108100001A64BB6901211800FFF76AFFBB69FA1CFA
:108110004C2112785A54C046BD4604B080BD80B58B
:1081200084B000AF786039607B68022200211800BB
:10813000FFF7A5FF0300FB60FB68002B02D0FB6884
:108140003A689A63FB681800BD4604B080BD80B5EC
:108150008AB000AFF860B9607A603B6000237B6250
:10816000FB683B62FFF714FD3B6A9A6B3B6ADB6B73
:108170009A4202D33B68022B1ED13A68B9683B6A27
:10818000180000F0CDFA0300FB613B6A5B6A002B2C
:1081900009D03B6A2433180001F08AF9031E07D086
:1081A000FFF7E6FC04E0FB69002B01D0FFF7E0FCE1
:1081B000FFF700FD01235BE07B68002B03D1FFF795
:1081C000F9FC002354E07B6A002B06D11423FB1832
:1081D000180001F0C5F901237B62FFF7EBFC00F00A
:1081E000B1FEFFF7D5FC3B6A44229B5C5BB20133D6
:1081F00003D13B6A4422002199543B6A45229B5C8F
:108200005BB2013303D13B6A452200219954FFF749
:10821000D1FC3A1D1423FB181100180001F0B4F929
:10822000031E1ED13B6A180000F07FFB031E11D015
:108230003B6A10337A681100180001F0FDF83B6AC0
:10824000180000F0FEFA00F089FE031E8AD1FFF745
:108250008FFC87E73B6A180000F0F3FA00F07EFE1F
:1082600080E73B6A180000F0ECFA00F077FE00238C
:108270001800BD460AB080BD90B58BB000AFF86065
:10828000B9607A603B60FB683B62FFF7A5FC0300C6
:10829000FB613B6A9A6B3B6ADB6B9A4202D33B6899
:1082A000022B31D11B243B193A6A4521525C1A70CA
:1082B0003B6A9B6B7B613A68B9683B6A180000F0C7
:1082C0002FFA3B191B785BB2013311D13B6A5B6A11
:1082D000002B16D03B6A2433180001F0E9F8031E86
:1082E0000FD07B68002B0CD07B6801221A6008E05D
:1082F0001B23FB181B780133DBB259B23B6A4522C2
:10830000995401237B6201E000237B62FB69180022
:10831000FFF768FC7B6A1800BD460BB090BD80B5C6
:1083200088B000AF786039607B68BB61FFF754FCB0
:1083300003007B61BB699B6B3B61BB69DB6B3A698B
:108340009A422CD20F203B18BA694521525C1A7010
:108350003B695A1CBB699A633B181B785BB20133BB
:1083600011D1BB695B6A002B16D0BB69243318009E
:1083700001F09EF8031E0FD03B68002B0CD03B6829
:1083800001221A6008E00F23FB181B780133DBB2CF
:1083900059B2BB69452299540123FB6101E00023D6
:1083A000FB617B691800FFF71DFCFB691800BD46E7
:1083B00008B080BD80B58AB000AFF860B9607A605F
:1083C00000237B62FB683B62FFF7E2FB3B6A9B6B2F
:1083D000FB61FB69002B1AD0BA683B6A11001800D8
:1083E00000F009FAFB695A1E3B6A9A633B6A1B69F3
:1083F000002B08D03B6A1033180001F059F8031E17
:1084000001D0FFF7B5FBFFF7D5FB012362E07B68E6
:10841000002B03D1FFF7CEFB00235BE07B6A002B30
:1084200006D11423FB18180001F09AF801237B628F
:10843000FFF7C0FB00F086FDFFF7AAFB3B6A442272
:108440009B5C5BB2013303D13B6A44220021995407
:108450003B6A45229B5C5BB2013303D13B6A4522F8
:1084600000219954FFF7A6FB3A1D1423FB181100B5
:10847000180001F089F8031E1ED13B6A180000F0B5
:108480003EFA031E11D03B6A24337A6811001800AB
:1084900000F0D2FF3B6A180000F0D3F900F05EFD57
:1084A000031E91D1FFF764FB8EE73B6A180000F0D2
:1084B000C8F900F053FD87E73B6A180000F0C1F9E6
:1084C00000F04CFD3B6A180000F019FA031E00D1C1
:1084D0007AE700231800BD460AB080BD80B58AB097
:1084E00000AF7860396000237B627B68FB6100230A
:1084F0003B62FFF74DFBFB699B6BBB61BB69002BCC
:108500001DD0BB695A1EFB699A63FB691B68002B6F
:1085100004D101F09FFC0200FB699A60FB691B69B2
:10852000002B08D0FB691033180000F0C1FF031EB8
:1085300001D0FFF71DFBFFF73DFB012386E03B6801
:10854000002B03D1FFF736FB00237FE07B6A002B73
:1085500006D10C23FB18180001F002F801237B62FE
:10856000FFF728FB00F0EEFCFFF712FBFB6944224B
:108570009B5C5BB2013303D1FB6944220021995417
:10858000FB6945229B5C5BB2013303D1FB69452249
:1085900000219954FFF70EFB3A000C23FB18110041
:1085A000180000F0F1FF031E2ED1FB69180000F047
:1085B000A6F9031E21D0FB691B68002B0AD1FFF727
:1085C000E7FAFB699B68180001F0D4F903003B62ED
:1085D000FFF7F0FAFB6924333A681100180000F045
:1085E0002BFFFB69180000F02CF900F0B7FC031E0C
:1085F00000D07EE7FFF7BCFA7BE7FB69180000F0CC
:1086000020F900F0ABFC74E7FB69180000F019F9E1
:1086100000F0A4FCFB69180000F071F9031E00D102
:1086200067E73B6A002B10D0FFF7B2FAFB6918002E
:1086300000F060F803007B61FB699B687A691100B8
:10864000180001F04BFAFFF7B5FA00231800BD46F9
:108650000AB080BD90B58BB000AFF860B9607A60A9
:10866000FB683B62FFF7B8FA0300FB613B6A9B6B58
:10867000BB61BB69002B32D017243B193A6A4421F5
:10868000525C1A70BA683B6A1100180000F0B3F827
:10869000BB695A1E3B6A9A633B191B785BB2013374
:1086A00011D13B6A1B69002B16D03B6A10331800AE
:1086B00000F0FEFE031E0FD07B68002B0CD07B6801
:1086C00001221A6008E01723FB181B780133DBB284
:1086D00059B23B6A4422995401237B6201E0002392
:1086E0007B62FB691800FFF77DFA7B6A1800BD46C4
:1086F0000BB090BD80B584B000AF78607B685B6ADA
:10870000002B06D07B681B6B1B680722D31AFB600B
:1087100001E00023FB60FB681800BD4604B080BD8B
:1087200080B586B000AFF860B9607A6000237B61E5
:10873000FB689B6B3B61FB681B6C002B0ED1FB68DD
:108740001B68002B4ED1FB689B68180001F07AF97A
:1087500003007B61FB6800229A6043E07B68002B8A
:1087600019D1FB685868FB681A6CBB6819000AF0DD
:10877000B6FDFB685A68FB681B6CD218FB685A6030
:10878000FB685A68FB689B689A422BD3FB681A689F
:10879000FB685A6026E0FB68D868FB681A6CBB6807
:1087A00019000AF09CFDFB68DA68FB681B6C5B42F1
:1087B000D218FB68DA60FB68DA68FB681B689A42CB
:1087C00007D2FB689A68FB681B6C5B42D218FB6897
:1087D000DA607B68022B05D13B69002B02D03B6934
:1087E000013B3B613B695A1CFB689A637B6918003B
:1087F000BD4606B080BD80B582B000AF78603960FC
:108800007B681B6C002B18D07B68DA687B681B6C5C
:10881000D2187B68DA607B68DA687B689B689A426A
:1088200003D37B681A687B68DA607B68D9687B68E9
:108830001A6C3B6818000AF052FDC046BD4602B0F3
:1088400080BD80B584B000AF7860FFF7A1F90F2339
:10885000FB187A684521525C1A7013E07B685B6AEA
:10886000002B16D07B682433180000F021FE031E75
:1088700001D000F0CFFE0F217B181B78013BDAB24C
:108880007B181A700F23FB181B785BB2002BE5DCFA
:1088900000E0C0467B684522FF219954FFF78AF922
:1088A000FFF776F90E23FB187A684421525C1A70A0
:1088B00013E07B681B69002B16D07B68103318000F
:1088C00000F0F6FD031E01D000F0A4FE0E217B187F
:1088D0001B78013BDAB27B181A700E23FB181B7849
:1088E0005BB2002BE5DC00E0C0467B684422FF2140
:1088F0009954FFF75FF9C046BD4604B080BD80B50E
:1089000084B000AF7860FFF743F97B689B6B002B66
:1089100002D10123FB6001E00023FB60FFF74AF96D
:10892000FB681800BD4604B080BD80B584B000AFC0
:108930007860FFF72DF97B689A6B7B68DB6B9A4256
:1089400002D10123FB6001E00023FB60FFF732F955
:10895000FB681800BD4604B080BD000080B584B03F
:1089600000AF786039600023FB6015E00E4BFA68B9
:10897000D200D358002B0CD10B4BFA68D2003968C7
:10898000D150094AFB68DB00D31804337A681A60B7
:1089900006E0FB680133FB60FB68072BE6D9C046A5
:1089A000C046BD4604B080BDE492012080B586B0CB
:1089B00000AFF860B9607A60FB687B61FFF7E8F8A8
:1089C0007B6944229B5C5BB2013303D17B69442207
:1089D000002199547B6945229B5C5BB2013303D132
:1089E0007B69452200219954FFF7E4F87B699B6B72
:1089F000002B06D17B6924337A68B968180000F02F
:108A000035FD7B691800FFF71CFFC046BD4606B068
:108A100080BD90B58DB004AFF860B9603B60BB1D00
:108A20001A80BB1D1B889B001800FFF741F903004B
:108A30007B617B69002B10D06020FFF739F90300C0
:108A4000FB61FB69002B03D0FB697A691A6306E0BE
:108A50007B691800FFF7CCF901E00023FB61FB699B
:108A6000002B16D0BB1D1A883C68B968F868002333
:108A70000393FB6902937B6B01933B6B0093230091
:108A800000F010F8FB69180000F092F80123BB61B8
:108A900002E001235B42BB61BB691800BD4609B01F
:108AA00090BD000080B586B000AFF860B9607A6014
:108AB0003B60BB6A186B7B689B001A00A5210AF01B
:108AC000E6FABB6A1A6B7B6838498C4663449B00A4
:108AD000D3183B613B69072293433B61BB68002B82
:108AE00020D000237B6113E0BA687B69D318187823
:108AF000BA6A34217B69D3185B18021C1A70BA68F1
:108B00007B69D3181B78002B06D07B6901337B610E
:108B10007B690C2BE8D900E0C046BB6A40220021EB
:108B2000995403E0BB6A3422002199543B6A062B16
:108B300001D906233B62BB6A3A6ADA62BB6A3A6AC7
:108B4000DA64BB6A00221A65BB6A04331800FEF7B8
:108B500006FFBB6A18331800FEF701FFBB6ABA6A4A
:108B60001A613B6A0722D21ABB6A9A61BB6ABA6A67
:108B70005A62BB6A00225A65BB6A00229A65BB6AC8
:108B80005C22002199543A68F9683B691800FEF7A5
:108B900071FF0200BB6A1A607B6A002B02D07B6AFD
:108BA000BA6A1A60C046BD4606B080BDFFFFFF3FEF
:108BB00080B582B000AF7860FEF7EAFF2A4B1B68F1
:108BC0005A1C294B1A60294B1B68002B09D1274BD3
:108BD0007A681A60244B1B68012B10D100F034FD19
:108BE0000DE0234B1B68002B09D1204B1B68DA6A70
:108BF0007B68DB6A9A4202D81C4B7A681A601D4B6C
:108C00001B685A1C1B4B1A601A4B1A687B685A6403
:108C10007B68DA6A184B1B689A4203D97B68DA6A68
:108C2000154B1A607B68DA6A13009B009B189B0047
:108C3000124A9A187B68043319001000FEF79AFE56
:108C4000FEF7B8FF0A4B1B68002B08D0074B1B68C8
:108C5000DA6A7B68DB6A9A4201D2FEF789FFC04676
:108C6000BD4602B080BDC04624940120249301205B
:108C700030940120409401202C940120289301205D
:108C800080B584B000AF78600023FB607B68002B68
:108C90000AD000F057F97B680021180001F050FA63
:108CA00000F05CF90300FB60FB68002B01D1FEF7CC
:108CB0005FFFC046BD4604B080BD000080B588B0EF
:108CC00000AF78607B68BB612B4B1B68BA699A4226
:108CD00004D11F23FB1800221A7046E0FEF758FF4C
:108CE000BB695B697B61254B1B683B61244B1B683F
:108CF000FB60FEF75FFF7A693B699A4203D07A69AD
:108D0000FB689A4204D11F23FB1802221A702CE040
:108D10007A691C4B9A4218D1BB699B6A002B0FD110
:108D2000BB695C229B5CDBB2012B04D11F23FB18C7
:108D300002221A7019E01F23FB1803221A7014E094
:108D40001F23FB1802221A700FE07A690E4B9A4219
:108D500002D07B69002B04D11F23FB1804221A7058
:108D600003E01F23FB1801221A701F23FB181B7836
:108D70001800BD4608B080BD24930120DC9301207B
:108D8000E093012010940120F893012080B584B075
:108D900000AF7860FEF7FCFE7B68002B02D1074B2A
:108DA0001B6800E07B68FB60FB68DB6ABB60FEF76A
:108DB00001FFBB681800BD4604B080BD24930120AC
:108DC00080B586B000AF7860396000237B613B6876
:108DD000062B01D906233B60FEF7DAFE7B68002BE9
:108DE00002D1384B1B6800E07B683B613B69DB6C60
:108DF000FB60FA683B689A425DD03A68FB689A4229
:108E00000DD9304B1B683A699A420FD02D4B1B6825
:108E1000DB6A3A689A4209D301237B6106E0294B59
:108E20001B683A699A4201D101237B613B69DB6A85
:108E3000BB603B69DA6C3B69DB6A9A4202D13B69F1
:108E40003A68DA623B693A68DA643B699B69002BED
:108E500004DB3B680722D21A3B699A613B69596976
:108E6000BA6813009B009B189B00174A9B189942F5
:108E70001CD13B6904331800FEF7D4FD3B69DA6A64
:108E8000124B1B689A4203D93B69DA6A0F4B1A608E
:108E90003B69DA6A13009B009B189B000A4A9A18E8
:108EA0003B69043319001000FEF764FD7B69002B59
:108EB00001D0FEF75DFEFEF77DFEC046BD4606B062
:108EC00080BDC04624930120289301202C940120CA
:108ED00080B584B002AF144A14491548154B01936C
:108EE000002300930023FFF794FD03007B607B6861
:108EF000012B03D101F078F903007B607B68012B23
:108F00000ED172B60C4B012252421A600B4B012259
:108F10001A600B4B00221A60F1F7B0FFFEF704FE57
:108F2000C046BD4602B080BDC409000054AD020871
:108F3000299601084894012044940120309401208E
:108F40002894012080B500AF034B1B685A1C024BCC
:108F50001A60C046BD4680BD4C94012080B584B0E7
:108F600000AF0023FB600023BB60FEF711FE364B11
:108F70001B685A1E344B1A60334B1B68002B5BD1A5
:108F8000324B1B68002B57D02FE0314BDB68DB687E
:108F9000FB60FB6818331800FEF744FDFB680433E0
:108FA0001800FEF73FFDFB68DA6A2A4B1B689A42FD
:108FB00003D9FB68DA6A274B1A60FB68DA6A130088
:108FC0009B009B189B00244A9A18FB6804331900E5
:108FD0001000FEF7CFFCFB68DA6A204B1B68DB6AE7
:108FE0009A4202D31E4B01221A60194B1B68002BB8
:108FF000CBD1FB68002B01D000F082FC194B1B6821
:109000007B607B68002B0FD000F0DCF8031E02D0E1
:10901000134B01221A607B68013B7B607B68002B4D
:10902000F2D1104B00221A600D4B1B68002B03D0AD
:109030000123BB60FEF79CFDFEF7BCFDBB6818007A
:10904000BD4604B080BDC0464C940120249401204C
:10905000E49301202C9401202893012024930120E3
:10906000389401203494012080B582B000AF044BC5
:109070001B687B607B681800BD4602B080BDC0469F
:109080002894012080B582B000AF00237B60044BA0
:109090001B683B603B681800BD4602B080BDC046FF
:1090A0002894012080B586B000AFF860B9607A607E
:1090B00000237B6107233B61FFF744FF3B4B1B68A9
:1090C000BA689A426AD33B69013B3B617A691300F3
:1090D000DB009B189B001A00FB6898183A69130084
:1090E0009B009B189B00324A9B180122190000F03C
:1090F00089FB02007B699B187B613B69002BE2D1F5
:109100007A691300DB009B189B001A00FB68981813
:10911000284B1B680222190000F074FB02007B69D7
:109120009B187B617A691300DB009B189B001A0077
:10913000FB689818204B1B680222190000F062FBA4
:1091400002007B699B187B617A691300DB009B1826
:109150009B001A00FB689B1818490422180000F0B5
:1091600051FB02007B699B187B617A691300DB006D
:109170009B189B001A00FB689B18114903221800DA
:1091800000F040FB02007B699B187B617B68002B31
:1091900004D0F1F789FE02007B681A60FFF7DEFE5B
:1091A0007B691800BD4606B080BDC04624940120EE
:1091B00028930120DC930120E0930120F893012003
:1091C0001094012080B586B000AF00237B61464B30
:1091D0001B68002B00D07DE0444B1B6801333B61D2
:1091E000424B3A691A603B69002B10D1404B1B6817
:1091F000FB60404B1A683E4B1A603E4BFA681A609F
:109200003D4B1B685A1C3C4B1A6000F079FB3B4BF2
:109210001B683A699A4249D3354B1B681B68002B7F
:1092200004D1364B012252421A603FE0304B1B689A
:10923000DB68DB68BB60BB685B687B603A697B6846
:109240009A4203D22D4B7A681A602FE0BB68043330
:109250001800FEF7E7FBBB689B6A002B04D0BB68D5
:1092600018331800FEF7DEFBBB68DA6A244B1B6874
:109270009A4203D9BB68DA6A214B1A60BB68DA6A82
:1092800013009B009B189B001E4A9A18BB6804336E
:1092900019001000FEF76EFBBB68DA6A1A4B1B68F8
:1092A000DB6A9A42B8D301237B61B5E7164B1B6892
:1092B000DA6A144913009B009B189B005B58012B32
:1092C00001D901237B61114B1B68002B07D00123BF
:1092D0007B6104E00E4B1B685A1C0D4B1A607B69C6
:1092E0001800BD4606B080BD4C9401202894012092
:1092F000DC930120E09301203C9401204494012060
:109300002C940120289301202493012038940120DB
:109310003494012080B584B000AF3F4B1B68002B14
:1093200003D03E4B01221A6071E03C4B00221A60D0
:10933000F1F7BAFD02003A4B1A60394B1A68394B03
:109340001B689A4209D9384B1B68596D344A10681A
:10935000344A1268821A8A185A65314B1A68314B9E
:109360001A60314B1B681B6BBB60304B7B60BB686A
:109370001B687A689A4211D1BB6804331B687A680B
:109380009A420BD1BB6808331B687A689A4205D1B0
:10939000BB680C331B687A689A4208D0224B1A6863
:1093A000214B1B68343319001000FCF7ADFE204B35
:1093B0001B68FB6002E0FB68013BFB601D49FA682B
:1093C00013009B009B189B005B58002BF3D0FA689E
:1093D00013009B009B189B00164A9B183B603B6840
:1093E0005B685A683B685A603B685A683B68083358
:1093F0009A4204D13B685B685A683B685A603B6894
:109400005B68DA68084B1A60094BFA681A60C04654
:10941000BD4604B080BDC0464C9401203894012064
:10942000549401205094012024930120A5A5A5A5C2
:109430002C9401202893012080B582B000AF786081
:109440003960094B1B6818331A007B68110018003B
:10945000FEF7B2FA3B680121180000F071FEC04629
:10946000BD4602B080BDC0462493012080B584B0C3
:1094700000AFF860B9607A600C4B1B6818331A00B3
:10948000FB6811001800FEF775FA7B68002B02D00C
:1094900001235B42BB607A68BB681100180000F0D2
:1094A0004FFEC046BD4604B080BDC0462493012097
:1094B00080B584B000AF78607B68DB68DB68BB6038
:1094C000BB6818331800FEF7ADFA1F4B1B68002B62
:1094D0001DD1BB6804331800FEF7A4FABB68DA6A32
:1094E0001A4B1B689A4203D9BB68DA6A174B1A6099
:1094F000BB68DA6A13009B009B189B00144A9A18F9
:10950000BB68043319001000FEF734FA07E0BB68AB
:1095100018331A000F4B11001800FEF72BFABB6826
:10952000DA6A0D4B1B68DB6A9A4205D90123FB609E
:109530000A4B01221A6001E00023FB60FB6818005F
:10954000BD4604B080BDC0464C9401202C9401203F
:1095500028930120E49301202493012038940120D2
:1095600080B582B000AF7860054B1A687B681A60DE
:10957000044B1A687B685A60C046BD4602B080BD85
:109580003C9401202894012080B586B000AF78601B
:109590003960FEF7FDFA1D4B1B683B617B685B6819
:1095A0003A69D31AFB603B681B68013302D1002380
:1095B0007B6124E07B681A68154B1B689A4207D0D0
:1095C0007B685B683A699A4202D301237B6116E0AB
:1095D0003B681B68FA689A420CD23B681A68FB68C1
:1095E000D21A3B681A607B681800FFF7B9FF0023A6
:1095F0007B6104E03B6800221A6001237B61FEF777
:10960000D9FA7B691800BD4606B080BD28940120B8
:109610003C94012080B500AF024B01221A60C04685
:10962000BD4680BD3894012080B582B000AF78601F
:1096300000F04EF8034B1B68012BF9D9FEF798FA9E
:10964000F6E7C0462893012080B582B000AF002322
:109650007B600CE07A6813009B009B189B00144A07
:109660009B181800FEF75DF97B6801337B607B680F
:10967000062BEFD90F4B1800FEF753F90E4B1800CD
:10968000FEF74FF90D4B1800FEF74BF90C4B180085
:10969000FEF747F90B4B1800FEF743F90A4B054A52
:1096A0001A600A4B044A1A60C046BD4602B080BD2B
:1096B00028930120B4930120C8930120E493012052
:1096C000F893012010940120DC930120E093012005
:1096D00080B582B000AF1AE0FEF75AFA104BDB6893
:1096E000DB687B607B6804331800FEF79BF90D4B49
:1096F0001B685A1E0B4B1A600B4B1B685A1E0A4BF9
:109700001A60FEF757FA7B68180000F0E8F8064B7D
:109710001B68002BE0D1C046C046BD4602B080BDEC
:10972000F8930120249401200C94012080B586B088
:1097300000AFF860B9607A601A00FB1C1A70FB6811
:10974000002B02D12E4B1B6800E0FB687B61BB68DD
:109750007A691A607B6934331A00BB685A607B6986
:10976000DA6ABB681A617B691A6BBB68DA617B696C
:109770005A6CBB689A607B69DA6CBB685A617B691A
:109780005A6DBB689A61FB1C1B78052B1CD01C4BC7
:109790001B687A699A4203D1BB6800221A731BE0E6
:1097A000BB68FA1C12781A73FB1C1B78032B13D1AD
:1097B000FFF7C8FB7B699B6A002B02D0BB680222C3
:1097C0001A73FFF7CBFB07E07B691800FFF776FA07
:1097D00003001A00BB681A737B68002B09D07B69F1
:1097E0001B6B180000F061F803001A00BB681A84B4
:1097F00002E0BB6800221A84C046BD4606B080BDA8
:109800002493012080B58AB000AFF860B960FB1DD9
:109810001A7000237B62BB681B68002B40D0BB68BA
:109820003B623B6A5B685A683B6A5A603B6A5A68AB
:109830003B6A08339A4204D13B6A5B685A683B6AC8
:109840005A603B6A5B68DB68FB61BB68BB61BB69F4
:109850005B685A68BB695A60BB695A68BB69083360
:109860009A4204D1BB695B685A68BB695A60BB699C
:109870005B68DB687B617A6A1300DB009B189B00E6
:109880001A00FB689918FB1D1B7878690122FFF705
:109890004DFF7B6A01337B627A69FB699A42D4D1BE
:1098A0007B6A1800BD460AB080BD80B584B000AFA9
:1098B00078600023FB6005E07B6801337B60FB6818
:1098C0000133FB607B681B78A52BF5D0FB689B08F8
:1098D000FB60FB689BB21800BD4604B080BD80B53C
:1098E00082B000AF78607B681B6B1800FEF780FACF
:1098F0007B681800FEF77CFAC046BD4602B080BD0A
:1099000080B582B000AF0B4B1B681B68002B04D1E5
:10991000094B012252421A6008E0064B1B68DB68C3
:10992000DB687B607B685A68034B1A60C046BD46A3
:1099300002B080BDDC9301204494012080B582B048
:1099400000AF0A4B1B68002B02D101237B6008E0AB
:10995000074B1B68002B02D102237B6001E0002330
:109960007B607B681800BD4602B080BD309401204A
:109970004C94012080B584B000AF78607B68BB60F8
:109980000023FB607B68002B51D0BB68DA6A2A4B4E
:109990001B68DB6A9A4241D2BB689B69002B06DBDD
:1099A000254B1B68DB6A0722D21ABB689A61BB6829
:1099B0005969BB68DA6A13009B009B189B001F4A19
:1099C0009B18994222D1BB6804331800FEF72AF88D
:1099D000194B1B68DA6ABB68DA62BB68DA6A184B33
:1099E0001B689A4203D9BB68DA6A154B1A60BB68D8
:1099F000DA6A13009B009B189B00104A9A18BB68F8
:109A0000043319001000FDF7B5FF04E00A4B1B6892
:109A1000DA6ABB68DA620123FB6008E0BB68DA6CD3
:109A2000054B1B68DB6A9A4201D20123FB60FB688D
:109A30001800BD4604B080BD249301202893012066
:109A40002C94012080B584B000AF78607B68BB6047
:109A50000023FB607B68002B37D0BB681B6D5A1E50
:109A6000BB681A65BB68DA6ABB68DB6C9A422CD0AB
:109A7000BB681B6D002B28D1BB6804331800FDF7B1
:109A8000D1FFBB68DA6CBB68DA62BB68DB6A0722AD
:109A9000D21ABB689A61BB68DA6A0E4B1B689A429D
:109AA00003D9BB68DA6A0B4B1A60BB68DA6A130029
:109AB0009B009B189B00084A9A18BB680433190046
:109AC0001000FDF757FF0123FB60FB681800BD463F
:109AD00004B080BD2C9401202893012080B586B06D
:109AE00000AF786039607B683B610123FB607B6875
:109AF000002B4BD03B69DB6C3A689A4202D93B6839
:109B00007B6102E03B69DB6C7B613B69DB6A7A6904
:109B10009A423BD03B691B6DFA689A4236D13B6949
:109B2000DB6ABB603B697A69DA623B699B69002B3F
:109B300004DB7B690722D21A3B699A613B69596948
:109B4000BA6813009B009B189B00124A9B1899420D
:109B50001CD13B6904331800FDF764FF3B69DA6AE6
:109B60000D4B1B689A4203D93B69DA6A0A4B1A60AB
:109B70003B69DA6A13009B009B189B00054A9A1800
:109B80003B69043319001000FDF7F4FEC046BD46E2
:109B900006B080BD289301202C94012080B584B0AC
:109BA00000AF786039603A687B681100180009F0EE
:109BB0008EFB7B681800E6F7B1FA0300FB6007E054
:109BC0007A68FB68D31820221A70FB680133FB60A7
:109BD000FB680B2BF4D97A68FB68D31800221A7043
:109BE0007A68FB68D3181800BD4604B080BD000039
:109BF000F0B589B002AF78607B6800221A704C4BD8
:109C00001B68FB604A4B1A681300DB009B189B0023
:109C10001800FEF74DF80300BB60BB68002B00D1B5
:109C200082E0F968BB6800221800FFF73BFA0300E6
:109C3000FB6000237B616FE07A691300DB009B18F7
:109C40009B001A00BB689B181B7B042B1DD89A0035
:109C5000384BD3181B689F461323FB1858221A70E1
:109C600018E01323FB1852221A7013E01323FB1879
:109C700042221A700EE01323FB1853221A7009E0D7
:109C80001323FB1844221A7004E01323FB1800224C
:109C90001A70C0467A691300DB009B189B001A00FB
:109CA000BB689B185A687B6811001800FFF776FFA5
:109CB00003007B601323FB181C787A691300DB0018
:109CC0009B189B001A00BB689B181D697A691300DA
:109CD000DB009B189B001A00BB689B181B8C1E00A6
:109CE0007A691300DB009B189B001A00BB689B1865
:109CF0009B6811497868019300962B00220009F0B7
:109D000047F97B681800E6F709FA02007B689B18A0
:109D10007B607B6901337B617A69FB689A428BD3F4
:109D2000BB681800FEF764F8C046BD4607B0F0BD3A
:109D3000249401206CAD02085CAD020880B588B0A7
:109D400000AF78607B6800221A703F4B1B68BB61D4
:109D50003D4B1A681300DB009B189B001800FDF7B1
:109D6000A7FF03007B617B69002B68D00C23FA18E6
:109D7000B9697B691800FFF795F90300BB61FB68BF
:109D800064211800E6F7E6F90300FB60FB68002B8E
:109D900051D00023FB614AE0FA691300DB009B18F5
:109DA0009B001A007B699B189B69FA6811001800D8
:109DB000E6F7D0F903003B61FA691300DB009B185A
:109DC0009B001A007B699B185A687B681100180079
:109DD000FFF7E4FE03007B603B69002B0ED0FA69BD
:109DE0001300DB009B189B001A007B699B189A6983
:109DF0003B691649786809F0CBF80DE0FA69130061
:109E0000DB009B189B001A007B699B189A6910491C
:109E10007B68180009F0BCF87B681800E6F77EF94B
:109E200002007B689B187B60FB690133FB61FA6968
:109E3000BB699A42B0D37B691800FDF7D9FFC046D1
:109E4000BD4608B080BDC0462494012080AD020804
:109E50008CAD020880B500AF064B1B68002B04D008
:109E6000044B1B681A6D01321A65024B1B681800FF
:109E7000BD4680BD2493012080B584B000AF7860DA
:109E80003960FDF785FE1C4B1B689B6D002B0ED1C6
:109E9000194B1B685C22012199543B68002B06D0AA
:109EA0003B680121180000F04BF9FDF761FEFDF75A
:109EB00081FEFDF76DFE104B1B689B6DFB60FB6820
:109EC000002B0CD07B68002B04D00B4B1B680022AE
:109ED0009A6504E0084B1B68FA68013A9A65064BDC
:109EE0001B685C2200219954FDF764FEFB68180092
:109EF000BD4604B080BDC0462493012080B588B023
:109F000000AFF860B9603B60FB1D1A700123FB6174
:109F1000FB68BB61FDF73CFE3B68002B03D0BB69CF
:109F20009A6D3B681A601723FB18BA695C21525C72
:109F30001A70BB695C2202219954FB1D1B78042B0B
:109F400021D89A002A4BD3181B689F46BB699A6D8B
:109F5000BB681A43BB699A6518E0BB699B6D5A1CC4
:109F6000BB699A6512E0BB69BA689A650EE017236F
:109F7000FB181B78022B03D0BB69BA689A6505E011
:109F80000023FB6102E0C04600E0C0461723FB1837
:109F90001B78012B25D1BB6904331800FDF742FD66
:109FA000BB69DA6A134B1B689A4203D9BB69DA6A48
:109FB000104B1A60BB69DA6A13009B009B189B0068
:109FC0000D4A9A18BB69043319001000FDF7D2FC42
:109FD000BB69DA6A094B1B68DB6A9A4201D9FDF753
:109FE000C7FDFDF7E7FDFB691800BD4608B080BD61
:109FF00098AD02082C94012028930120249301207D
:10A0000080B588B000AFF860B9603B60FB1D1A7086
:10A010000123FB61FB68BB61FDF7DEFD03007B6193
:10A020003B68002B03D0BB699A6D3B681A60132311
:10A03000FB18BA695C21525C1A70BB695C22022170
:10A040009954FB1D1B78042B21D89A00354BD3184B
:10A050001B689F46BB699A6DBB681A43BB699A65CA
:10A0600018E0BB699B6D5A1CBB699A6512E0BB691D
:10A07000BA689A650EE01323FB181B78022B03D0F5
:10A08000BB69BA689A6505E00023FB6102E0C0463F
:10A0900000E0C0461323FB181B78012B39D1224B5B
:10A0A0001B68002B1DD1BB6904331800FDF7BAFCF7
:10A0B000BB69DA6A1D4B1B689A4203D9BB69DA6A2D
:10A0C0001A4B1A60BB69DA6A13009B009B189B004D
:10A0D000174A9A18BB69043319001000FDF74AFCAF
:10A0E00007E0BB6918331A00124B11001800FDF786
:10A0F00041FCBB69DA6A104B1B68DB6A9A4208D9DB
:10A10000BB6A002B02D0BB6A01221A600B4B0122F2
:10A110001A607B691800FDF765FDFB691800BD46F4
:10A1200008B080BDACAD02084C9401202C940120F5
:10A1300028930120E49301202493012038940120E6
:10A1400080B584B000AF78603960214B1B68FB603C
:10A15000204B1B6804331800FDF764FC7B68013357
:10A160000BD13B68002B08D01A4B1B681A1D1A4BE9
:10A1700011001800FDF7FEFB26E0FA687B68D31893
:10A18000BB60144B1B68BA685A60BA68FB689A4295
:10A1900009D2124B1A680F4B1B68043319001000C8
:10A1A000FDF70AFC10E00E4B1A680A4B1B680433DB
:10A1B00019001000FDF700FC0A4B1B68BA689A42B0
:10A1C00002D2084BBA681A60C046BD4604B080BDD2
:10A1D000289401202493012010940120E093012071
:10A1E000DC9301204494012080B584B002AF0023A9
:10A1F0007B6000F0E3FA0A4B1B68002B0BD0094A86
:10A2000009490A480A4B0193032300930023FEF7F0
:10A2100000FC03007B607B681800BD4602B080BD77
:10A2200088940120C4090000C0AD0208E1A3010820
:10A230008C94012090B589B002AFF860B9607A6063
:10A240003B602C20FDF734FD03007B617B69002B14
:10A250000ED07B692822002199543C687A68B9683D
:10A26000F8687B690193BB6A0093230000F005F84E
:10A270007B691800BD4607B090BD80B584B000AFC3
:10A28000F860B9607A603B60FB69002B1ED000F07B
:10A2900095FAFB69FA681A60FB69BA689A61FB690A
:10A2A0003A68DA61FB69BA691A62FB69043318001B
:10A2B000FDF755FB7B68002B08D0FB6928229B5CCF
:10A2C00004221343D9B2FB6928229954C046BD46E3
:10A2D00004B080BD90B58BB000AFF860B9607A6013
:10A2E0003B6000237B621D4B1B68002B30D0142485
:10A2F0003B19BA681A603B197A685A603B19FA68C8
:10A300009A60BB68052B19DCFFF718FB0300022BD2
:10A3100009D1124B1868BA6B39190023FDF717FFE2
:10A3200003007B6214E00D4B18681423F918002316
:10A330000022FDF70CFF03007B6209E0074B186861
:10A340003A681423F9180023FDF796FF03007B6297
:10A350007B6A1800BD460BB090BDC04688940120B2
:10A3600080B586B002AF786039601C4B1B68DB6833
:10A37000DB68FB60FB6804331800FDF753FBFB68E8
:10A3800028229B5C1A000423134015D0FB689A69AD
:10A390007B68D1187B683A68F86800F0BFF8031E44
:10A3A00013D07A68F8680023009300230021FFF798
:10A3B00091FF0300BB6008E0FB6828229B5C012240
:10A3C0009343D9B2FB6828229954FB681B6AFA6848
:10A3D00010009847C046BD4604B080BD809401205F
:10A3E00080B584B000AF78600823FB18180000F037
:10A3F00053F80300FB60BA68FB681100180000F016
:10A4000003F800F0CDF8EFE780B584B000AF7860D6
:10A410003960FEF797FD0823FB18180000F05EF87E
:10A420000300FB60BB68002B2BD13B68002B0CD1D9
:10A430007A68FB689A4208D8FEF790FDFA687B6854
:10A4400011001800FFF78CFF1DE03B68002B08D0BF
:10A450000F4B1B681B68002B01D1012300E0002378
:10A460003B600C4B18687A68FB68D31A3A6819008D
:10A47000FEF79CFAFEF772FD031E04D1FDF778FB90
:10A4800001E0FEF76BFDC046BD4604B080BDC0468E
:10A49000849401208894012080B584B000AF786056
:10A4A0000D4B1B681B68002B01D1012200E000222C
:10A4B0007B681A607B681B68002B05D1064B1B6804
:10A4C000DB681B68FB6001E00023FB60FB68180091
:10A4D000BD4604B080BDC0468094012080B584B0E4
:10A4E00000AF7860FEF7C0FD0300FB600A4B1B68FD
:10A4F000FA689A4205D200F009F97B6801221A60D5
:10A5000002E07B6800221A60034BFA681A60FB685D
:10A510001800BD4604B080BD9094012080B586B07F
:10A5200000AFF860B9607A603B6000237B61FB6834
:10A53000BA685A60FB68FA681A61BA687B689A421E
:10A5400012D87A683B68D21AFB689B699A4202D398
:10A5500001237B611BE0104B1A68FB680433190070
:10A560001000FDF729FA12E07A683B689A4206D299
:10A57000BA683B689A4202D301237B6107E0074B2C
:10A580001A68FB68043319001000FDF715FA7B699F
:10A590001800BD4606B080BD84940120809401203F
:10A5A00090B58DB002AF9CE00822BB181B68002B51
:10A5B0000ADABB1804337B627B6A1A687B6A5868C4
:10A5C0007B6A9B68190090470822BB181B68002B08
:10A5D00000DA86E0BB189B683B623B6A5B69002B34
:10A5E00004D03B6A04331800FDF71CFA3B1D180029
:10A5F000FFF774FF0300FB610823FB181B68092B9E
:10A600006ED89A003F4BD3181B689F463B6A28229E
:10A610009B5C01221343D9B23B6A28229954082437
:10A620003B195A683B6A9B69D1183B195B68FA6908
:10A63000386AFFF773FF031E53D03B6A1B6A3A6AFE
:10A64000100098473B6A28229B5C1A0004231340A1
:10A6500047D03B195A683B6A9B69D218386A002375
:10A66000009300230021FFF735FE0300BB6138E0B3
:10A670003B6A28229B5C01229343D9B23B6A282281
:10A6800099542EE03B6A28229B5C01221343D9B2E5
:10A690003B6A282299540823FB185A683B6A9A613E
:10A6A0003B6A9A69FB69D118FB69FA69386AFFF756
:10A6B00035FF16E03B6A28229B5C1A0002231340F8
:10A6C00004D13B6A1800FDF793FB0AE03B6A28229D
:10A6D0009B5C01229343D9B23B6A2822995400E043
:10A6E000C046094B1B680822B91800221800FDF764
:10A6F00061FE031E00D057E7C046C046BD460BB002
:10A7000090BDC046C8AD02088894012080B588B0CD
:10A7100002AF3CE0274B1B68DB681B683B61254BA5
:10A720001B68DB68DB68FB60FB6804331800FDF71F
:10A7300079F9FB681B6AFA6810009847FB682822C1
:10A740009B5C1A000423134021D0FB689B693A6983
:10A75000D318BB60BA683B699A420ED9FB68BA68E5
:10A760005A60FB68FA681A61124B1A68FB68043376
:10A7700019001000FDF720F909E03A69F868002394
:10A78000009300230021FFF7A5FD03007B60094B28
:10A790001B681B68002BBDD1064B1B687B61064BF9
:10A7A0001A68044B1A60044B7A691A60C046BD46A9
:10A7B00006B080BD809401208494012080B500AF54
:10A7C000FDF7E6F9144B1B68002B20D1134B180042
:10A7D000FDF7A7F8124B1800FDF7A3F8114B0F4A2D
:10A7E0001A60114B0E4A1A60002210210420FDF756
:10A7F00046FC0200084B1A60074B1B68002B06D072
:10A80000054B1B68094A11001800FEF7A7F8FDF771
:10A81000D1F9C046BD4680BD8894012058940120DE
:10A820006C9401208094012084940120F0AD0208F2
:10A8300080B584B000AF78607B68BB60FDF7A8F995
:10A84000BB6828229B5C1A000123134002D100231D
:10A85000FB6001E00123FB60FDF7ACF9FB68180029
:10A86000BD4604B080BD80B584B000AF78607B6821
:10A87000FB60FDF78DF9FB68DB69BB60FDF79AF9BA
:10A88000BB681800BD4604B080BD000080B582B032
:10A8900000AFFB1D00221A700B4B1A680A4B802177
:10A8A00049000A431A60032000F010F8031E03D089
:10A8B000FB1D01221A7001E002F036FBFB1D1B7824
:10A8C0001800BD4602B080BD0020024090B585B0A2
:10A8D00000AF78600F23FB1800221A701D4B1B7805
:10A8E000002B2BD01C4B1C681A4B1B781900FA2329
:10A8F0009800E5F72FFC030019002000E5F72AFC7B
:10A900000300180001F0C1F8031E12D17B68032B6D
:10A910000AD8796801235B420022180001F080F810
:10A920000E4B7A681A600DE00F23FB1801221A7093
:10A9300008E00F23FB1801221A7003E00F23FB1815
:10A9400001221A700F23FB181B781800BD4605B0B2
:10A9500090BDC046D00200209C020020CC02002006
:10A9600080B500AF054B1B781A00054B1B68D21849
:10A97000034B1A60C046BD4680BDC046D0020020D1
:10A980009494012080B500AF024B1B681800BD46AF
:10A9900080BDC0469494012080B584B000AF78603B
:10A9A000FFF7F0FF0300BB607B68FB60FB680133CF
:10A9B00005D00A4B1B781A00FB689B18FB60C04649
:10A9C000FFF7E0FF0200BB68D31AFA689A42F7D893
:10A9D000C046C046BD4604B080BDC046D00200207F
:10A9E00080B500AF034B1B681B0C1B041B0C18002D
:10A9F000BD4680BD0058014080B500AF034B1B68C9
:10AA00001B051B0D1800BD4680BDC0460058014007
:10AA100080B582B000AF786039607B681B68054AFA
:10AA20001A403B681A437B681A60C046BD4602B0B4
:10AA300080BDC046FFFF3FFE80B582B000AF7860AA
:10AA40007B681A68E0235B0413401800BD4602B01F
:10AA500080BD80B584B000AFF860B9607A60FB68F3
:10AA60005B69BA6804210A40072191400A00D24379
:10AA70001A40BB6804210B40796899400B001A43C7
:10AA8000FB685A61C046BD4604B080BD80B582B047
:10AA900000AF786039607B685B693A6804210A40DE
:10AAA000072191400A001A403B6804210B40DA401C
:10AAB00013001800BD4602B080BD80B582B000AF63
:10AAC00078607B68DA68C0231B01134001D1012341
:10AAD00000E000231800BD4602B080BD80B584B000
:10AAE00000AFF860B9607A60FB689B6ABA681F21A2
:10AAF0000A400F2191400A00D2431A407B689B0E06
:10AB00000F211940BB681F20034099400B001A43D6
:10AB1000FB689A62C046BD4604B080BD80B582B075
:10AB200000AF786039607B689A6A3B685B035B0BB7
:10AB30001A437B689A62C046BD4602B080BD80B5AC
:10AB400082B000AF786039607B689B6A3A685203D4
:10AB5000520BD2431A407B689A62C046BD4602B08F
:10AB600080BD000080B584B000AFF860B9607A6045
:10AB7000FB685B69BA681202D2431A40BB681B02C9
:10AB800079680B4004490B401A43FB685A61C04680
:10AB9000BD4604B080BDC04600FFFF0780B582B04F
:10ABA00000AF78607B689B68054A1340802252059D
:10ABB0001A437B689A60C046BD4602B080BDC0465D
:10ABC000E8FFFF6F80B582B000AF78607B689A685D
:10ABD00080235B051A4080235B059A4201D1012343
:10ABE00000E000231800BD4602B080BD80B582B0F1
:10ABF00000AF78607B689B68044A134001221A43C7
:10AC00007B689A60C046BD4602B080BDE8FFFF7F0A
:10AC100080B582B000AF78607B689B68044A1340BF
:10AC200002221A437B689A60C046BD4602B080BDCE
:10AC3000E8FFFF7F80B582B000AF78607B689B68DB
:10AC400001221340012B01D1012300E00023180051
:10AC5000BD4602B080BD80B582B000AF78607B6831
:10AC60009B6802221340022B01D1012300E0002344
:10AC70001800BD4602B080BD80B582B000AF7860DC
:10AC80007B689B68044A134004221A437B689A60DD
:10AC9000C046BD4602B080BDE8FFFF7F80B582B0F0
:10ACA00000AF78607B689B68044A134010221A4307
:10ACB0007B689A60C046BD4602B080BDE8FFFF7F5A
:10ACC00080B582B000AF78607B689B680422134037
:10ACD000042B01D1012300E000231800BD4602B07F
:10ACE00080BD000080B588B000AF78601F23FB18DE
:10ACF00000221A700023BB6100237B610023FB60EC
:10AD00007B68002B01D101237FE17B689B6D002BC9
:10AD10000AD17B681800FAF787FC7B680022DA65A5
:10AD20007B685422002199547B681B681800FFF748
:10AD300049FF031E15D17B681B681800FFF72EFF23
:10AD4000B44B1B68B4491800E5F704FA030001335B
:10AD50005B00FB6002E0FB68013BFB60FB68002BD3
:10AD6000F9D17B681B681800FFF72CFF031E0FD179
:10AD70007B689B6D10221A437B689A657B68DB6D4C
:10AD800001221A437B68DA651F23FB1801221A701F
:10AD90007B681B681800FFF793FF03003B617B682B
:10ADA0009B6D1022134000D022E13B69002B00D0A4
:10ADB0001EE17B689B6D994A134002221A437B680F
:10ADC0009A657B681B681800FFF734FF031E00D0EC
:10ADD000ADE07B689A687B681B7E9B031A437B68A7
:10ADE0005B7EDB031A437B689B7E5B031A437B68B5
:10ADF0001B6B002B02D080235B0100E000231A4371
:10AE00007B68DB681A437B681B69002B04DA7B686C
:10AE10001B695B005B0801E080239B031A437B688E
:10AE20002C215B5C5B001343BA691343BB617B68F5
:10AE300020229B5C012B15D17B689B7E002B05D1CA
:10AE4000BB69802252021343BB610BE07B689B6DA0
:10AE500020221A437B689A657B68DB6D01221A43C6
:10AE60007B68DA657B685B6A002B0AD07B685A6A6C
:10AE7000E0235B001A407B689B6A1343BA69134363
:10AE8000BB617B681B68DB68654A134019007B68FF
:10AE90001B68BA690A43DA607B685B689B0F9A0794
:10AEA0007B68DB6C13437A6913437B617B683C22CC
:10AEB0009B5C012B11D17B685B689B0F9A077B68B9
:10AEC0001B6C1A437B685B6C1A437B689B6C1A4350
:10AED0007B691343012213437B617B681B681B69F9
:10AEE000504A134019007B681B687A690A431A614B
:10AEF0007B685A68C0231B069A4218D07B685A6840
:10AF00008023DB059A4212D07B685A6880231B0697
:10AF10009A420CD0444B1B68444A134019007B688A
:10AF20005A68F0239B031A403F4B0A431A607B6820
:10AF300018687B685B6B1A000021FFF78AFD7B684D
:10AF400018687B689B6B3A491A00FFF782FD7B68A3
:10AF50001B69002B09D17B681B689A6A7B681B6898
:10AF6000102149420A439A6218E07B681A698023DB
:10AF70009B039A4212D17B681B689B6A7B68DB69E2
:10AF8000013B9B001C221340102252429A401100A8
:10AF90007B681A6E7B681B680A439A627B681B6831
:10AFA00000211800FFF772FD02007B685B6B9A427C
:10AFB0000BD17B680022DA657B689B6D032293438B
:10AFC00001221A437B689A651CE07B689B6D122204
:10AFD000934310221A437B689A657B68DB6D0122DC
:10AFE0001A437B68DA651F23FB1801221A7009E0F7
:10AFF0007B689B6D10221A437B689A651F23FB18A0
:10B0000001221A701F23FB181B781800BD4608B0D8
:10B0100080BDC0469C020020400D0300FDFEFFFFE6
:10B020000102FEFF02FCFF1F08270140FFFFC3FFD4
:10B0300004FFFF07B0B584B000AF78607B681B6881
:10B040001800FFF73DFE031E35D17B6854229B5C40
:10B05000012B01D1022335E07B6854220121995450
:10B060000F257C197B68180000F028FB0300237073
:10B070007B191B78002B19D17B689B6D134A1340F9
:10B08000802252001A437B689A657B680022DA6549
:10B090007B681B681C221A607B685422002199542B
:10B0A0007B681B681800FFF7E7FD08E07B68542207
:10B0B0000021995403E00F23FB1802221A700F237A
:10B0C000FB181B781800BD4604B0B0BDFEF0FFFFB2
:10B0D000B0B584B000AF78607B6854229B5C012BD4
:10B0E00001D1022329E07B685422012199540F25C4
:10B0F0007C197B68180000F09FFA030023707B190D
:10B100001B78002B12D17C197B68180000F05CFBC7
:10B11000030023707B191B78002B07D17B689B6D84
:10B12000084A134001221A437B689A657B685422BF
:10B13000002199540F23FB181B781800BD4604B05A
:10B14000B0BDC046FEFEFFFF80B584B000AF7860A2
:10B1500039607B685B69082B02D10823FB600FE034
:10B160007B681B68DB680122134007D07B689B6DFE
:10B1700020221A437B689A65012372E00423FB6056
:10B18000FFF700FC0300BB601FE03B6801331CD0ED
:10B19000FFF7F8FB0200BB68D31A3A689A4202D361
:10B1A0003B68002B11D17B681B681B68FA68134051
:10B1B0000BD17B689B6D04221A437B689A657B6880
:10B1C00054220021995403234BE07B681B681B68C1
:10B1D000FA681340D9D07B689B6D802292001A4395
:10B1E0007B689A657B681B681800FFF766FC031E86
:10B1F0002ED07B689B7E002B2AD17B681B681B6846
:10B2000008221340082B23D17B681B681800FFF726
:10B2100057FD031E10D17B681B685A687B681B684A
:10B220000C218A435A607B689B6D104A13400122AF
:10B230001A437B689A650BE07B689B6D20221A435A
:10B240007B689A657B68DB6D01221A437B68DA654F
:10B250007B681B7E002B03D17B681B680C221A6065
:10B2600000231800BD4604B080BDC046FEFEFFFFAF
:10B2700080B582B000AF78607B681B681B6C1800DB
:10B28000BD4602B080BD000080B586B000AF7860DA
:10B2900039601723FB1800221A700023FB607B68BB
:10B2A00054229B5C012B01D10223C0E17B68542214
:10B2B000012199547B681B681800FFF701FD031EEC
:10B2C00000D0A3E13B685B68022B00D143E17B68BF
:10B2D0001A6980231B069A4204D07B681B69C14A05
:10B2E000934208D17B681A683B681B6819001000FC
:10B2F000FFF714FCC9E07B681A6E3B685B681F218E
:10B300000B400F2199400B00DB43134019003B68B1
:10B310001B685B035B0B05D13B681B689B0E1F2200
:10B32000134098E03B681B680122134000D091E075
:10B330003B681B680222134000D089E03B681B6811
:10B340000422134000D081E03B681B6808221340B0
:10B3500000D079E03B681B681022134000D071E0F8
:10B360003B681B682022134000D069E03B681B68E3
:10B370004022134000D061E03B681B6880221340EC
:10B3800000D059E03B681A6880235B00134051D11C
:10B390003B681A6880239B00134049D13B681A68B8
:10B3A0008023DB00134041D13B681A6880231B01D6
:10B3B000134039D13B681A6880235B01134031D1B7
:10B3C0003B681A6880239B01134029D13B681A68A7
:10B3D0008023DB01134021D13B681A6880231B02C4
:10B3E000134019D13B681A6880235B02134011D1C6
:10B3F0003B681A6880239B02134009D13B681A6896
:10B400008023DB02134001D0122324E0002322E03A
:10B41000112320E010231EE00F231CE00E231AE06E
:10B420000D2318E00C2316E00B2314E00A2312E08E
:10B43000092310E008230EE007230CE006230AE0AE
:10B44000052308E0042306E0032304E0022302E0CE
:10B45000012300E000233A6852681F200240934015
:10B460000A001A437B681A663B685B689B085A1C93
:10B470007B68DB699A4208D87B6818683B68596822
:10B480003B681B681A00FFF729FB7B6818683B685C
:10B4900019683B689B681A00FFF764FB3B681B68F0
:10B4A000002B00DBBCE0504B1800FFF7C5FA03008F
:10B4B0003B613B681B684D4A934222D13A69802325
:10B4C0001B0413401DD13B69802212041343464ADA
:10B4D00019001000FFF79CFA454B1B6845491800FE
:10B4E000E4F738FE03005A1C13005B009B189B0016
:10B4F000FB6002E0FB68013BFB60FB68002BF9D1BD
:10B500008EE03B681B683C4A93420ED13A69802327
:10B510005B04134009D13B69802252041343324A31
:10B5200019001000FFF774FA7AE03B681B68334A91
:10B53000934200D074E03A698023DB03134000D0CB
:10B540006EE03B698022D2031343274A19001000A2
:10B55000FFF75EFA64E07B681A6980231B069A4253
:10B5600004D07B681B691F4A934207D17B681A6825
:10B570003B681B6819001000FFF7E1FA3B681B6885
:10B58000002B4DDA184B1800FFF756FA03003B6109
:10B590003B681B68154A934208D13B69184A13401F
:10B5A000114A19001000FFF733FA39E03B681B68B5
:10B5B000114A934208D13B69124A13400A4A1900C2
:10B5C0001000FFF725FA2BE03B681B680B4A9342FB
:10B5D00026D13B690C4A1340034A19001000FFF7BB
:10B5E00017FA1DE00400008008270140001000B099
:10B5F0009C020020400D0300004000B8002000B471
:10B60000FFFF7FFFFFFFFFFEFFFFBFFF7B689B6D1C
:10B6100020221A437B689A651723FB1801221A70AF
:10B620007B685422002199541723FB181B781800BB
:10B63000BD4606B080BDC04680B584B000AF78601E
:10B640007B681B681800FFF73BFB031E31D07B684B
:10B650001B681800FFF7FFFA031E04D17B681B6804
:10B660001800FFF71BFBFFF78DF90300FB601AE0E2
:10B67000FFF788F90200FB68D31A022B13D97B6805
:10B680001B689B68042213400DD07B689B6D1022C1
:10B690001A437B689A657B68DB6D01221A437B68DD
:10B6A000DA65012306E07B681B689B68042213406F
:10B6B000DED100231800BD4604B080BD80B584B043
:10B6C00000AF78600023BB607B681B681800FFF741
:10B6D000B1FA031E00D069E07B681B689B68364A9C
:10B6E00013400DD07B689B6D10221A437B689A65CE
:10B6F0007B68DB6D01221A437B68DA65012356E023
:10B700007B681B681800FFF771FA2C4B1800FFF7D5
:10B7100093F9020080231B0413400FD0284B1B68B1
:10B7200028491800E4F716FD03000133BB6002E06E
:10B73000BB68013BBB60BB68002BF9D17B685B7EBB
:10B74000012B33D0FFF71EF90300FB6027E07B6875
:10B750001B681800FFF76EFA031E04D17B681B6894
:10B760001800FFF743FAFFF70DF90200FB68D31A40
:10B77000022B14D97B681B681B6801221340012B24
:10B780000DD07B689B6D10221A437B689A657B689D
:10B79000DB6D01221A437B68DA65012307E07B68D1
:10B7A0001B681B6801221340012BD0D10023180015
:10B7B000BD4604B080BDC046170000800827014088
:10B7C0009C020020400D030080B584B000AF78607B
:10B7D0007B681B681800FFF73EFA0300FB607B687C
:10B7E0001B681800FFF726FA031E46D0FB68002BE3
:10B7F00043D17B681B689B6805221340012B0DD148
:10B800007B681B681800FFF703FA7B681B6803223C
:10B810001A60FFF7B7F80300BB6028E07B689B6DF8
:10B8200010221A437B689A657B68DB6D01221A43FC
:10B830007B68DA65012321E0FFF7A4F80200BB680A
:10B84000D31A022B13D97B681B689B680122134013
:10B850000DD07B689B6D10221A437B689A657B68CC
:10B86000DB6D01221A437B68DA65012306E07B6801
:10B870001B689B6801221340DED100231800BD46DF
:10B8800004B080BD80B582B000AF0200FB1D1A700D
:10B89000FB1D1B787F2B09D8FB1D1B781A001F236B
:10B8A0001A40044B012191400A001A60C046BD466F
:10B8B00002B080BD00E100E080B582B000AF0200C0
:10B8C000FB1D1A70FB1D1B787F2B10D8FB1D1B78EE
:10B8D0001A001F231340084901229A4013008022B6
:10B8E0008B50BFF34F8FC046BFF36F8FC046C0462B
:10B8F000BD4602B080BDC04600E100E090B583B017
:10B9000000AF02003960FB1D1A70FB1D1B787F2BF6
:10B9100028D82F4AFB1D1B785BB29B08C0339B00C5
:10B920009B58FA1D1278110003220A40D200FF2111
:10B9300091400A00D2431A4011003B689B01FF224C
:10B940001A40FB1D1B78180003230340DB009A40BC
:10B950001F48FB1D1B785BB29B080A43C0339B004A
:10B960001A5031E01B4AFB1D1B7819000F230B40B6
:10B97000083B9B0806339B00D31804331B68FA1D51
:10B980001278110003220A40D200FF2191400A00E0
:10B99000D2431A4011003B689B01FF221A40FB1D55
:10B9A0001B78180003230340DB009A400948FB1D65
:10B9B0001B781C000F232340083B9B080A430633D7
:10B9C0009B00C31804331A60C046BD4603B090BD47
:10B9D00000E100E000ED00E080B582B000AF7860EB
:10B9E0007B685A1E80235B049A4201D3012310E036
:10B9F0000A4B7A68013A5A6001235B42032118001E
:10BA0000FFF77CFF054B00229A60044B07221A6067
:10BA100000231800BD4602B080BDC04610E000E023
:10BA200080B584B000AFB9607A600F217B18021C2A
:10BA30001A70BA687B181B785BB211001800FFF708
:10BA40005DFFC046BD4604B080BD80B582B000AF8A
:10BA50000200FB1D1A70FB1D1B785BB21800FFF77C
:10BA600011FFC046BD4602B080BD80B582B000AFB8
:10BA70000200FB1D1A70FB1D1B785BB21800FFF75C
:10BA80001BFFC046BD4602B080BD80B582B000AF8E
:10BA900078607B681800FFF79FFF03001800BD4621
:10BAA00002B080BD80B582B000AF78607B68042BA7
:10BAB00006D1084B1A68074B04210A431A6005E0B7
:10BAC000044B1A68034B04218A431A60C046BD46E2
:10BAD00002B080BD10E000E080B582B000AF7860B9
:10BAE0007B68002B01D1012356E07B685B7FDBB2D2
:10BAF000002B06D17B6800221A777B681800F7F7C5
:10BB00006DF97B6802225A777B681B79002B0CD178
:10BB10007B681B68224A5A617B681B689A687B684D
:10BB20001B6818218A439A600BE07B6899687B68E0
:10BB3000DA687B68180000F093F9031E01D0012336
:10BB40002AE07B685B79002B05D17B681B680122AA
:10BB500052421A6104E07B681B687A6812691A61B4
:10BB60007B681B689B686022934319007B685A6955
:10BB70007B681B680A439A607B681B689B6880220D
:10BB8000934319007B689A697B681B680A439A6033
:10BB90007B6801225A7700231800BD4602B080BDA1
:10BBA000B71DC10480B586B000AFF860B9607A6097
:10BBB00000233B61FB6802225A77FB681B6A032B58
:10BBC00005D02DD8012B19D0022B20D028E000233E
:10BBD0007B610AE07B699B00BA68D218FB681B682E
:10BBE00012681A607B6901337B617A697B689A42CB
:10BBF000F0D3FB681B681B683B6112E07A68B96888
:10BC0000FB68180000F064F803003B6109E07A6803
:10BC1000B968FB68180000F0ECF803003B6100E035
:10BC2000C046FB6801225A773B691800BD4606B042
:10BC300080BD80B586B000AFF860B9607A6000233F
:10BC40003B61FB6802225A77FB681B689A68FB68B5
:10BC50001B6801210A439A60FB681B6A032B05D00D
:10BC60002DD8012B19D0022B20D028E000237B6196
:10BC70000AE07B699B00BA68D218FB681B681268EF
:10BC80001A607B6901337B617A697B689A42F0D3E1
:10BC9000FB681B681B683B6112E07A68B968FB6847
:10BCA000180000F015F803003B6109E07A68B968F4
:10BCB000FB68180000F09DF803003B6100E0C046FF
:10BCC000FB6801225A773B691800BD4606B080BD6B
:10BCD00080B588B000AFF860B9607A600023FB617E
:10BCE00023E0FB699B00BA68D3181B781A06FB692E
:10BCF0009B000133B968CB181B781B041A43FB69FE
:10BD00009B000233B968CB181B781B021A43FB69EE
:10BD10009B000333B968CB181B781900FB681B68BC
:10BD20000A431A60FB690133FB617B689B08FA696F
:10BD30009A42D6D37B680322134053D07B680322F8
:10BD40001340012B07D1FB699B00BA68D218FB682E
:10BD50001B6812781A707B6803221340022B19D1DA
:10BD6000FB699B00BA68D3181B781B021AB2FB69E7
:10BD70009B000133B968CB181B781BB213431AB26E
:10BD80001A217B181A80FB681B687B617B697A1813
:10BD900012881A807B6803221340032B22D1FB698F
:10BDA0009B00BA68D3181B781B021AB2FB699B0070
:10BDB0000133B968CB181B781BB213431AB21A218E
:10BDC0007B181A80FB681B687B617B697A18128874
:10BDD0001A80FB699B000233BA68D218FB681B68A3
:10BDE00012781A70FB681B681B681800BD4608B003
:10BDF00080BD80B586B000AFF860B9607A6000237E
:10BE00007B6113E07B699B00BA68D3181B881A0416
:10BE10007B699B000233B968CB181B881900FB684B
:10BE20001B680A431A607B6901337B617B685B088E
:10BE30007A699A42E6D37B680122134009D0FB68F5
:10BE40001B683B617B699B00BA68D3181A883B6901
:10BE50001A80FB681B681B681800BD4606B080BDD1
:10BE600080B586B000AFF860B9607A601723FB1820
:10BE700000221A701F233B61C0463B695A1E3A617B
:10BE8000002B08D03B691F221340BA68DA40130028
:10BE900001221340F1D07B68182B0FD07B68182B40
:10BEA00024D87B68102B11D07B68102B1ED87B68A0
:10BEB000002B20D07B68082B10D017E03B69062BA5
:10BEC0001BD91723FB1801221A7016E03B69072BB8
:10BED00015D91723FB1801221A7010E03B690F2BAC
:10BEE0000FD91723FB1801221A700AE01723FB1839
:10BEF00001221A7006E0C04604E0C04602E0C046D7
:10BF000000E0C0461723FB181B78002B0ED1FB68FE
:10BF10001B68BA685A61FB681B689B6818229343C8
:10BF20001900FB681B687A680A439A601723FB189C
:10BF30001B781800BD4606B080BD000080B582B0F9
:10BF400000AF78607B68002B01D1012391E07B6812
:10BF50001B681A00494B9A4210D87B681B68484AF4
:10BF60009446634414211800E4F7F4F803009A009F
:10BF70007B685A647B68434A1A640FE07B681B68DD
:10BF8000414A9446634414211800E4F7E3F803009F
:10BF90009A007B685A647B683C4A1A647B68252255
:10BFA000022199547B681B681A687B681B683849B2
:10BFB0000A401A607B681B6819687B689A687B680E
:10BFC000DB681A437B681B691A437B685B691A4309
:10BFD0007B689B691A437B68DB691A437B681B6A31
:10BFE0001A437B681B680A431A607B68180000F0DC
:10BFF000E5F97B689A688023DB019A4202D17B686D
:10C0000000225A607B685A687B689B6C7F210A40DB
:10C010001A607B68DB6C7A68126D5A607B685B68BB
:10C02000002B11D07B685B68042B0DD87B6818004F
:10C0300000F00EFA7B685B6D00221A607B689B6DD6
:10C040007A68D26D5A6008E07B6800225A657B6886
:10C0500000229A657B680022DA657B680022DA6339
:10C060007B682522012199547B6824220021995460
:10C0700000231800BD4602B080BDC0460704024040
:10C08000F8FFFDBF00000240F8FBFDBF00040240C6
:10C090000F80FFFF80B586B000AFF860B9607A60AE
:10C0A0003B601723FB1800221A70FB6824229B5C5C
:10C0B000012B01D102236FE0FB6824220121995456
:10C0C000FB6825229B5CDBB2012B57D1FB68252244
:10C0D00002219954FB680022DA63FB681B681A6826
:10C0E000FB681B6801218A431A603B687A68B9685B
:10C0F000F86800F027F9FB681B6B002B08D0FB6881
:10C100001B681A68FB681B680E210A431A600FE05F
:10C11000FB681B681A68FB681B6804218A431A6065
:10C12000FB681B681A68FB681B680A210A431A60CF
:10C13000FB689B6C1A6880235B02134008D0FB6885
:10C140009B6C1A68FB689B6C802149000A431A604B
:10C15000FB685B6D002B08D0FB685B6D1A68FB68A1
:10C160005B6D802149000A431A60FB681B681A68EE
:10C17000FB681B6801210A431A600AE0FB68802201
:10C18000DA63FB682422002199541723FB1801224B
:10C190001A701723FB181B781800BD4606B080BD27
:10C1A00080B582B000AF78607B68002B01D101239D
:10C1B0004FE07B6825229B5CDBB2022B08D07B68BA
:10C1C0000422DA637B68242200219954012340E091
:10C1D0007B681B681A687B681B680E218A431A609B
:10C1E0007B689B6C1A687B689B6C1C490A401A60D0
:10C1F0007B681B681A687B681B6801218A431A6088
:10C200007B685B6C1C221A407B681B6C012191408F
:10C210000A005A607B68DB6C7A68126D5A607B6832
:10C220005B6D002B0CD07B685B6D1A687B685B6D67
:10C230000A490A401A607B689B6D7A68D26D5A6021
:10C240007B682522012199547B682422002199547E
:10C2500000231800BD4602B080BDC046FFFEFFFFB0
:10C2600080B584B000AF78600F217B1800221A706F
:10C270007B6825229B5CDBB2022B06D07B68042204
:10C28000DA637B1801221A7048E07B681B681A6821
:10C290007B681B680E218A431A607B681B681A68DA
:10C2A0007B681B6801218A431A607B689B6C1A6853
:10C2B0007B689B6C1D490A401A607B685B6C1C2282
:10C2C0001A407B681B6C012191400A005A607B6810
:10C2D000DB6C7A68126D5A607B685B6D002B0CD04A
:10C2E0007B685B6D1A687B685B6D10490A401A6059
:10C2F0007B689B6D7A68D26D5A607B68252201212C
:10C3000099547B682422002199547B689B6B002BF5
:10C3100004D07B689B6B7A68100098470F23FB184A
:10C320001B781800BD4604B080BDC046FFFEFFFF6D
:10C3300080B582B000AF78607B68DB6B1800BD46CB
:10C3400002B080BD80B584B000AFF860B9607A609B
:10C350003B60FB68DB6CFA68126D5A60FB685B6DD2
:10C36000002B04D0FB689B6DFA68D26D5A60FB68A5
:10C370005B6C1C221A40FB681B6C012191400A0077
:10C380005A60FB681B683A685A60FB689B68102B10
:10C3900008D1FB681B687A689A60FB681B68BA68FA
:10C3A000DA6007E0FB681B68BA689A60FB681B6884
:10C3B0007A68DA60C046BD4604B080BD80B584B0FE
:10C3C00000AF78607B681B681A001D4B9A4214D836
:10C3D0007B685B6C9B089B001A4A9A187B689A647E
:10C3E0007B681B681A00FF231340083B14211800C8
:10C3F000E3F7B0FE0300FB6014E07B685B6C9B0816
:10C400009B00114A9A187B689A647B681B681A0023
:10C41000FF231340083B14211800E3F79BFE0300A1
:10C420000733FB607B68094ADA64FB681F2213400C
:10C4300001229A407B681A65C046BD4604B080BDA3
:10C4400007040240000802401C0802408008024025
:10C4500080B584B000AF78607B685B687F22134052
:10C46000FB60FB680A4A944663449B001A007B68A1
:10C470005A657B68074A9A65FB68013B03221340B3
:10C4800001229A407B68DA65C046BD4604B080BD93
:10C490003F82001040090240B0B586B000AFF8609E
:10C4A000B9603A607B60214B1B78012B01D10223DC
:10C4B00038E01E4B01221A701C4B00225A601725CF
:10C4C0007C19FA239B00180000F074F80300237015
:10C4D0007B191B78002B1FD1FB68012B06D13A6812
:10C4E0007B68B968080000F0B3F805E03A68BB68FB
:10C4F000110018000BF090FC1723FC18FA239B0086
:10C50000180000F057F803002370094B5A69FB68C4
:10C51000D943074B0A405A61044B00221A70172373
:10C52000FB181B781800BD4606B0B0BD98940120DA
:10C530000020024080B582B000AFFB1D00221A70BF
:10C540000B4B5B69002B0CDA094B0A4A9A60084BCB
:10C55000094A9A60064B5B69002B02DAFB1D012237
:10C560001A70FB1D1B781800BD4602B080BDC04686
:10C570000020024023016745AB89EFCD80B582B032
:10C5800000AFFB1D01221A70094B5A69084B80212C
:10C5900009060A435A61064B5B69002B02DAFB1D50
:10C5A00000221A70FB1D1B781800BD4602B080BD2A
:10C5B0000020024080B584B000AF7860FEF7E2F959
:10C5C00002007B689B18FB60C0239B02BB6007E0F6
:10C5D000FEF7D8F90200FB68934201D803232AE052
:10C5E000174B1B69BA681340F2D1154B1B69154AEA
:10C5F0001340BB60124B144A1A61BB68002B04D075
:10C60000124BBA685A60012315E0FEF7BBF902002D
:10C610007B689B18FB6007E0FEF7B4F90200FB683B
:10C62000934201D8032306E0054B1A698023DB02FD
:10C630001340F1D100231800BD4604B080BDC046B0
:10C6400000200240FAC30000FBC3080098940120B8
:10C65000B0B584B000AFF8603A607B600B4B5A69AC
:10C660000A4B01210A435A61FB683A681A60BFF31A
:10C670006F8FC0467B681C0000231D00FB680433DD
:10C6800022001A60C046BD4604B0B0BD0020024082
:10C69000B0B584B000AF78603960334B1B78012BA4
:10C6A00001D102235CE0304B01221A702E4B002294
:10C6B0005A600F257C19FA239B001800FFF77AFFB8
:10C6C000030023702C003B191B78002B42D17B68A0
:10C6D0001B68042B0DD17B685B68180000F048F8DC
:10C6E0003C19FA239B001800FFF764FF0300237036
:10C6F00030E03B68012252421A607B689B68BB6055
:10C700001AE07B685B68BA681100180000F044F812
:10C710000F257C19FA239B001800FFF74BFF03003D
:10C7200023707B191B78002B03D03B68BA681A6012
:10C730000AE0BB680133BB607B689A687B68DB6892
:10C74000D318BA689A42DCD3084B5A69074B0221C6
:10C750008A435A61044B00221A700F23FB181B787E
:10C760001800BD4604B0B0BD9894012000200240DE
:10C7700080B582B000AF7860064B5A697B681A4377
:10C78000044B802149020A435A61C046BD4602B0AB
:10C7900080BDC0460020024080B584B000AF786004
:10C7A00039600023FB60C046594B1A6980239B0205
:10C7B0001340F9D1564B1A69554B01210A431A61AE
:10C7C000534B1A69524B10210A431A61504B1A6994
:10C7D0004F4B08210A431A614D4B5A694C4B0221B9
:10C7E0000A435A614B4B1A68C0239B0413400ED076
:10C7F000484B1A68C0239B041A4080235B049A426A
:10C800000FD1454B1A6880239B03134009D1434B3A
:10C810001B689B02424A13408022120594466344DF
:10C8200009E03E4B1B689B025B083E4A1340802296
:10C830001205944663443A6893420DD93B68F82246
:10C84000120694466344DB0AFB60314B5A69304B55
:10C8500035490A405A6133E02E4B1A68C0239B04C5
:10C8600013400ED02B4B1A68C0239B041A40802320
:10C870005B049A420FD1284B1A6880239B03134014
:10C8800009D1264B1B689B02254A134080221205C2
:10C890009446634409E0214B1B689B025B08214AD4
:10C8A000134080221205944663443A68D31ADB0A87
:10C8B000FB60174B5A69164B802189010A435A6164
:10C8C000134B5969FB68DB00184A1A40104B0A43A6
:10C8D0005A610F4B5A690E4B802149020A435A6133
:10C8E000C0460B4B1A6980239B021340F9D1084BB9
:10C8F0005A69074B02218A435A61054B5A69044B16
:10C90000920F92075A61C046BD4604B080BDC04632
:10C91000002002400075FF1F20200240E075FF1F2D
:10C9200000FC0F0000FE0700FFDFFFFFF81F000004
:10C9300080B586B000AF7860396000237B614DE13F
:10C940003B681B6801217A6991400A001340FB6033
:10C95000FB68002B00D13EE13B685B68032213407B
:10C96000012B05D03B685B6803221340022B30D1BA
:10C970007B689B683B617B695B0003229A401300E4
:10C98000DA433B6913403B613B68DA687B695B00D3
:10C990009A4013003A6913433B617B683A699A6095
:10C9A0007B685B683B6101227B699A401300DA4334
:10C9B0003B6913403B613B685B681B0901221A40DD
:10C9C0007B699A4013003A6913433B617B683A697B
:10C9D0005A603B685B6803221340032B17D07B68C7
:10C9E000DB683B617B695B0003229A401300DA43FA
:10C9F0003B6913403B613B689A687B695B009A40E6
:10CA000013003A6913433B617B683A69DA603B681B
:10CA10005B6803221340022B23D17B69DA087B6811
:10CA200008329200D3583B617B69072213409B0078
:10CA30000F229A401300DA433B6913403B613B6885
:10CA40001A697B6907210B409B009A4013003A69E1
:10CA500013433B617B69DA087B68083292003969CD
:10CA6000D1507B681B683B617B695B0003229A4065
:10CA70001300DA433B6913403B613B685B68032268
:10CA80001A407B695B009A4013003A6913433B618B
:10CA90007B683A691A603B685A68C0239B0213405E
:10CAA00000D198E0534A7B699B0818339B009B5840
:10CAB0003B617B6903221340DB000F229A40130085
:10CAC000DA433B6913403B617A68A023DB059A4255
:10CAD00019D07B68484A934213D07B68474A9342F7
:10CAE0000DD07B68464A934207D07B68454A934203
:10CAF00001D1042308E0052306E0032304E0022318
:10CB000002E0012300E000237A6903210A40D200F9
:10CB100093403A6913433B6136497B699B0818335C
:10CB20009B003A695A50334B1B683B61FB68DA4300
:10CB30003B6913403B613B685A6880235B031340A9
:10CB400003D03A69FB6813433B612A4B3A691A6088
:10CB5000284B5B683B61FB68DA433B6913403B61F0
:10CB60003B685A6880239B03134003D03A69FB68F3
:10CB700013433B611F4B3A695A601E4A8423D358C2
:10CB80003B61FB68DA433B6913403B613B685A6891
:10CB900080239B02134003D03A69FB6813433B6137
:10CBA000144984223B698B50124A8023D3583B613D
:10CBB000FB68DA433B6913403B613B685A6880235A
:10CBC0005B02134003D03A69FB6813433B61094998
:10CBD00080223B698B507B6901337B613B681A681B
:10CBE0007B69DA40131E00D0AAE6C046C046BD46A7
:10CBF00006B080BD0018024000040050000800503C
:10CC0000000C00500010005080B586B000AF786076
:10CC1000396000237B61BAE001227B699A403B685E
:10CC200013403B613B69002B00D1ADE05D4A7B695D
:10CC30009B0818339B009B58FB607B6903221340C1
:10CC4000DB000F229A40FB681340FB607A68A02348
:10CC5000DB059A4219D07B68534A934213D07B6814
:10CC6000524A93420DD07B68514A934207D07B6869
:10CC7000504A934201D1042308E0052306E0032330
:10CC800004E0022302E0012300E000237A6903218B
:10CC90000A40D2009340FA689A4236D1414A802332
:10CCA000D3583A69D2433F49134080228B503D4AC2
:10CCB0008423D3583A69D2433A49134084228B5093
:10CCC000384B5A683B69D943364B0A405A60354B5A
:10CCD0001A683B69D943334B0A401A607B690322C7
:10CCE0001340DB000F229A401300FB602D4A7B6942
:10CCF0009B0818339B009A58FB68D94329487B69E5
:10CD00009B080A4018339B001A507B681A687B699D
:10CD10005B00032199400B001A437B681A607B6912
:10CD2000DA087B6808329200D3587A6907210A40F2
:10CD300092000F2191400A00D1437A69D20819402C
:10CD40007B6808329200D1507B689B687A695200F8
:10CD5000032191400A00D2431A407B689A607B68A5
:10CD60005B6801217A6991400A00D2431A407B68CE
:10CD70005A607B68DB687A695200032191400A009F
:10CD8000D2431A407B68DA607B6901337B613A6881
:10CD90007B69DA40131E00D03EE7C046C046BD4660
:10CDA00006B080BD0018024000040050000800508A
:10CDB000000C00500010005080B584B000AF7860C7
:10CDC0000A00BB1C1A807B681B69BA1C12881340BE
:10CDD00004D00F23FB1801221A7003E00F23FB1865
:10CDE00000221A700F23FB181B781800BD4604B0F0
:10CDF00080BD80B582B000AF786008001100BB1C18
:10CE0000021C1A807B1C0A1C1A707B1C1B78002BCE
:10CE100004D0BB1C1A887B689A6103E0BB1C1A888B
:10CE20007B689A62C046BD4602B080BD80B584B0C2
:10CE300000AF78600A00BB1C1A807B685B69FB60EE
:10CE4000BB1C1B88FA6813401A04FB68DB43B91C3F
:10CE500009880B401A437B689A61C046BD4604B0FE
:10CE600080BD000080B584B000AF78607B68002B87
:10CE700001D101233DE07B681B68204A1A607B6872
:10CE80001B681F4A1A607B681B687A6852685A6080
:10CE90007B681B687A6892689A60FDF773FD0300EF
:10CEA000FB600EE0FDF76EFD0200FB68D31A312B2C
:10CEB00007D97B681B68DB680722134001D0032376
:10CEC00017E07B681B68DB6807221340EAD17B68A8
:10CED0001B681A697B68DB689A4205D07B681B680F
:10CEE0007A68D2681A6103E07B681B68054A1A6099
:10CEF00000231800BD4604B080BDC046CCCC000065
:10CF000055550000AAAA000080B582B000AF786035
:10CF10007B681B68034A1A6000231800BD4602B0F4
:10CF200080BDC046AAAA000080B500AFC046BD467D
:10CF300080BD000080B500AF044B1A68034B802110
:10CF400049000A431A60C046BD4680BD00700040DB
:10CF500080B582B000AF78600C4BDB687A683F2107
:10CF60000A40D2431A4011007B681A0A074B0A4351
:10CF7000DA60064B99687B683F221A40034B0A43EC
:10CF80009A60C046BD4602B080BDC04600700040F9
:10CF900080B582B000AF7860064B9A687B683F210D
:10CFA0000B40D943034B0A409A60C046BD4602B0CD
:10CFB00080BDC0460070004080B582B000AF786090
:10CFC0000A00FB1C1A707B68002B09D0144B1B68ED
:10CFD000072293431A00124B01210A431A6005E00D
:10CFE0000F4B1A680E4B07218A431A600D4B1A69C2
:10CFF0000C4B04210A431A61FB1C1B78012B01D145
:10D0000030BF02E040BF20BF20BF064B1A69054B6E
:10D0100004218A431A61C046BD4602B080BDC046A5
:10D020000070004000ED00E080B500AF094B1B68C8
:10D03000072293431A00074B03210A431A60064B49
:10D040001A69054B04210A431A6130BFC046BD4628
:10D0500080BDC0460070004000ED00E080B500AF2C
:10D06000044B9A68034B802149000A439A60C046EA
:10D07000BD4680BD0070004080B584B000AF7860D0
:10D08000194B1B68194A13401900174B7A680A4359
:10D090001A607A6880239B009A421FD1144B1A6849
:10D0A00013005B009B185B0012491800E3F752F86D
:10D0B00003000133FB6008E0FB68002B03D0FB6832
:10D0C000013BFB6001E0032309E0074B5A69802321
:10D0D000DB001A408023DB009A42EDD000231800C9
:10D0E000BD4604B080BDC04600700040FFF9FFFFA0
:10D0F0009C02002040420F0080B500AF034B9A68AD
:10D10000E023DB0113401800BD4680BD0010024043
:10D1100080B588B000AF78607B68002B02D1012316
:10D1200000F050FB7B681B680122134000D17CE0BB
:10D13000C34B9B6838221340BB61C14BDB680322A1
:10D1400013407B61BB69102B02D17B69032B02D09A
:10D15000BB69082B0BD1BA4B1A6880239B02134082
:10D1600062D07B685B68002B5ED101232AE37B6879
:10D170005A6880235B029A4207D1B14B1A68B04BC0
:10D18000802149020A431A6020E07B685A68A02384
:10D19000DB029A420ED1AA4B1A68A94B8021C90220
:10D1A0000A431A60A64B1A68A54B802149020A431C
:10D1B0001A600BE0A24B1A68A14BA2490A401A6000
:10D1C0009F4B1A689E4BA0490A401A607B685B68B7
:10D1D000002B14D0FDF7D6FB03003B6108E0FDF700
:10D1E000D1FB02003B69D31A642B01D90323E9E286
:10D1F000934B1A6880239B021340F0D015E0FDF793
:10D20000C1FB03003B6108E0FDF7BCFB02003B698A
:10D21000D31A642B01D90323D4E2894B1A688023E3
:10D220009B021340F0D100E0C0467B681B680222DD
:10D23000134000D199E0824B9B6838221340BB61B8
:10D240007F4BDB68032213407B61BB69102B02D14B
:10D250007B69022B02D0BB69002B35D1784B1A6851
:10D260008023DB00134005D07B68DB68002B01D1F5
:10D270000123A7E2724B5B68744A134019007B6874
:10D280005B691A026E4B0A435A60BB69002B12D1CC
:10D290006B4B1B686E4A134019007B681A69684B18
:10D2A0000A431A60664B1B68DB0A07221340694A6F
:10D2B000DA40694B1A60694B1B681800FDF706FBE2
:10D2C000031E51D001237DE27B68DB68002B30D048
:10D2D0005B4B1B685E4A134019007B681A69584B08
:10D2E0000A431A60564B1A68554B802149000A437D
:10D2F0001A60FDF747FB03003B6108E0FDF742FBC6
:10D3000002003B69D31A022B01D903235AE24C4B8A
:10D310001A688023DB001340F0D0494B5B684B4A0E
:10D32000134019007B685B691A02454B0A435A6037
:10D330001BE0434B1A68424B49490A401A60FDF70B
:10D3400021FB03003B6108E0FDF71CFB02003B6989
:10D35000D31A022B01D9032334E2394B1A688023F4
:10D36000DB001340F0D100E0C0467B681B68082258
:10D37000134047D0324B9B6838221340182B0AD1F8
:10D380002F4B1B6E022213403CD07B689B69002B05
:10D3900038D1012316E27B689B69002B19D0284BFA
:10D3A0001A6E274B01210A431A66FDF7EBFA0300B8
:10D3B0003B6108E0FDF7E6FA02003B69D31A022B55
:10D3C00001D90323FEE11E4B1B6E02221340F1D054
:10D3D00018E01B4B1A6E1A4B01218A431A66FDF79F
:10D3E000D1FA03003B6108E0FDF7CCFA02003B698B
:10D3F000D31A022B01D90323E4E1114B1B6E022245
:10D400001340F1D17B681B680422134000D1C7E0B0
:10D410001F23FB1800221A70094B9B683822134007
:10D42000202B1FD1064BDB6D0222134000D1B7E049
:10D430007B689B68002B00D0B2E00123C2E1C046AC
:10D4400000100240FFFFFEFFFFFFFBFFFF80FFFF1A
:10D45000FFC7FFFF0024F4009C020020CC02002044
:10D46000FFFEFFFFB54BDA6B80235B05134001D154
:10D47000012300E00023002B11D0B04BDA6BAF4B3F
:10D48000802149050A43DA63AC4BDA6B80235B05E4
:10D490001340FB60FB681F23FB1801221A70A84B86
:10D4A0001A6880235B0013401AD1A54B1A68A44B5D
:10D4B000802149000A431A60FDF764FA03003B61CA
:10D4C00008E0FDF75FFA02003B69D31A022B01D98D
:10D4D000032377E19A4B1A6880235B001340F0D056
:10D4E0007B689B68012B06D1944BDA6D934B01212D
:10D4F0000A43DA651CE07B689B68052B0CD18F4BD7
:10D50000DA6D8E4B04210A43DA658C4BDA6D8B4B56
:10D5100001210A43DA650BE0884BDA6D874B012164
:10D520008A43DA65854BDA6D844B04218A43DA65D8
:10D530007B689B68002B14D0FDF724FA03003B6145
:10D5400009E0FDF71FFA02003B69D31A7D4A9342B6
:10D5500001D9032336E1794BDB6D02221340F0D071
:10D5600013E0FDF70FFA03003B6109E0FDF70AFA4B
:10D5700002003B69D31A734A934201D9032321E184
:10D580006E4BDB6D02221340F0D11F23FB181B787A
:10D59000012B05D1694BDA6B684B6B490A40DA63A2
:10D5A0007B681B682022134039D07B68DB69002B25
:10D5B0001BD0624B1A68614B8021C9030A431A6071
:10D5C000FDF7E0F903003B6108E0FDF7DBF902003D
:10D5D0003B69D31A022B01D90323F3E0574B1A6896
:10D5E00080231B041340F0D019E0544B1A68534BAE
:10D5F00056490A401A60FDF7C5F903003B6108E08F
:10D60000FDF7C0F902003B69D31A022B01D90323AD
:10D61000D8E04A4B1A6880231B041340F0D17B6882
:10D620001B6A002B00D1CCE0444B9B68382213408E
:10D63000102B00D17BE07B681B6A022B56D13F4B3D
:10D640001A683E4B42490A401A60FDF79BF90300F5
:10D650003B6108E0FDF796F902003B69D31A022B03
:10D6600001D90323AEE0354B1A6880239B04134095
:10D67000F0D1324BDB68374A134019007B685A6A95
:10D680007B689B6A1A437B68DB6A1B021A437B68D0
:10D690001B6B1A437B685B6B1A437B689B6B1A435B
:10D6A000264B0A43DA60254B1A68244B8021490433
:10D6B0000A431A60214BDA68204B802149050A434E
:10D6C000DA60FDF75FF903003B6108E0FDF75AF906
:10D6D00002003B69D31A022B01D9032372E0174BD6
:10D6E0001A6880239B041340F0D06AE0134B1A6839
:10D6F000124B17490A401A60FDF744F903003B61D9
:10D7000008E0FDF73FF902003B69D31A022B01D96B
:10D71000032357E0094B1A6880239B041340F0D180
:10D72000064BDA68054B0C490A40DA6049E07B6831
:10D730001B6A012B12D1012344E0C04600100240B5
:10D740000070004088130000FFFFFFEFFFFFBFFFE6
:10D75000FFFFFFFE8C80C111FCFFFEEE1B4BDB6860
:10D760007B617B6903221A407B685B6A9A4226D1FF
:10D770007B6970221A407B689B6A9A421FD17A6942
:10D78000FE23DB011A407B68DB6A1B029A4216D13A
:10D790007A69F8239B031A407B681B6B9A420ED16F
:10D7A0007A69E0231B051A407B685B6B9A4206D1BD
:10D7B0007B695B0F5A077B689B6B9A4201D0012300
:10D7C00000E000231800BD4608B080BD00100240F4
:10D7D00080B584B000AF786039607B68002B01D1E0
:10D7E0000123E9E0764B1B68072213403A689A420E
:10D7F0001ED9734B1B68072293431900704B3A687C
:10D800000A431A60FDF7BEF80300FB6009E0FDF76C
:10D81000B9F80200FB68D31A6A4A934201D903237C
:10D82000CAE0674B1B68072213403A689A42EED160
:10D830007B681B680222134015D07B681B6804229A
:10D84000134006D0604B9A685F4BE021C9010A4340
:10D850009A605D4B9B685D4A134019007B689A682B
:10D86000594B0A439A607B681B680122134057D0CA
:10D870007B685B68012B07D1534B1A6880239B029E
:10D8800013402BD1012397E07B685B68022B07D103
:10D890004D4B1A6880239B0413401FD101238BE05A
:10D8A0007B685B68002B07D1474B1A688023DB003D
:10D8B000134013D101237FE07B685B68032B06D103
:10D8C000414B1B6E0222134008D1012374E03E4BF2
:10D8D000DB6D0222134001D101236DE03A4B9B68BE
:10D8E0000722934319007B685A68374B0A439A60B2
:10D8F000FDF748F80300FB6009E0FDF743F802007C
:10D90000FB68D31A2F4A934201D9032354E02E4BCC
:10D910009B6838221A407B685B68DB009A42ECD136
:10D92000274B1B68072213403A689A421ED2244BA9
:10D930001B68072293431900214B3A680A431A6077
:10D94000FDF720F80300FB6009E0FDF71BF802007B
:10D95000FB68D31A1B4A934201D903232CE0184BCE
:10D960001B68072213403A689A42EED17B681B6815
:10D970000422134009D0144B9B68154A1340190028
:10D980007B68DA68104B0A439A6000F029F80100BE
:10D990000D4B9B681B0A0F221A400E4B9200D35866
:10D9A0001F2213400A00DA400B4B1A600B4B1B6816
:10D9B0001800FCF78BFF03001800BD4604B080BDC3
:10D9C000002002408813000000100240FFF0FFFF1B
:10D9D000FF8FFFFFA8AB02089C020020CC020020B2
:10D9E00080B586B000AF3C4B9B68382213400FD106
:10D9F000394B1B68DB0A0722134001229A401300AF
:10DA00003B6039683548E2F7A5FB03003B615DE008
:10DA1000314B9B6838221340082B02D1304B3B61BD
:10DA200054E02D4B9B6838221340102B38D12A4BE1
:10DA3000DB6803221340FB60274BDB681B090722CE
:10DA400013400133BB60FB68032B0DD1B968244838
:10DA5000E2F780FB030019001F4BDB681B0A7F22E3
:10DA600013404B437B610DE0B9681C48E2F772FB41
:10DA700003001900184BDB681B0A7F2213404B433D
:10DA80007B61C046144BDB685B0F072213400133F8
:10DA90007B6079687869E2F75DFB03003B6115E024
:10DAA0000D4B9B6838221340202B03D180231B028F
:10DAB0003B610BE0084B9B6838221340182B03D1C5
:10DAC000FA23DB013B6101E000233B613B69180065
:10DAD000BD4606B080BDC046001002400024F400E0
:10DAE00000127A0080B500AF024B1B681800BD46DB
:10DAF00080BDC0469C020020B0B500AFFFF7F2FF2A
:10DB00000400FFF7F9FA03001A0B054B9200D358F3
:10DB10001F221340DC4023001800BD46B0BDC046A4
:10DB2000E8AB020880B586B000AF78601323FB181D
:10DB300000221A701223FB1800221A707B681A68E0
:10DB400080239B02134000D1ADE011203B1800223E
:10DB50001A70474BDA6B80235B05134010D1444B9E
:10DB6000DA6B434B802149050A43DA63404BDA6B99
:10DB700080235B051340BB60BB683B1801221A7011
:10DB80003C4B1A683B4B802149000A431A60FCF762
:10DB9000F9FE0300FB600BE0FCF7F4FE0200FB68FB
:10DBA000D31A022B04D91323FB1803221A7005E0A1
:10DBB000304B1A6880235B001340EDD01323FB1811
:10DBC0001B78002B5ED12A4BDA6DC0239B001340DB
:10DBD0007B617B69002B19D07B681B6C7A699A4248
:10DBE00014D0234BDB6D244A13407B61204BDA6D4C
:10DBF0001F4B802149020A43DA651D4BDA6D1C4B2D
:10DC00001E490A40DA651A4B7A69DA657B69012296
:10DC1000134016D0FCF7B6FE0300FB600CE0FCF7E7
:10DC2000B1FE0200FB68D31A154A934204D91323AC
:10DC3000FB1803221A7004E00D4BDB6D0222134027
:10DC4000EDD01323FB181B78002B0AD1084BDB6D9A
:10DC5000094A134019007B681A6C054B0A43DA65C0
:10DC600016E01223FB181322BA1812781A700FE06C
:10DC70000010024000700040FFFCFFFFFFFFFEFFAE
:10DC8000881300001223FB181322BA1812781A7096
:10DC90001123FB181B78012B05D1B64BDA6BB54B62
:10DCA000B5490A40DA637B681B680122134009D03A
:10DCB000B04B5B6D0322934319007B685A68AD4BF0
:10DCC0000A435A657B681B680222134009D0A94B9E
:10DCD0005B6D0C22934319007B689A68A54B0A433D
:10DCE0005A657B681B680422134009D0A14B5B6D09
:10DCF0003022934319007B68DA689E4B0A435A65C9
:10DD00007B681B681022134009D09A4B5B6D9B4ABD
:10DD1000134019007B681A69964B0A435A657B6861
:10DD20001A6880235B01134009D0924B5B6D944AC3
:10DD3000134019007B685A698E4B0A435A657B6809
:10DD40001A6880239B00134009D08A4B5B6D8D4A73
:10DD5000134019007B689A6A864B0A435A657B68B0
:10DD60001A688023DB00134009D0824B5B6D864A22
:10DD7000134019007B68DA6A7E4B0A435A657B6858
:10DD80001B682022134009D07A4B5B6D7F4A1340F9
:10DD900019007B689A69774B0A435A657B681B6850
:10DDA0004022134009D0734B5B6D794A1340190030
:10DDB0007B68DA696F4B0A435A657B681A6880236F
:10DDC000DB01134015D06B4B5B6D9B0099087B68A2
:10DDD0001A6B684B0A435A657B681A6B8023DB0514
:10DDE0009A4206D1634BDA68624B802149020A43AA
:10DDF000DA607B681A6880231B03134009D05D4BEF
:10DE00005B6D4022934319007B685A6B594B0A4360
:10DE10005A657B681A6880239B03134016D0554BC4
:10DE20005B6D5C4A134019007B689A6B514B0A4347
:10DE30005A657B689A6B8023DB039A4206D14D4B6F
:10DE4000DA684C4B802149040A43DA607B681A681F
:10DE50008023DB03134016D0464B5B6D4E4A1340C4
:10DE600019007B68DA6B434B0A435A657B68DA6BAF
:10DE700080235B049A4206D13E4BDA683D4B8021F9
:10DE800049040A43DA607B681A6880231B01134047
:10DE900014D0384B9B6D0322934319007B681A6A98
:10DEA000344B0A439A657B681B6A012B06D1314BC0
:10DEB000DA68304B802149020A43DA607B681A68CD
:10DEC00080239B01134014D02A4B9B6D0C2293435B
:10DED00019007B685A6A274B0A439A657B685B6A1C
:10DEE000042B06D1234BDA68224B802149020A43D6
:10DEF000DA607B681A6880235B04134016D01D4BE0
:10DF00009B6D224A134019007B685A6C194B0A43D7
:10DF10009A657B685A6C80239B019A4206D1154B07
:10DF2000DA68144B802149040A43DA607B681A6876
:10DF300080239B04134016D00E4B9B6D104A134058
:10DF400019007B689A6C0B4B0A439A657B689A6C44
:10DF500080235B009A4206D1064BDA68054B80218C
:10DF600049040A43DA601223FB181B781800BD46E7
:10DF700006B080BD00100240FFFFFFEFFFF3FFFF80
:10DF8000FFFCFFFFFFFFF3FFFFFFCFFFFFCFFFFF10
:10DF9000FF3FFFFFFFFFBFFFFFFFFFFEB0B584B0F5
:10DFA00000AF78600F23FB1801221A707B68002BEA
:10DFB00000D18CE07B6829229B5CDBB2002B0BD16B
:10DFC0007B682822002199547B68882212025A60BB
:10DFD0007B68180000F084F87B682922022199549C
:10DFE0007B681B68DB6810221340102B62D07B68B3
:10DFF0001B68CA225A627B681B6853225A620F252B
:10E000007C197B68180000F07EFA0300237028005A
:10E010003B181B78002B2CD17B681B689A697B68A6
:10E020001B682E490A409A617B681B6899697B6866
:10E030009A687B685B691A437B68DB691A437B6873
:10E040001B680A439A617B681B687A6812691A61C7
:10E050007B681B6819697B68DB681A047B681B682E
:10E060000A431A613C187B68180000F08FFA03001D
:10E0700023700F23FB181B78002B16D17B681B68BD
:10E080009A697B681B68D200D2089A617B681B681A
:10E0900099697B685A6A7B681B6A1A437B689B692B
:10E0A0001A437B681B680A439A617B681B68FF22DE
:10E0B0005A6203E00F23FB1800221A700F23FB188B
:10E0C0001B78002B03D17B682922012199540F234F
:10E0D000FB181B781800BD4604B0B0BDBFFF8FFB16
:10E0E00080B582B000AF7860C046BD4602B080BD4A
:10E0F000B0B586B000AFF860B9607A60FB682822DE
:10E100009B5C012B01D1022392E0FB6828220121B4
:10E110009954FB68292202219954FB681B68CA2282
:10E120005A62FB681B6853225A6213257C19FB68EC
:10E13000180000F0E8F9030023707B191B78002B0E
:10E1400062D17B68002B25D1FB681B689B6940224C
:10E15000134002D1BB680022DA70BB681B7818003C
:10E1600000F058FA03001C04BB685B78180000F04C
:10E1700051FA03001B021C43BB689B78180000F097
:10E1800049FA030022001A43BB68DB789B0513435E
:10E190007B6117E0FB681B689B694022134002D13A
:10E1A000BB680022DA70BB681B781A04BB685B7816
:10E1B0001B021343BA6892781A43BB68DB789B054D
:10E1C00013437B61FB681B687A691B490A401A602C
:10E1D000FB681B689A69FB681B6818490A409A61CA
:10E1E000FB681B689969BB68DA68BB681B691A43DE
:10E1F000FB681B680A439A611323FC18FB6818002C
:10E2000000F0C4F903002370FB681B68FF225A6208
:10E210001323FB181B78002B03D1FB682922012153
:10E220009954FB682822002199541323FB181B786A
:10E230001800BD4606B0B0BD7F7F7F00FFFFFBFF2B
:10E2400080B586B000AFF860B9607A60FB681B6883
:10E250009A68BB685A60FB681B681B695B045A0CB0
:10E26000BB689A60FB681B681B68224A13407B618D
:10E270007B691B0CDBB23F221340DAB2BB681A7019
:10E280007B691B0ADBB27F221340DAB2BB685A708B
:10E290007B69DBB27F221340DAB2BB689A707B697C
:10E2A0009B0DDBB201221340DAB2BB68DA707B68E7
:10E2B000002B1AD1BB681B78180000F0D3F90300BB
:10E2C0001A00BB681A70BB685B78180000F0CAF9C6
:10E2D00003001A00BB685A70BB689B78180000F0F6
:10E2E000C1F903001A00BB689A7000231800BD46EC
:10E2F00006B080BD7F7F7F00B0B586B000AFF8600C
:10E30000B9607A60FB6828229B5C012B01D1022353
:10E310007EE0FB68282201219954FB682922022112
:10E3200099547B68002B0ED1BB685B781A001023D0
:10E33000134008D0BB685B7810229343DBB20A33EA
:10E34000DAB2BB685A707B68002B1CD1BB68DB78E3
:10E35000180000F05FF903001C04BB685B7818002C
:10E3600000F058F903001B021C43BB689B7818009F
:10E3700000F050F9030022001A43BB681B785B03CE
:10E3800013437B610EE0BB68DB781A04BB685B78E3
:10E390001B021343BA6892781A43BB681B785B036D
:10E3A00013437B61FB681B68CA225A62FB681B68C7
:10E3B00053225A6213257C19FB68180000F0A3F859
:10E3C0000300237028003B181B78002B0CD1FB683E
:10E3D0001B687A6910490A405A603C18FB681800AB
:10E3E00000F0D4F803002370FB681B68FF225A6218
:10E3F0001323FB181B78002B03D1FB682922012172
:10E400009954FB682822002199541323FB181B7888
:10E410001800BD4606B0B0BD3FFFFF0080B586B016
:10E4200000AFF860B9607A60FB681B685B68214ADE
:10E4300013407B617B691B0CDAB2BB68DA707B69C5
:10E440001B0ADBB21F221340DAB2BB685A707B6929
:10E45000DBB23F221340DAB2BB689A707B695B0B78
:10E46000DBB207221340DAB2BB681A707B68002B5C
:10E470001AD1BB68DB78180000F0F4F803001A002A
:10E48000BB68DA70BB685B78180000F0EBF803003B
:10E490001A00BB685A70BB689B78180000F0E2F85D
:10E4A00003001A00BB689A7000231800BD4606B02E
:10E4B00080BDC0463FFFFF0080B584B000AF7860EC
:10E4C0007B681B68DA687B681B68A0218A43DA6076
:10E4D000FCF758FA0300FB600AE0FCF753FA02006D
:10E4E000FB68D21AFA239B009A4201D9032306E063
:10E4F0007B681B68DB6820221340EED000231800E5
:10E50000BD4604B080BD80B584B000AF78600F23F5
:10E51000FB1800221A707B681B68DB6840221340DE
:10E520002CD17B681B68DA687B681B6880210A43F2
:10E53000DA60FCF727FA0300BB6014E0FCF722FA6C
:10E540000200BB68D21A0F203B18391809781970DD
:10E55000FA239B009A4206D93B1803221A707B6863
:10E560002922032199547B681B68DB6840221340F1
:10E5700004D10F23FB181B78032BDFD10F23FB18CB
:10E580001B781800BD4604B080BD000090B585B072
:10E5900000AF78600F243B1900221A701C4BDA6818
:10E5A0001B4B80218A43DA60194B9B692022134060
:10E5B0000DD17B681800FFF77FFF031E21D07B6819
:10E5C0002922032199543B1903221A7019E0104B98
:10E5D0009A690F4B20218A439A617B681800FFF7E4
:10E5E0006BFF031E07D07B682922032199540F2358
:10E5F000FB1803221A70064B9A69054B20210A4327
:10E600009A610F23FB181B781800BD4605B090BD1A
:10E610000028004080B584B000AF0200FB1D1A70D6
:10E620000023FB600B23FB18FA1D12781A7008E018
:10E63000FB680133FB600B22BB18BA1812780A3A48
:10E640001A700B217B181B78092BF1D8FB68DBB201
:10E650001B01DAB27B181B781343DBB21800BD46EE
:10E6600004B080BD80B584B000AF0200FB1D1A70FD
:10E67000FB1D1B781B09DBB21A0013009B009B18C3
:10E680005B00FB60FB68DAB2FB1D1B780F210B40BF
:10E69000DBB2D318DBB21800BD4604B080BD80B534
:10E6A00086B000AFF860B9607A60FB681B681A003A
:10E6B000FB685B68D3187B617B690133FF333B6187
:10E6C000BB689B003A69D3183B613B697A681A6062
:10E6D000C046BD4606B080BD80B584B000AF78604E
:10E6E00039607B681B681A007B685B68D318FB6025
:10E6F000FB680133FF33BB603B689B00BA68D318EB
:10E70000BB60BB681B681800BD4604B080BD80B507
:10E7100082B000AF78607B68002B01D101234AE012
:10E720007B683D229B5CDBB2002B07D17B683C22DF
:10E73000002199547B68180000F041F87B683D2265
:10E74000022199547B681A687B6804331900100011
:10E7500000F098F87B684822012199547B683E229A
:10E76000012199547B683F22012199547B68402202
:10E77000012199547B684122012199547B684222EE
:10E78000012199547B684322012199547B684422DA
:10E79000012199547B684522012199547B684622C6
:10E7A000012199547B684722012199547B683D22BD
:10E7B0000121995400231800BD4602B080BD80B5E8
:10E7C00082B000AF7860C046BD4602B080BD000098
:10E7D00080B584B000AF78607B683D229B5CDBB283
:10E7E000012B01D001233FE07B683D220221995497
:10E7F0007B681B681E4A934214D07B681A6880238A
:10E80000DB059A420ED07B681B681A4A934209D0F6
:10E810007B681B68184A934204D07B681B68174AC0
:10E82000934216D17B681B689B68154A1340FB60B6
:10E83000FB68062B16D0FA6880235B029A4211D03F
:10E840007B681B681A687B681B6801210A431A6091
:10E8500008E07B681B681A687B681B6801210A4313
:10E860001A6000E0C04600231800BD4604B080BD19
:10E87000002C01400004004000080040004001401E
:10E880000700010080B584B000AF786039607B6814
:10E890001B68FB607B68384A93420CD07A688023FF
:10E8A000DB059A4207D07B68344A934203D07B68E9
:10E8B000334A934208D1FB6870229343FB603B6864
:10E8C0005B68FA681343FB607B682B4A93421CD059
:10E8D0007A688023DB059A4217D07B68274A9342E7
:10E8E00013D07B68264A93420FD07B68254A934217
:10E8F0000BD07B68244A934207D07B68234A93421B
:10E9000003D07B68224A934208D1FB68214A134016
:10E91000FB603B68DB68FA681343FB60FB6880229E
:10E9200093431A003B685B691343FB607B68FA689A
:10E930001A603B689A687B68DA623B681A687B6891
:10E940009A627B680C4A93420BD07B680E4A9342D2
:10E9500007D07B680D4A934203D07B680C4A9342F0
:10E9600003D13B681A697B681A637B6801225A618C
:10E97000C046BD4604B080BD002C014000040040EC
:10E9800000080040002000400040014000440140D9
:10E9900000480140FFFCFFFF80B582B000AF786007
:10E9A0007B68002B01D1012346E07B6888229B58BD
:10E9B000002B07D17B688422002199547B681800C2
:10E9C000F7F7DEFF7B688822242199507B681B685B
:10E9D0001A687B681B6801218A431A607B681800EB
:10E9E00000F056FE0300012B01D1012324E07B68D7
:10E9F0009B6A002B03D07B68180001F09FF97B68AD
:10EA00001B685A687B681B680D490A405A607B681E
:10EA10001B689A687B681B682A218A439A607B6816
:10EA20001B681A687B681B6801210A431A607B68AF
:10EA3000180001F037FA03001800BD4602B080BD8F
:10EA4000FFB7FFFF80B582B000AF78607B68002B16
:10EA500001D1012332E07B688822242199507B6810
:10EA60001B681A687B681B6801218A431A607B68EF
:10EA70001B6800221A607B681B6800225A607B6852
:10EA80001B6800229A607B68180000F01BF87B6806
:10EA90009022002199507B688822002199507B6840
:10EAA0008C22002199507B680022DA667B68002264
:10EAB0001A677B6884220021995400231800BD4600
:10EAC00002B080BD80B582B000AF7860C046BD4660
:10EAD00002B080BD80B58AB002AFF860B9603B601B
:10EAE000BB1D1A80FB6888229B58202B00D088E031
:10EAF000BB68002B03D0BB1D1B88002B01D1012359
:10EB000080E0FB689A6880235B019A4209D1FB6828
:10EB10001B69002B05D1BB680122134001D00123E2
:10EB200070E0FB68902200219950FB688822212127
:10EB30009950FBF727FF03007B61FB68BA1D542146
:10EB400012885A52FB68BA1D562112885A52FB6825
:10EB50009A6880235B019A4208D1FB681B69002BED
:10EB600004D10023FB61BB68BB6103E0BB68FB61B0
:10EB70000023BB612CE07A69F8683B6800931300BE
:10EB80000022802101F0DCF9031E01D0032339E0CB
:10EB9000FB69002B0BD1BB691B881A00FB681B6843
:10EBA000D205D20D9A62BB690233BB6107E0FB69F3
:10EBB0001A78FB681B689A62FB690133FB61FB688A
:10EBC00056229B5A9BB2013B99B2FB68562299523E
:10EBD000FB6856229B5A9BB2002BCCD17A69F8680D
:10EBE0003B68009313000022402101F0A9F9031EA5
:10EBF00001D0032306E0FB688822202199500023DE
:10EC000000E002231800BD4608B080BD80B58CB07E
:10EC100000AFF860B960BB1D1A80FB6888229B5862
:10EC2000202B00D08DE0BB68002B03D0BB1D1B88C0
:10EC3000002B01D1012385E0FB689A6880235B01EA
:10EC40009A4209D1FB681B69002B05D1BB680122E0
:10EC5000134001D0012375E0FB68BA681A65FB68B0
:10EC6000BA1D542112885A52FB68BA1D56211288C7
:10EC70005A52FB6800229A67FB6890220021995043
:10EC8000FB68882221219950FB685A6E80239B05DE
:10EC90009A422AD1FB689A6880235B019A4207D185
:10ECA000FB681B69002B03D1FB68284A9A6702E0C6
:10ECB000FB68274A9A67EFF31083FB61FB69BB622D
:10ECC00001233B623B6A83F31088C046FB681B68E4
:10ECD0009A68FB681B68802109040A439A60BB6A32
:10ECE0007B627B6A83F3108829E0FB689A68802343
:10ECF0005B019A4207D1FB681B69002B03D1FB68BB
:10ED0000144A9A6702E0FB68134A9A67EFF310838C
:10ED10003B613B69FB6201237B617B6983F3108864
:10ED2000C046FB681B681A68FB681B6880210A43A1
:10ED30001A60FB6ABB61BB6983F31088C04600237D
:10ED400000E002231800BD460CB080BD350A020861
:10ED5000490902088B080208D707020880B588B065
:10ED600000AFF860B960BB1D1A80FB688C229B580D
:10ED7000202B4FD1BB68002B03D0BB1D1B88002B61
:10ED800001D1012347E0FB689A6880235B019A4226
:10ED900009D1FB681B69002B05D1BB680122134018
:10EDA00001D0012337E0FB680022DA66FB681B68AC
:10EDB0001B4A934225D0FB681B681A4A934220D015
:10EDC000FB681B685A6880231B04134019D0EFF3BB
:10EDD00010833B613B69FB6101237B617B6983F3AA
:10EDE0001088C046FB681B681A68FB681B68802196
:10EDF000C9040A431A60FB69BB61BB6983F31088CD
:10EE0000C046BB1D1A88B968FB68180001F060F99C
:10EE1000030000E002231800BD4608B080BDC046D4
:10EE2000008000400084004080B588B000AFF860EA
:10EE3000B960BB1D1A80FB688C229B58202B4FD1D8
:10EE4000BB68002B03D0BB1D1B88002B01D1012305
:10EE500047E0FB689A6880235B019A4209D1FB680E
:10EE60001B69002B05D1BB680122134001D001238F
:10EE700037E0FB680022DA66FB681B681B4A934296
:10EE800025D0FB681B681A4A934220D0FB681B6898
:10EE90005A6880231B04134019D0EFF310833B61A1
:10EEA0003B69FB6101237B617B6983F31088C0466A
:10EEB000FB681B681A68FB681B688021C9040A4349
:10EEC0001A60FB69BB61BB6983F31088C046BB1D38
:10EED0001A88B968FB68180001F01EFA030000E008
:10EEE00002231800BD4608B080BDC0460080004027
:10EEF0000084004080B58CB000AF78607B688822C9
:10EF00009B58FB627B688C229B58BB627B681B68AA
:10EF10009B6880221340802B38D1FB6A212B35D18E
:10EF2000EFF310837B617B697B620123BB61BB696B
:10EF300083F31088C0467B681B689A687B681B68EF
:10EF400080218A439A607B6AFB61FB6983F31088A6
:10EF5000C0467B68DB6F002B14D07B68DB6F18002A
:10EF6000FDF71EF9031E0DD07B68DB6F1800FDF75F
:10EF7000DFF90300202B05D17B68902210219950E6
:10EF8000032347E07B68180001F06CFA7B681B687C
:10EF90009B6840221340402B3BD1BB6A222B38D1C7
:10EFA000EFF31083BB60BB683B620123FB60FB682F
:10EFB00083F31088C0467B681B689A687B681B686F
:10EFC00040218A439A603B6A3B613B6983F3108826
:10EFD000C0467B6880229B58002B16D07B6880221D
:10EFE0009B581800FDF7DCF8031E0ED07B688022CA
:10EFF0009B581800FDF79CF90300202B05D17B6876
:10F00000902210219950032304E07B68180001F03E
:10F0100069FA00231800BD460CB080BDB0B5AAB097
:10F0200000AF78607B681B68DB69A422B9180B60AD
:10F030007B681B681B68A02039180B607B681B6805
:10F040009B689C2439190B601100BB181B68A24AED
:10F0500013409822BD182B60BB181B68002B1AD1D7
:10F060007B181B682022134015D03B181B682022F8
:10F07000134005D13B191A6880235B0513400AD061
:10F080007B685B6F002B00D1DCE27B685B6F7A688A
:10F0900010009847D6E29823FB181B68002B00D17C
:10F0A00022E19C23FB181B688C4A134006D1A02345
:10F0B000FB181B688A4A134000D115E1A423FB18F2
:10F0C0001B680122134012D0A023FB181A6880236A
:10F0D0005B0013400BD07B681B6801221A627B68BF
:10F0E00090229B5801221A437B6890215A50A423F6
:10F0F000FB181B680222134011D09C23FB181B68CD
:10F10000012213400BD07B681B6802221A627B68C5
:10F1100090229B5804221A437B6890215A50A423C2
:10F12000FB181B680422134011D09C23FB181B689A
:10F13000012213400BD07B681B6804221A627B6893
:10F1400090229B5802221A437B6890215A50A42394
:10F15000FB181B680822134017D0A023FB181B685C
:10F160002022134005D19C23FB181B685B4A1340E7
:10F170000BD07B681B6808221A627B6890229B5820
:10F1800008221A437B6890215A50A423FB181A685E
:10F1900080231B01134013D0A023FB181A6880237F
:10F1A000DB0413400CD07B681B68802212011A62BA
:10F1B0007B6890229B5820221A437B6890215A50EA
:10F1C0007B6890229B58002B00D13DE2A423FB18C2
:10F1D0001B682022134015D0A023FB181B68202297
:10F1E000134006D19C23FB181A6880235B0513404B
:10F1F00008D07B685B6F002B04D07B685B6F7A68FC
:10F20000100098477B6890229B5894217A181360CD
:10F210007B681B689B6840221340402B04D07B18FE
:10F220001B68282213404CD07B68180001F05AF963
:10F230007B681B689B6840221340402B3CD1EFF356
:10F2400010833B663B6E90203A18136001237B6667
:10F250007B6E83F31088C0467B681B689A687B6866
:10F260001B6840218A439A603B181B68BB66BB6ED3
:10F2700083F31088C0467B6880229B58002B16D0F1
:10F280007B6880229B58174A9A637B6880229B5830
:10F290001800FCF7E5FF031E1CD07B6880229B58FA
:10F2A0009B6B7A68802152581000984712E07B6867
:10F2B0001800F6F789FE0DE07B681800F6F784FE6B
:10F2C00008E07B681800F6F77FFE7B68902200213B
:10F2D0009950B9E1C046B7E10F08000001000010E5
:10F2E00020010004A90702087B68DB6E012B00D017
:10F2F0003EE1A423FB181B681022134000D137E124
:10F30000A023FB181B681022134000D130E17B685A
:10F310001B6810221A627B681B689B68402213409E
:10F32000402B00D0A4E07B6880229B581B685A6861
:10F330007E217B181A807B181B88002B00D185E169
:10F340007B685C229B5A7A1812889A4200D37DE12E
:10F350007B687A185E2112885A527B6880229B58FB
:10F360001B681B682022134070D1EFF310833B63AE
:10F370003B6BBB6701237B637B6B83F31088C046C9
:10F380007B681B681A687B681B68B4490A401A606E
:10F39000BB6FBB63BB6B83F31088C046EFF3108376
:10F3A000FB63FB6B7B6701233B643B6C83F310883F
:10F3B000C0467B681B689A687B681B6801218A438A
:10F3C0009A607B6F7B647B6C83F31088C046EFF39D
:10F3D0001083BB64BB6C3B670123FB64FB6C83F352
:10F3E0001088C0467B681B689A687B681B68402150
:10F3F0008A439A603B6F3B653B6D83F31088C04640
:10F400007B688C22202199507B680022DA66EFF31A
:10F4100010837B657B6DFB660123BB65BB6D83F34E
:10F420001088C0467B681B681A687B681B681021BF
:10F430008A431A60FB6EFB65FB6D83F31088C04640
:10F440007B6880229B581800FCF7AAFE7B6802228A
:10F450001A677B685C229A5A7B685E215B5A9BB272
:10F46000D31A9AB27B681100180000F005F9EDE09C
:10F470007B685C22995A7B685E229B5A9AB28E20E6
:10F480003B188A1A1A807B685E229B5A9BB2002B1B
:10F4900000D1DDE03B181B88002B00D1D8E0EFF352
:10F4A0001083FB60FB6888243A19136001233B61D9
:10F4B0003B6983F31088C0467B681B681A687B68C9
:10F4C0001B6867490A401A603B191B687B617B69AE
:10F4D00083F31088C046EFF31083BB61BB698424BB
:10F4E0003A1913600123FB61FB6983F31088C0465E
:10F4F0007B681B689A687B681B685A490A409A6057
:10F500003B191B683B623B6A83F31088C0467B68EB
:10F510008C22202199507B680022DA667B680022C9
:10F520005A67EFF310837B627B6A80243A19136079
:10F530000123BB62BB6A83F31088C0467B681B68EB
:10F540001A687B681B6810218A431A603B191B6884
:10F55000FB62FB6A83F31088C0467B6802221A674D
:10F560003B181A887B681100180000F085F86FE0DE
:10F57000A423FB181A6880235B03134010D09C233C
:10F58000FB181A688023DB03134009D07B681B68D3
:10F59000802252031A627B681800F6F787FD5AE052
:10F5A000A423FB181B688022134016D0A023FB184D
:10F5B0001B688022134006D19C23FB181A68802305
:10F5C0001B04134009D07B689B6F002B42D07B68E3
:10F5D0009B6F7A68100098473CE0A423FB181B68D7
:10F5E000402213400AD0A023FB181B68402213407E
:10F5F00004D07B68180001F097FA2CE0A423FB18D4
:10F600001A6880231B0413400BD0A023FB181A6830
:10F610008023DB05134004D07B68180001F018FF3D
:10F6200019E0A423FB181A6880235B04134012D04E
:10F63000A023FB181B68002B0DDA7B68180001F073
:10F64000FFFE08E0C04606E0C04604E0C04602E017
:10F65000C04600E0C046BD462AB0B0BDFFFEFFFF79
:10F66000DFFEFFFFFEFFFFEF80B582B000AF7860E6
:10F67000C046BD4602B080BD80B582B000AF7860A4
:10F680000A00BB1C1A80C046BD4602B080BD000007
:10F69000B0B590B000AF78621A2320229B18DB1916
:10F6A00000221A707B6A9A687B6A1B691A437B6A1C
:10F6B0005B691A437B6ADB691343FB637B6A1B68E4
:10F6C0001B68C14A134019007B6A1A68FB6B0B4325
:10F6D00013607B6A1B685B68BC4A134018007B6A36
:10F6E000D9687B6A1A6803000B4353607B6A9B6985
:10F6F000FB637B6A1B68B64A934209D07B6A1B682E
:10F70000B44A934204D07B6A1B6AFA6B1343FB63CF
:10F710007B6A1B689B68B04A134019007B6A1A68B1
:10F72000FB6B0B4393607B6A1B68DB6A0F2293437E
:10F7300018007B6A596A7B6A1A6803000B43D3621C
:10F740007B6A1B68A54A934231D1A54B5B6D0322AE
:10F750001340032B1DD023D8022B0CD020D8002B14
:10F7600002D0012B0ED01BE01B2320229B18DB199B
:10F7700000221A7054E11B2320229B18DB1902225D
:10F780001A704DE11B2320229B18DB1904221A70EA
:10F7900046E11B2320229B18DB1908221A703FE147
:10F7A0001B2320229B18DB1910221A7038E17B6A78
:10F7B0001B688C4A934231D1894B5B6D0C221340FC
:10F7C0000C2B1DD023D8082B0CD020D8002B02D016
:10F7D000042B0ED01BE01B2320229B18DB190022D8
:10F7E0001A701DE11B2320229B18DB1902221A70BC
:10F7F00016E11B2320229B18DB1904221A700FE14B
:10F800001B2320229B18DB1908221A7008E11B23F6
:10F8100020229B18DB1910221A7001E17B6A1B68F9
:10F82000714A934231D16E4B5B6D30221340302BC5
:10F830001DD023D8202B0CD020D8002B02D0102B89
:10F840000ED01BE01B2320229B18DB1900221A700C
:10F85000E6E01B2320229B18DB1902221A70DFE04E
:10F860001B2320229B18DB1904221A70D8E01B23CB
:10F8700020229B18DB1908221A70D1E01B232022BA
:10F880009B18DB1910221A70CAE07B6A1B68574A62
:10F89000934206D11B2320229B18DB1900221A70E9
:10F8A000BEE07B6A1B68524A934206D11B2320228A
:10F8B0009B18DB1900221A70B2E07B6A1B684D4A64
:10F8C000934206D11B2320229B18DB1900221A70B9
:10F8D000A6E07B6A1B683E4A93423ED1404B5A6D7C
:10F8E000C0231B011340C0221201934227D0C02223
:10F8F000120193422AD880221201934211D0802211
:10F900001201934222D8002B04D08022D2009342CD
:10F910000ED01BE01B2320229B18DB1900221A703B
:10F920007EE01B2320229B18DB1902221A7077E04D
:10F930001B2320229B18DB1904221A7070E01B2362
:10F9400020229B18DB1908221A7069E01B23202251
:10F950009B18DB1910221A7062E07B6A1B681D4A33
:10F96000934257D11E4B5A6DC0239B001340C022B7
:10F970009200934240D0C0229200934243D880220A
:10F980009200934211D08022920093423BD8002BE8
:10F9900004D08022520093420ED034E01B23202258
:10F9A0009B18DB1900221A703AE01B2320229B18B7
:10F9B000DB1902221A7033E01B2320229B18DB196B
:10F9C00004221A702CE0C046F369FFCFFFCFFFFF7F
:10F9D0000080004000840040FFF4FF110038014027
:10F9E000001002400044004000480040004C00402D
:10F9F00000500040003C01401B2320229B18DB19D3
:10FA000008221A700CE01B2320229B18DB191022FD
:10FA10001A7005E01B2320229B18DB1910221A7094
:10FA20007B6A1B68C14A934205D07B6A1B68C04A47
:10FA3000934200D093E01B2320229B18DB191B78F4
:10FA4000082B15D018DC042B0DD015DC002B02D0B0
:10FA5000022B05D010E0FEF74FF803007B6314E0A3
:10FA6000B44B7B6311E0FDF7BBFF03007B630CE04D
:10FA700080231B027B6308E000237B631A23202280
:10FA80009B18DB1901221A70C0467B6B002B00D13A
:10FA900035E17B6A5A6AA84B5200D35A1900786B39
:10FAA000E0F758FB0300BB627B6A5A6813005B00F7
:10FAB0009B18BA6A9A4205D37B6A5B681B03BA6AD1
:10FAC0009A4206D91A2320229B18DB1901221A70A8
:10FAD00044E07B6BBB610023FB617B6A5A6A964BF7
:10FAE0005200D35A3B6100237B613A697B69B86954
:10FAF000F969E0F727FD02000B00110E1D020D430E
:10FB000014027B6A5B685B08BB600023FB60B8681B
:10FB1000F968001969417B6A5B683B6000237B6080
:10FB20003A687B68E0F70EFD02000B0013003B63B0
:10FB30003A6BC0239B009A4209D33A6B80235B0344
:10FB40009A4204D27B6A1B683A6BDA6006E01A2399
:10FB500020229B18DB1901221A70D0E0CFE07B6ACB
:10FB6000DA6980231B029A4200D070E01B23202216
:10FB70009B18DB191B78082B15D018DC042B0DD033
:10FB800015DC002B02D0022B05D010E0FDF7B4FFEE
:10FB900003007B6314E0674B7B6311E0FDF720FFFC
:10FBA00003007B630CE080231B027B6308E00023DF
:10FBB0007B631A2320229B18DB1901221A70C0468E
:10FBC0007B6B002B00D19AE07B6A5A6A5A4B520039
:10FBD000D35A1900786BE0F7BDFA03005A007B6A2C
:10FBE0005B685B08D2187B6A5B6819001000E0F75D
:10FBF000B1FA03003B633B6B0F2B21D93A6B802397
:10FC00005B029A421CD23B6B9AB20E20202403194D
:10FC1000DB190F218A431A803B6B5B089BB20722DA
:10FC2000134099B20319DB190219D21912880A4339
:10FC30001A807B6A1B680219D2191288DA605EE0AA
:10FC40001A2320229B18DB1901221A7057E01B236C
:10FC500020229B18DB191B78082B15D018DC042BED
:10FC60000DD015DC002B02D0022B05D010E0FDF7E3
:10FC700043FF03007B6314E02E4B7B6311E0FDF731
:10FC8000AFFE03007B630CE080231B027B6308E074
:10FC900000237B631A2320229B18DB1901221A7090
:10FCA000C0467B6B002B2AD07B6A5A6A224B5200DB
:10FCB000D35A1900786BE0F74DFA03001A007B6AFB
:10FCC0005B685B08D2187B6A5B6819001000E0F77C
:10FCD00041FA03003B633B6B0F2B0AD93A6B80233D
:10FCE0005B029A4205D23B6B9AB27B6A1B68DA6070
:10FCF00005E01A2320229B18DB1901221A707B6A67
:10FD00006A22012199527B6A6822012199527B6AF9
:10FD100000225A677B6A00229A671A2320229B18C6
:10FD2000DB191B781800BD4610B0B0BD0080004044
:10FD3000008400400024F40000AE020880B582B0C8
:10FD400000AF78607B689B6A012213400BD07B6810
:10FD50001B685B684A4A134019007B68DA6A7B6853
:10FD60001B680A435A607B689B6A022213400BD0CF
:10FD70007B681B685B68434A134019007B681A6BF9
:10FD80007B681B680A435A607B689B6A04221340A5
:10FD90000BD07B681B685B683B4A134019007B688B
:10FDA0005A6B7B681B680A435A607B689B6A08220F
:10FDB00013400BD07B681B685B68344A1340190002
:10FDC0007B689A6B7B681B680A435A607B689B6AF6
:10FDD000102213400BD07B681B689B682C4A134091
:10FDE00019007B68DA6B7B681B680A439A607B6842
:10FDF0009B6A202213400BD07B681B689B68254AB6
:10FE0000134019007B681A6C7B681B680A439A6070
:10FE10007B689B6A402213401DD07B681B685B682F
:10FE20001D4A134019007B685A6C7B681B680A43A3
:10FE30005A607B685A6C80235B039A420BD17B68C3
:10FE40001B685B68154A134019007B689A6C7B68D5
:10FE50001B680A435A607B689B6A802213400BD060
:10FE60007B681B685B680E4A134019007B68DA6C7C
:10FE70007B681B680A435A60C046BD4602B080BD1D
:10FE8000FFFFFDFFFFFFFEFFFFFFFBFFFF7FFFFF09
:10FE9000FFEFFFFFFFDFFFFFFFFFEFFFFFFF9FFF12
:10FEA000FFFFF7FF80B586B002AF78607B689022D5
:10FEB00000219950FAF766FD0300FB607B681B6820
:10FEC0001B6808221340082B0CD1FB688022910389
:10FED00078681A4A0092002200F032F8031E01D01E
:10FEE000032326E07B681B681B6804221340042B55
:10FEF0000CD1FB688022D1037868104A009200225E
:10FF000000F01EF8031E01D0032312E07B68882254
:10FF1000202199507B688C22202199507B680022F7
:10FF2000DA667B6800221A677B6884220021995474
:10FF300000231800BD4604B080BDC046FFFFFF018E
:10FF400080B594B000AFF860B9603B60FB1D1A70DB
:10FF5000A7E0BB6D013300D1A3E0FAF713FD020067
:10FF60003B68D31ABA6D9A4202D3BB6D002B3FD1C6
:10FF7000EFF31083BB62BB6A7B640123FB62FB6A05
:10FF800083F31088C046FB681B681A68FB681B680F
:10FF90004E490A401A607B6C3B633B6B83F31088CD
:10FFA000C046EFF310837B637B6B3B640123BB6331
:10FFB000BB6B83F31088C046FB681B689A68FB68BC
:10FFC0001B6801218A439A603B6CFB63FB6B83F3E4
:10FFD0001088C046FB68882220219950FB688C223B
:10FFE00020219950FB68842200219954032369E061
:10FFF000FB681B681B680422134052D0FB681B6817
:020000040802F0
:10000000DA6980231B011A4080231B019A4248D1E0
:10001000FB681B68802212011A62EFF310833B61B8
:100020003B69FB6401237B617B6983F31088C046D5
:10003000FB681B681A68FB681B6824490A401A6041
:10004000FB6CBB61BB6983F31088C046EFF3108380
:10005000FB61FB69BB6401233B623B6A83F310884D
:10006000C046FB681B689A68FB681B6801218A43CD
:100070009A60BB6C7B627B6A83F31088C046FB6826
:10008000882220219950FB688C2220219950FB68FE
:10009000902220219950FB68842200219954032347
:1000A00010E0FB681B68DB69BA681340BA68D31AB2
:1000B0005A425341DBB21A00FB1D1B789A4200D111
:1000C00047E700231800BD4614B080BD5FFEFFFF68
:1000D00080B598B000AFF860B960BB1D1A80FB68AE
:1000E000BA689A65FB68BA1D5C2112885A52FB688F
:1000F000BA1D5E2112885A52FB6800225A67FB68BB
:100100009A6880235B019A420DD1FB681B69002B22
:1001100004D1FB6860227B4999522EE0FB68602283
:10012000FF21995229E0FB689B68002B0DD1FB68E9
:100130001B69002B04D1FB686022FF2199521CE04F
:10014000FB6860227F21995217E0FB689A68802340
:100150005B059A420DD1FB681B69002B04D1FB683B
:1001600060227F21995208E0FB6860223F2199526A
:1001700003E0FB68602200219952FB689022002175
:100180009950FB688C2222219950EFF310833B6435
:100190003B6CFB6501237B647B6C83F31088C0465A
:1001A000FB681B689A68FB681B6801210A439A6018
:1001B000FB6DBB64BB6C83F31088C046FB685A6E52
:1001C00080239B059A4250D1FB6868229B5ABA1D36
:1001D00012889A4249D3FB689A6880235B019A424D
:1001E00007D1FB681B69002B03D1FB68464A5A679D
:1001F00002E0FB68454A5A67FB681B69002B19D06F
:10020000EFF310837B637B6BBB650123BB63BB6B2D
:1002100083F31088C046FB681B681A68FB681B687C
:10022000802149000A431A60BB6DFB63FB6B83F3BB
:100230001088C046EFF31083BB62BB6A7B65012365
:10024000FB62FB6A83F31088C046FB681B689A68F0
:10025000FB681B68802149050A439A607B6D3B63FC
:100260003B6B83F31088C04647E0FB689A688023A5
:100270005B019A4207D1FB681B69002B03D1FB6825
:10028000234A5A6702E0FB68224A5A67FB681B69E7
:10029000002B19D0EFF31083FB61FB69FB64012392
:1002A0003B623B6A83F31088C046FB681B681A6890
:1002B000FB681B68902149000A431A60FB6C7B6253
:1002C0007B6A83F3108818E0EFF310833B613B698E
:1002D0003B6501237B617B6983F31088C046FB6823
:1002E0001B681A68FB681B6820210A431A603B6D73
:1002F000BB61BB6983F31088C04600231800BD466C
:1003000018B080BDFF01000055110208690E0208F7
:10031000F50C0208810B020880B590B000AFF860C0
:10032000B960BB1D1A80FB68BA689A65FB68BA1D84
:100330005C2112885A52FB68902200219950FB6878
:100340008C2222219950FB6880229B58002B2DD0B3
:10035000FB6880229B58404ADA62FB6880229B58E7
:100360003E4A1A63FB6880229B583D4A5A63FB68E9
:1003700080229B5800229A63FB6880229858FB6871
:100380001B6824331900FB689B6D1A00BB1D1B887A
:10039000FBF780FE031E09D0FB68902210219950C4
:1003A000FB688C2220219950012350E0FB681B69D7
:1003B000002B19D0EFF31083BB62BB6AFB630123F0
:1003C000FB62FB6A83F31088C046FB681B681A68EF
:1003D000FB681B68802149000A431A60FB6B3B6382
:1003E0003B6B83F31088C046EFF310833B613B699E
:1003F000BB6301237B617B6983F31088C046FB6884
:100400001B689A68FB681B6801210A439A60BB6BF2
:10041000BB61BB6983F31088C046EFF31083FB61B7
:10042000FB697B6301233B623B6A83F31088C04610
:10043000FB681B689A68FB681B6840210A439A6046
:100440007B6B7B627B6A83F31088C04600231800B5
:10045000BD4610B080BDC046B1050208E1060208E5
:100460002307020880B58AB000AF7860EFF31083ED
:10047000BB60BB687B620123FB60FB6883F3108871
:10048000C0467B681B681A687B681B68C0218A436A
:100490001A607B6A3B613B6983F31088C046EFF3C7
:1004A00010837B617B693B620123BB61BB6983F382
:1004B0001088C0467B681B689A687B681B6808497F
:1004C0000A409A603B6AFB61FB6983F31088C0466F
:1004D0007B68882220219950C046BD460AB080BD65
:1004E000FFFF7FFF80B58EB000AF7860EFF3108321
:1004F0007B617B697B630123BB61BB6983F31088EC
:10050000C0467B681B681A687B681B6826490A40DE
:100510001A607B6BFB61FB6983F31088C046EFF3C5
:1005200010833B623B6A3B6301237B627B6A83F3FC
:100530001088C0467B681B689A687B681B681B49EB
:100540000A409A603B6BBB62BB6A83F31088C0466B
:100550007B68DB6E012B18D1EFF31083BB60BB68A7
:10056000FB620123FB60FB6883F31088C0467B6855
:100570001B681A687B681B6810218A431A60FB6A33
:100580003B613B6983F31088C0467B688C22202145
:1005900099507B680022DA667B6800225A67C04661
:1005A000BD460EB080BDC046DFFEFFFFFEFFFFEF81
:1005B00080B594B000AF78607B689B6AFB647B6811
:1005C0001B681B68202213406FD1FB6C5E22002148
:1005D0009952EFF31083BB61BB69BB640123FB61DC
:1005E000FB6983F31088C046FB6C1B681A68FB6CC0
:1005F0001B683A490A401A60BB6C3B623B6A83F352
:100600001088C046EFF310837B627B6A7B64012312
:10061000BB62BB6A83F31088C046FB6C1B689A6898
:10062000FB6C1B6801218A439A607B6CFB62FB6A4E
:1006300083F31088C046EFF310833B633B6B3B644E
:1006400001237B637B6B83F31088C046FB6C1B68C4
:100650009A68FB6C1B6840218A439A603B6CBB63C1
:10066000BB6B83F31088C046FB6C8C222021995011
:10067000FB6CDB6E012B18D1EFF31083FB60FB6882
:10068000FB6301233B613B6983F31088C046FB6C2D
:100690001B681A68FB6C1B6810218A431A60FB6B8D
:1006A0007B617B6983F31088C046FB6C00221A676C
:1006B000FB6CDB6E012B08D1FB6C5C229A5AFB6C45
:1006C00011001800FEF7D8FF03E0FB6C1800F5F7E7
:1006D000E5FCC046BD4614B080BDC046FFFEFFFF2E
:1006E00080B584B000AF78607B689B6AFB60FB6874
:1006F00001221A67FB68DB6E012B0AD1FB685C22C2
:100700009B5A5B089AB2FB6811001800FEF7B4FF11
:1007100003E0FB681800FEF7A7FFC046BD4604B023
:1007200080BD80B586B000AF78607B689B6A7B61D6
:100730007B6988229B583B617B698C229B58FB60BC
:100740007B691B689B6880221340802B0AD13B6920
:10075000212B07D17B695622002199527B69180011
:10076000FFF780FE7B691B689B6840221340402B8B
:100770000AD1FB68222B07D17B695E2200219952A6
:100780007B691800FFF7AEFE7B6990229B58102210
:100790001A437B6990215A507B691800F5F714FCC5
:1007A000C046BD4606B080BD80B584B000AF78605D
:1007B0007B689B6AFB60FB685E2200219952FB68A4
:1007C000562200219952FB681800F5F7FDFBC04640
:1007D000BD4604B080BD80B58AB000AF78607B684C
:1007E00088229B58212B4CD17B6856229B5A9BB266
:1007F000002B32D1EFF31083BB60BB687B62012317
:10080000FB60FB6883F31088C0467B681B681A682E
:100810007B681B6880218A431A607B6A3B613B6965
:1008200083F31088C046EFF310837B617B693B62E2
:100830000123BB61BB6983F31088C0467B681B68DA
:100840001A687B681B6840210A431A603B6AFB6197
:10085000FB6983F31088C04613E07B681B6D1A7830
:100860007B681B689A627B681B6D5A1C7B681A65E3
:100870007B6856229B5A9BB2013B99B27B685622F9
:100880009952C046BD460AB080BD80B58CB000AF5D
:1008900078607B6888229B58212B51D17B68562237
:1008A0009B5A9BB2002B32D1EFF31083FB60FB68A5
:1008B000BB6201233B613B6983F31088C0467B68C0
:1008C0001B681A687B681B6880218A431A60BB6AB0
:1008D0007B617B6983F31088C046EFF31083BB61B3
:1008E000BB697B620123FB61FB6983F31088C0460F
:1008F0007B681B681A687B681B6840210A431A6082
:100900007B6A3B623B6A83F31088C04618E07B68D1
:100910001B6DFB62FB6A1B881A007B681B68D20593
:10092000D20D9A627B681B6D9A1C7B681A657B6886
:1009300056229B5A9BB2013B99B27B685622995230
:10094000C046BD460CB080BD80B58CB000AF7860AD
:100950007B6888229B58212B65D12E23FB187A684F
:100960006A21525A1A8059E07B6856229B5A9BB2E0
:10097000002B33D1EFF31083FB60FB68BB620123D4
:100980003B613B6983F31088C0467B681B689A68AB
:100990007B681B6826490A409A60BB6A7B617B6959
:1009A00083F31088C046EFF31083BB61BB697B62A1
:1009B0000123FB61FB6983F31088C0467B681B68D9
:1009C0001A687B681B6840210A431A607B6A3B6295
:1009D0003B6A83F31088C046C04624E07B681B68EE
:1009E000DB698022134013D07B681B6D1A787B680B
:1009F0001B689A627B681B6D5A1C7B681A657B6852
:100A000056229B5A9BB2013B99B27B68562299525F
:100A10002E217B181A887B18013A1A802E23FB1886
:100A20001B88002BA0D1C046BD460CB080BDC0467F
:100A3000FFFF7FFF80B58CB000AF78607B688822B5
:100A40009B58212B6AD12E23FB187A686A21525AAF
:100A50001A805EE07B6856229B5A9BB2002B33D1F2
:100A6000EFF31083BB60BB687B620123FB60FB6814
:100A700083F31088C0467B681B689A687B681B6894
:100A800028490A409A607B6A3B613B6983F310887E
:100A9000C046EFF310837B617B693B620123BB613E
:100AA000BB6983F31088C0467B681B681A687B6843
:100AB0001B6840210A431A603B6AFB61FB6983F3B0
:100AC0001088C046C04629E07B681B68DB6980222D
:100AD000134018D07B681B6DBB62BB6A1B881A0071
:100AE0007B681B68D205D20D9A627B681B6D9A1CCD
:100AF0007B681A657B6856229B5A9BB2013B99B270
:100B00007B68562299522E217B181A887B18013A4D
:100B10001A802E23FB181B88002B9BD1C046BD4694
:100B20000CB080BDFFFF7FFF80B586B000AF78605E
:100B3000EFF31083BB60BB687B610123FB60FB6844
:100B400083F31088C0467B681B681A687B681B6843
:100B500040218A431A607B693B613B6983F31088BB
:100B6000C0467B688822202199507B6800229A67C2
:100B70007B681800F5F704FAC046BD4606B080BD94
:100B800080B590B000AF78603E203B187A68602155
:100B9000525A1A807B688C229B58222B00D09AE0F4
:100BA0007B681B685A6A3C217B181A807B181B885B
:100BB000DAB23B181B88D9B27B689B6D0A40D2B26F
:100BC0001A707B689B6D5A1C7B689A657B685E22F5
:100BD0009B5A9BB2013B99B27B685E2299527B681B
:100BE0005E229B5A9BB2002B00D07CE0EFF3108377
:100BF000BB61BB69BB630123FB61FB6983F31088A5
:100C0000C0467B681B681A687B681B6838490A40C5
:100C10001A60BB6B3B623B6A83F31088C046EFF3FC
:100C200010837B627B6A7B630123BB62BB6A83F3B5
:100C30001088C0467B681B689A687B681B68012126
:100C40008A439A607B6BFB62FB6A83F31088C04621
:100C50007B688C22202199507B6800225A677B6830
:100C600000221A677B68DB6E012B2FD17B68002284
:100C7000DA66EFF31083FB60FB683B6301233B61A3
:100C80003B6983F31088C0467B681B681A687B68E1
:100C90001B6810218A431A603B6B7B617B6983F37D
:100CA0001088C0467B681B68DB6910221340102B3C
:100CB00003D17B681B6810221A627B685C229A5AF7
:100CC0007B6811001800FEF7D7FC0CE07B68180069
:100CD000F5F7E4F907E07B681B689A697B681B6895
:100CE00008210A439A61C046BD4610B080BDC04687
:100CF000DFFEFFFF80B590B000AF78603E203B186C
:100D00007A686021525A1A807B688C229B58222B69
:100D100000D09AE07B681B685A6A3C217B181A80D5
:100D20007B689B6DBB637B183A181B881288134045
:100D30009AB2BB6B1A807B689B6D9A1C7B689A6524
:100D40007B685E229B5A9BB2013B99B27B685E2214
:100D500099527B685E229B5A9BB2002B00D07CE0AC
:100D6000EFF310837B617B697B630123BB61BB690C
:100D700083F31088C0467B681B681A687B681B6811
:100D800038490A401A607B6BFB61FB6983F310886A
:100D9000C046EFF310833B623B6A3B6301237B62F7
:100DA0007B6A83F31088C0467B681B689A687B68FF
:100DB0001B6801218A439A603B6BBB62BB6A83F369
:100DC0001088C0467B688C22202199507B680022C5
:100DD0005A677B6800221A677B68DB6E012B2FD174
:100DE0007B680022DA66EFF31083BB60BB68FB62AE
:100DF0000123FB60FB6883F31088C0467B681B6897
:100E00001A687B681B6810218A431A60FB6A3B6181
:100E10003B6983F31088C0467B681B68DB6910223E
:100E20001340102B03D17B681B6810221A627B6869
:100E30005C229A5A7B6811001800FEF71DFC0CE03A
:100E40007B681800F5F72AF907E07B681B689A6948
:100E50007B681B6808210A439A61C046BD4610B0F2
:100E600080BDC046DFFEFFFF80B59CB000AF78605C
:100E70006A23FB187A686021525A1A807B681B68C3
:100E8000DB69FB667B681B681B687B667B681B688D
:100E90009B683B667B688C229B58222B00D044E1E8
:100EA0005E23FB187A686821525A1A80EBE07B684F
:100EB0001B685A6A5C217B181A807B181B88DAB27F
:100EC0006A23FB181B88D9B27B689B6D0A40D2B29B
:100ED0001A707B689B6D5A1C7B689A657B685E22E2
:100EE0009B5A9BB2013B99B27B685E2299527B6808
:100EF0001B68DB69FB66FB6E0722134049D0FB6E63
:100F00000122134010D07A6E80235B0013400BD077
:100F10007B681B6801221A627B6890229B58012221
:100F20001A437B6890215A50FB6E022213400FD067
:100F30003B6E012213400BD07B681B6802221A62B1
:100F40007B6890229B5804221A437B6890215A5058
:100F5000FB6E042213400FD03B6E012213400BD0D6
:100F60007B681B6804221A627B6890229B580222CD
:100F70001A437B6890215A507B6890229B58002B23
:100F800007D07B681800F5F71FF87B6890220021D6
:100F900099507B685E229B5A9BB2002B73D1EFF372
:100FA0001083FB62FB6ABB6501233B633B6B83F3EE
:100FB0001088C0467B681B681A687B681B6861499B
:100FC0000A401A60BB6D7B637B6B83F31088C0465D
:100FD000EFF31083BB63BB6B7B650123FB63FB6B90
:100FE00083F31088C0467B681B689A687B681B681F
:100FF00055490A409A607B6D3B643B6C83F31088D3
:10100000C0467B688C22202199507B6800225A6759
:101010007B6800221A677B68DB6E012B2FD17B680F
:101020000022DA66EFF310833B623B6A3B650123E3
:101030007B627B6A83F31088C0467B681B681A68F2
:101040007B681B6810218A431A603B6DBB62BB6AD8
:1010500083F31088C0467B681B68DB69102213404D
:10106000102B03D17B681B6810221A627B685C22FC
:101070009A5A7B6811001800FEF7FEFA03E07B68BD
:101080001800F5F70BF85E23FB181B88002B04D023
:10109000FB6E2022134000D009E74E203B187A68EF
:1010A0005E21525A1A8001007B181B88002B44D005
:1010B0007B6868229B5A7A1812889A423DD2EFF3D5
:1010C0001083BB60BB68BB640123FB60FB6883F3D8
:1010D0001088C0467B681B689A687B681B681B4940
:1010E0000A409A60BB6C3B613B6983F31088C04641
:1010F0007B68174A5A67EFF310837B617B697B64D7
:101100000123BB61BB6983F31088C0467B681B6801
:101110001A687B681B6820210A431A607B6CFB619C
:10112000FB6983F31088C04607E07B681B689A69F7
:101130007B681B6808210A439A61C046BD461CB003
:1011400080BDC046FFFEFFFFFEFFFFEFFFFFFFEF8A
:10115000810B020880B59EB000AF78607223FB1847
:101160007A686021525A1A807B681B68DB697B674A
:101170007B681B681B68FB667B681B689B68BB669B
:101180007B688C229B58222B00D044E16623FB18FD
:101190007A686821525A1A80EBE07B681B685A6AA9
:1011A00064217B181A807B689B6D3B667B187222DA
:1011B000BA181B88128813409AB23B6E1A807B685B
:1011C0009B6D9A1C7B689A657B685E229B5A9BB2DA
:1011D000013B99B27B685E2299527B681B68DB6990
:1011E0007B677B6F0722134049D07B6F012213403E
:1011F00010D0FA6E80235B0013400BD07B681B6815
:1012000001221A627B6890229B5801221A437B6854
:1012100090215A507B6F022213400FD0BB6E0122E7
:1012200013400BD07B681B6802221A627B689022F5
:101230009B5804221A437B6890215A507B6F0422EA
:1012400013400FD0BB6E012213400BD07B681B688C
:1012500004221A627B6890229B5802221A437B6800
:1012600090215A507B6890229B58002B07D07B68B6
:101270001800F4F7A9FE7B689022002199507B6842
:101280005E229B5A9BB2002B73D1EFF310833B631A
:101290003B6BFB6501237B637B6B83F31088C0464C
:1012A0007B681B681A687B681B6861490A401A6082
:1012B000FB6DBB63BB6B83F31088C046EFF31083F9
:1012C000FB63FB6BBB6501233B643B6C83F31088C2
:1012D000C0467B681B689A687B681B6855490A4052
:1012E0009A60BB6D7B647B6C83F31088C0467B681F
:1012F0008C22202199507B6800225A677B6800224B
:101300001A677B68DB6E012B2FD17B680022DA66BF
:10131000EFF310837B627B6A7B650123BB62BB6A50
:1013200083F31088C0467B681B681A687B681B685B
:1013300010218A431A607B6DFB62FB6A83F310887D
:10134000C0467B681B68DB6910221340102B03D159
:101350007B681B6810221A627B685C229A5A7B6841
:1013600011001800FEF788F903E07B681800F4F715
:1013700095FE6623FB181B88002B04D07B6F202270
:10138000134000D009E752203B187A685E21525A78
:101390001A8001007B181B88002B44D07B686822D0
:1013A0009B5A7A1812889A423DD2EFF31083FB6061
:1013B000FB68FB6401233B613B6983F31088C046F3
:1013C0007B681B689A687B681B681B490A409A60A7
:1013D000FB6C7B617B6983F31088C0467B68174A8E
:1013E0005A67EFF31083BB61BB69BB640123FB61E8
:1013F000FB6983F31088C0467B681B681A687B68AA
:101400001B6820210A431A60BB6C3B623B6A83F372
:101410001088C04607E07B681B689A697B681B6878
:1014200008210A439A61C046BD461EB080BDC04631
:10143000FFFEFFFFFEFFFFEFFFFFFFEFF50C0208CF
:1014400080B582B000AF7860C046BD4602B080BDB6
:1014500080B582B000AF7860C046BD4602B080BDA6
:1014600080B588B002AFF8603B1D19605A60172341
:10147000FB1800221A70FB6884229B5C012B01D1AF
:1014800002234CE0FB68842201219954FB688822E6
:1014900024219950FB681B681A68FB681B680121AE
:1014A0008A431A60FB681B689B681F4A1340190037
:1014B0003B1D1A68FB681B680A439A603B1D1B684A
:1014C000002B05D13B1DF86819685A6800F04EF9E9
:1014D000FB681B681A68FB681B6801210A431A60D5
:1014E000F9F750FA03003B613B698022D103F868A9
:1014F0000E4A00920022FEF723FD031E04D017239C
:10150000FB1803221A7003E0FB68882220219950FF
:10151000FB688422002199541723FB181B781800BC
:10152000BD4606B080BDC046FFFFCFFFFFFFFF01F5
:1015300080B586B000AF78607B6884229B5C012B0D
:1015400001D1022321E07B68842201219954EFF329
:101550001083BB60BB687B610123FB60FB6883F386
:101560001088C0467B681B681A687B681B6802216C
:101570000A431A607B693B613B6983F31088C0466C
:101580007B6884220021995400231800BD4606B0D0
:1015900080BD80B586B000AF78607B6884229B5C9C
:1015A000012B01D1022321E07B688422012199547F
:1015B000EFF31083BB60BB687B610123FB60FB68BA
:1015C00083F31088C0467B681B681A687B681B68B9
:1015D00002218A431A607B693B613B6983F310886F
:1015E000C0467B6884220021995400231800BD4620
:1015F00006B080BD80B584B000AF78607B6884227F
:101600009B5C012B01D1022327E07B68842201210E
:1016100099547B688822242199507B681B681B6839
:10162000FB607B681B681A687B681B6801218A4322
:101630001A60FB680B4A1340FB607B6800225A6605
:101640007B681B68FA681A607B68882220219950A1
:101650007B6884220021995400231800BD4604B001
:1016600080BDC046FFFFFFDF80B584B000AF78606B
:1016700039607B6884229B5C012B01D102232EE020
:101680007B688422012199547B6888222421995007
:101690007B681B681B68FB607B681B681A687B683B
:1016A0001B6801218A431A607B681B689B68DB000A
:1016B000D9087B681B683A680A439A607B681800FF
:1016C00000F078F87B681B68FA681A607B688822EB
:1016D000202199507B68842200219954002318000E
:1016E000BD4604B080BD000080B584B000AF786016
:1016F00039607B6884229B5C012B01D102232FE09F
:101700007B688422012199547B6888222421995086
:101710007B681B681B68FB607B681B681A687B68BA
:101720001B6801218A431A607B681B689B680E4A0C
:10173000134019007B681B683A680A439A607B680B
:10174000180000F037F87B681B68FA681A607B683D
:101750008822202199507B688422002199540023FB
:101760001800BD4604B080BDFFFFFFF180B584B016
:1017700000AFF8603B1D19605A60FB681B685B682E
:10178000102293431A003B1D9B881900FB681B68BD
:101790000A435A60FB681B685B681B02190A3B1D01
:1017A0009B791A06FB681B680A435A60C046BD460F
:1017B00004B080BDF0B585B000AF78607B685B6E2B
:1017C000002B08D17B686A22012199527B6868222C
:1017D0000121995243E00F26BB1908221A700E20EE
:1017E0003B1808221A707B681B689B685B0EDAB294
:1017F0000D243B1907210A401A707B681B689B68FF
:101800005B0FDAB20C257B1907210A401A703B18CE
:101810001B787A19127814498A5C5A4310007B1994
:101820001B78124AD35C1900DEF71EFD030099B243
:101830007B686A229952BB191B783A1912780A49B7
:101840008A5C5A4310003B191B78084AD35C190084
:10185000DEF70AFD030099B27B6868229952C04600
:10186000BD4605B0F0BDC04620AE020828AE020855
:1018700080B500AFE2F730FEFEE780B582B000AF82
:101880007860FEE710B5002101F01AFA10BD10B51E
:101890000A22002101F0ACFA10BD10B50A22002185
:1018A00001F0A6FA10BD000010B5034B0100186846
:1018B00000F00EF810BDC0465C08002010B5034BC8
:1018C0000100186801F084FD10BDC0465C080020CE
:1018D000F0B50D0087B00B350190162D09D90723FF
:1018E0009D4307D50C23019A13600024200007B004
:1018F000F0BD1025A942F5D8019800F0F9F9FC23B4
:10190000BA4E5B009D421DD22A000832B218110067
:1019100054680839EB088C4203D1D4680233A242E0
:1019200026D003226368A1689343E268E318CA6083
:101930009160012259680A435A60019800F0E0F969
:101940000834D3E73F236A0A03D0042A26D8AB0918
:10195000383303229446D9008919CC688C4206D0CA
:10196000604662688243571B0F2F2FDD013B013316
:1019700034699F498C4250D0032062688243501BD7
:101980000F2831DD012367191D430343656077612B
:101990003761F960B9607B60A050CEE7142A02D8A5
:1019A00013005B33D5E7542A02D82B0B6E33D0E7F4
:1019B000AA235B009A4202D8EB0B7733C9E78D4923
:1019C0007E238A42C5D8AB0C7C33C2E7E068002F87
:1019D00008DBA368D86083600123A21851680B4319
:1019E0005360AAE70400B9E7716131610028F3DAB6
:1019F00071688C46802189008A4200D38AE0D10830
:101A0000500901228240604602437260CA00921966
:101A10009168E260A1609460CC60012273489910E3
:101A20008A404168914226D30A4205D10324A34348
:101A3000520004330A42FBD0DE008619B4460293FA
:101A40006146CC68644500D09BE00834A44603247A
:101A50000299013102912142F2D1234200D0B7E034
:101A6000436893434360614B52005968914202D3EB
:101A7000002A00D0B8E00322836802935B68934396
:101A80000393AB4203D35A1B0F2A00DD1FE1029BD5
:101A9000039A08209E18584B1B6810335F1901F0F9
:101AA0000BFC564B04901B68013303D0013F3B18DD
:101AB00047421F403900019801F0AAFB0400431C73
:101AC00000D1DAE0864204D9484B029A9A4200D00B
:101AD000D3E04B4A1368FB181360049A013AA642FC
:101AE00000D093E0164200D090E0404B9A68039BF0
:101AF000DF1901233B435360414B424A1B68116885
:101B00008B4200D91360404A11688B4200D8B4E080
:101B10001360B2E0500A042811D891093831CF007F
:101B2000BF19B868874225D1012289108A406146D1
:101B30000A437260E760A060BC60C4606DE714286F
:101B400002D801005B31EAE7542802D8110B6E314C
:101B5000E5E7AA214900884202D8D10B7731DEE7B8
:101B6000244F7E21B842DAD8910C7C31D7E78068C7
:101B7000874204D003264168B1439142F7D8C76831
:101B8000D8E703276168B9430391E768491B0F2928
:101B900010DD0122631915436560A5680A43EF60F3
:101BA000BD604361036112485A60D8609860039B2E
:101BB000E150C2E6002909DB039BE11801234A68D2
:101BC00013434B60A368DF60BB60B6E63C0039E7B7
:101BD0003168083E013BB14200D13EE743E70433A0
:101BE00052000A42FBD027E7029BFAE7DC02002002
:101BF000E402002054050000E4940120D4020020F7
:101C0000B4940120E0940120DC9401203549086857
:101C1000013040D10C600721260000230E400C4209
:101C200002D008339B1BE418E1190591059F049924
:101C30001740CB18DF1B17403900019801F0E8FA74
:101C4000431C07D1371E059804D030000027059BA0
:101C500008381818244A001B1368C019DB191360D0
:101C60000122224B029910439C606060994200D18E
:101C700042E7039B0F2B13D8626003221B4B9B6828
:101C80005B6893435A1BAB4201D30F2A1FDC0198B8
:101C900000F036F829E61449A61BF6180E60BAE7DC
:101CA0000721039B0C3B8B43029949680A40029928
:101CB0001A434A60CA180521516091600F2B00D861
:101CC0001AE702990198083101F082FB14E7012319
:101CD0001800064928438C681343651960608D60BD
:101CE0006B602AE6D4020020B4940120DC020020BC
:101CF00010B5024801F0DEFA10BDC046289601205A
:101D000010B5024801F0D7FA10BDC0462896012050
:101D1000094B10B51C68094A983420686168084B63
:101D2000DEF730FC012200238018594120606160F9
:101D30004800400810BDC0465C0800202D7F954C2F
:101D40002DF4515810B5034B0A000100186800F03B
:101D500003F810BD5C080020F0B587B00C1E03909E
:101D6000059206D11100FFF7B3FD0700380007B058
:101D7000F0BD0398FFF7BCFF2300083B5F680293A8
:101D80003A0003239A43059B04920B33162B08D980
:101D900007229343019306D50C23039A136000276F
:101DA000E4E710230193059B019A9342F4D8049B26
:101DB000019A934200DB6DE1049A029BBA489B189A
:101DC000826894465A689C4506D001251100A943B3
:101DD00059184968294244D103218A4304998E182D
:101DE00001999C4517D11031B1423CDC019A012187
:101DF0009446B61A2200029B0E4363448360083A5D
:101E00005E60536803980B4061460B435360FFF7D5
:101E100077FF2700AAE7B14225DCDA689B68DA6021
:101E20009360019B029AF41A029B9219586801234D
:101E300018400F2C00D82FE1019D02992843491921
:101E4000029D1C4368604C60506808310343536036
:101E5000039801F0BDFA0398FFF752FF029F08377D
:101E600084E700221300FF0700D5C6E0210003200D
:101E700008390D6802994D1B6968814304980F1851
:101E8000002B00D184E0D6199C4548D1019B10332A
:101E9000B3427DDCAA68EB682F00D3609A60020031
:101EA000043A0837242A35D83B00132A08D9236876
:101EB000AB606368EB601B2A1AD82B000834103320
:101EC00022681A6062685A60A2689A60019B764A2A
:101ED000EB189360019AB61A012216435E606B6894
:101EE0001340019A13436B600398FFF709FF3DE726
:101EF000A3682B61E3686B61242A03D02B001034A4
:101F00001833DDE72369AB612B0062692033EA6196
:101F10001834D5E72100380001F0A6F8D6E7019A79
:101F2000B24235DC2800DA689B680830DA609360DA
:101F3000AA68EB68D3609A60049A043A242A23D8EA
:101F4000132A07D92368AB606368EB601B2A09D8A2
:101F5000083408302368036063684360A3688360C3
:101F600002955EE7A3682B61E3686B61242A03D0C6
:101F7000280010341830EDE7280023692030AB61C9
:101F800063691834EB61E5E7210001F06DF8E7E7DC
:101F9000019BBB4231DC2800AA68EB680830D360A3
:101FA0009A60049A043A242A23D8132A07D923686A
:101FB000AB606368EB601B2A09D8083408302368DB
:101FC000036063684360A36883603E00C8E7A3685A
:101FD0002B61E3686B61242A03D028001034183089
:101FE000EDE7280023692030AB6163691834EB61A9
:101FF000E5E7210001F038F8E7E705990398FFF7D6
:1020000067FC071E03D10398FFF77AFEC7E623009B
:102010000122083B5B689343029AD3180200083AF6
:10202000934205D15E6803239E43049BF618F8E6AD
:10203000049A043A242A29D803002100132A08D933
:1020400023680360636843601B2A0DD803000831CE
:1020500008330A681A604A685A608A689A602100E0
:10206000039801F0B5F93FE7A3688360E368C360B4
:10207000242A03D0030010311033EAE72369183112
:1020800003610300626918334261E2E7210000F056
:10209000EBFFE4E7049EC4E6029906434E605168F4
:1020A0000B435360D7E6C046DC02002070B5160033
:1020B0000D0002F0EBF8002E0DD06B236A00520DDC
:1020C0009B1A002B07DD0024034A1B059D182B00DB
:1020D0002200DFF789FF70BD0000F03FF0B5A3B02C
:1020E0001B92002200260027059009911E921D9147
:1020F0000A782B2A53D03FD80D2A39D8082A39D844
:10210000002A42D00022129200211D9D0C912A78B3
:10211000302A00D083E06A7820318A43582A00D0E0
:1021200073E00293129B954A01931EAB00930598AE
:102130001FAB1DA901F066FA0F2302001A4004002C
:102140000692184205D0062A2BD1002301351D9591
:1021500012931B9B002B02D01D9B1B9A1360129B9A
:10216000002B19D0802330001B06F91823B0F0BDD6
:10217000202AC7D10131BAE72D2AC3D12C3A1292B5
:102180004A1C1D924A78002ABED1099B1D93002348
:1021900012931B9B002BDFD130003900E6E70022B1
:1021A000EDE71E9A002A07D0352120A802F064F935
:1021B0001E99059801F052FD06981F9B01380428CE
:1021C00006D8DDF7B3FF12031C1E1200209E219FCC
:1021D000E40502D580231B061F43694B3B42B8D15F
:1021E00001F03CF822230360B3E76649219A209E60
:1021F0000A4065495B181B051A431700E8E7604F62
:10220000E6E70126614F7642E2E71D9B5A1C1D92CC
:102210005B78302BF9D0002B9BD001230C93002549
:102220000A221D9B0D95139308951D980478230091
:10223000303BD9B2092927D90122554900F04AFF7C
:10224000002831D0002023008446089A0E90069280
:102250002022190091430A0000210791452A00D04D
:10226000C0E0069B0C9A034313438B428DD01D9B09
:10227000099301331D93099B5B782B2B70D00C00C5
:102280002D2B73D101246CE00899082909DC0D99E4
:1022900051435B180D93089B0130013308931D9047
:1022A000C3E755435D19F6E71D9B5A1C1D92089A1A
:1022B0005B78002A3AD00E9006921A00303A092A2A
:1022C00012D901229446C3E71D9B01305A1C1D926E
:1022D0005B78302BF8D01A00313A082A3BD80E90A0
:1022E00000201D9A069013921A00411C303A302BA0
:1022F00016D00E9B5B180E93069B0A219C468444C5
:102300009C4515D10699069B013109181B180691A9
:10231000082B19DC0A230D994B430021D3180D9388
:102320001D9B08005A1C1D925B78C6E70898D0E7F1
:102330005C1C082B04DC0D9B4B430D932300DFE753
:10234000102CFBDC4D43F9E700210F2BE8DC0A23BE
:102350005D435519E4E700220E9206920132B1E77F
:102360000024099B02331D93099B9B781A00303A85
:10237000092A13D9099A1D92002232E088AE020878
:102380000000F07FFFFFEFFF33040000FFFFFF7F3F
:1023900070AE02081D9B5A1C1D925B78302BF9D041
:1023A000002207921A00313A082A1BD8303B1093BA
:1023B0001D9B07931D9B591C1D915B781A00303A99
:1023C000092A3AD9079A8A1AB4490791082A04DCDB
:1023D000109A07928A4200DD0791002C02D0079ADA
:1023E00052420792069A002A4DD10C9A104300D00F
:1023F000AFE66246002A00D0C7E6692B27D023DC6F
:10240000492B24D04E2B00D0BFE6A5491DA801F0D2
:102410002FFB002800D1B8E61D9B1B78282B2CD160
:10242000A04920AA1DA801F037FB052825D1219B32
:102430009D4A209E1A4317008BE60A2210994A43B0
:10244000D218303A1092B5E76E2BDED09DE6974950
:102450001DA801F00DFB002800D196E61D9B9449B4
:10246000013B1DA81D9301F003FB002802D11D9B19
:1024700001331D9300268C4F6BE68E4800F038FF29
:1024800006000F0065E6079B0E9A9B1A0C93089BAB
:10249000002B01D1069B0893069C102C00DD102414
:1024A0000D98E0F791FC069B06000F00092B13DC4A
:1024B0000C9B002B00D14CE60C9B002B00DC7EE03B
:1024C000162B63DC7C49DB00C918320008684968B8
:1024D0003B00DFF789FDD3E72200774B093AD200B2
:1024E0009B181A685B68DFF77FFD060028000F0065
:1024F000E0F76AFC0B00020039003000DEF7CCFD8B
:10250000069B06000F000F2BD2DD069B1C1B0C9BAD
:10251000E418002C00DC9BE00F222300134014423F
:102520000AD06549DB00C9183200086849683B00D9
:10253000DFF75AFD06000F000F239C4373D02633AC
:10254000FF339C424BDD0023069307930D930893C2
:1025500022230026059A544F13600D9BB34200D1ED
:10256000F7E51E99059801F079FB0899059801F0A7
:1025700075FB0799059801F071FB0D99059801F01D
:102580006DFB0699059801F069FBE2E52523069AA3
:102590009B1A0C9A9342B8DB0F24069B464DE41A13
:1025A000E10069183200086849683B00DFF71CFD4C
:1025B0000C9B1C1BE4002D192A686B6889E70C9B97
:1025C0001633A2DB07990E9A3B4B521AD2009B1886
:1025D00030001A685B683900DFF7C2F850E7002363
:1025E00030003900354D24110993012C1EDC002BDD
:1025F00001D006000F00324B099AFF182F4BD5006F
:102600005D193200286869683B00DFF7EDFC264B56
:102610002C4A06000B40934295D82B4A934213D97B
:1026200001262A4F76420023099386E001221442B4
:1026300004D02A686B68DFF7D7FC0123099A64107D
:10264000013209920835D0E7D4239B04CF18EAE77A
:10265000002CE8D064420F2322001A401C420AD00A
:10266000154BD2009B1830001A685B683900DFF701
:1026700077F806000F002411D5D01F2C28DD002389
:10268000069307930D9308932223059A002613605F
:102690000D9B0027002B00D063E75AE51F4E00007A
:1026A000A5B1020874AE02080000F07F9DB10208D7
:1026B0002BB2020827B20208D0B00208A8B0020864
:1026C0000000B0FC0000A07C0000907CFFFFEF7FCA
:1026D000102322001A4009921C4201D05A33099358
:1026E000300039000023BF4D0122144204D02A6873
:1026F0006B68DFF779FC012364100835002CF3D1F7
:10270000002B01D006000F00099B002B0DD06B237E
:102710007A00520D39009B1A002B06DD1F2B5ADD63
:102720000026342B50DDDC27BF04002200233000BC
:102730003900DDF795FE0028A1D10D9B089A009382
:102740001399069B059801F0D7FA0D90002800D147
:10275000F9E60C9B0799DA170E9B5B1A1A400C9B43
:102760001792DB430C9ADB171A4000231A92069348
:1027700007930D9B0598596801F048FA08900028C6
:1027800000D1E5E60D9B0C3019001A690C310232BC
:10279000920000F0A4FD20AB01931FAB0093320028
:1027A0003B0005981096119701F0DCFD1E90002863
:1027B00000D1CDE60121059801F03AFB07900028F1
:1027C0000ED100230793C3E64B239A1A4C3B934048
:1027D00019400F00A9E7012252429A401640A4E78F
:1027E0001F9B1A9A179DD41A002B01DB1A9C5D19A6
:1027F0000999209A5B1A36219B188A1A7A49012076
:102800008C460021013B16911490634506DA61461F
:10281000C91A521A1F293FDC88401490AB180E9336
:10282000A418099B0E9A1C192B00954200DD130079
:10283000A34200DD2300002B04DD0E9AE41AD21A15
:102840000E92ED1A179B002B16DD1A0007990598BA
:1028500001F0B8FB07900028B3D001001E9A05983C
:1028600001F0FEFA1390002800D171E61E99059838
:1028700001F0F4F9139B1E930E9B002B12DC0C9BB2
:10288000002B18DD1A9A0899059801F09BFB089017
:10289000002810D100235AE65449CB1A0100994070
:1028A0001691BAE70E9A1E99059801F0CDFB1E907D
:1028B0000028E4D14CE6002C07DD22000899059899
:1028C00001F0C2FB08900028E4D0002D08DD2A00AA
:1028D0000799059801F0B8FB0790002800D137E66A
:1028E000089A1E99059801F037FC0690002800D13F
:1028F0002EE6C368079913930023C36001F010FC10
:1029000000283BDA139B334367D13B0365D1D622C2
:10291000374BD2043B4093425FD9069B5B69002B47
:1029200003D1069B1B69012B57DD069901220598EF
:1029300001F08AFB0799069001F0F2FB00284CDDBC
:102940002B4B099A3B40002A74D0D622D2049342E2
:1029500070D8DC229204934200D895E6300039000A
:10296000244B0022DFF740FB214B06000F000B42F7
:1029700000D0F6E52223059A1360F2E50E970028B1
:1029800075D1139A3B031B0B002A39D01A4A934284
:1029900038D10121099B494232000800002B0BD09D
:1029A000D424134B08003B40E404A34204D86C3009
:1029B0001B0DC31A99400800824223D10F4B0E9978
:1029C000994202D1013200D1C2E5094B0E9A00268C
:1029D0001A401300802252039F18099B002BBDD17F
:1029E000BFE5C046A0AE020802FCFFFFE2FBFFFF0E
:1029F0000000F07F00005039FFFF0F00FFFFEF7F66
:102A000033439DD0169B002B1CD00E9B169A13426D
:102A1000E3D0139B30003900099A002B16D0FFF742
:102A200045FB02000B0010981199DEF735FB0600FC
:102A30000F00D2E70126924A76429B18914A1A4328
:102A40001700CAE7149B3342C7D0E2E7FFF72EFB1B
:102A500002000B0010981199DFF78EFD0022002371
:102A600006000F00DDF7FCFC0028B6D00CE6079945
:102A7000069801F0D7FC80230022DB0504000D003E
:102A8000DDF7FEFC00286CD0139B002B77D1002EC5
:102A900057D10E9B1B035AD10022200029007A4BEC
:102AA000DDF7E4FC002859D1200029000022774BF3
:102AB000DFF79AFA04000D0080231B06EB180A9436
:102AC0000B930A9A0B9B14921593714A0E9B134019
:102AD0001693169A6F4B9A4200D087E06E4A0E9B6F
:102AE000944663441F003000190001F0CFFB0A9A9E
:102AF0000B9BDFF779FA32003B00DEF7CDFA644A30
:102B0000664B06000A409A4240D9119B644A9342A0
:102B100003D1109B013300D11AE50126604F7642A4
:102B20001E99059801F09AF80899059801F096F811
:102B30000799059801F092F80699059801F08EF82A
:102B400017E6012E03D10E9B002B00D19CE500233C
:102B5000544C4D4D0A930B940024B2E700244B4D86
:102B6000AAE720002900494B0022DFF73DFA139B1A
:102B700004000D00002B9FD00A940B95A1E70023C1
:102B8000414C25000A930B941C009AE7D4239B0424
:102B9000CF18099B1097002BC2D13D4B169A3B4092
:102BA0009A42BDD120002900DDF750FDDDF788FDF8
:102BB00002000B0020002900DFF7DEFC3C03139B22
:102BC000240B34430E900F91374A1C4352D0374B9D
:102BD000DDF74CFC002800D0C3E40E980F99344A6E
:102BE0002A4BDDF757FC00289AD0BAE4099B002B4A
:102BF0002AD0D423169ADB049A4225D82000290033
:102C00002C4A2D4BDDF73CFC002816D02000290073
:102C1000DDF7FEFC002800D10130E0F7D5F8139B6A
:102C200004000D00002B22D180231B06CB18189026
:102C30001993189A199B14921593D622159BD204B6
:102C40009B18169A9B1A159310981199149E159F0C
:102C500001F01CFB02000B0030003900DFF7C4F963
:102C6000109A119BDEF718FA06000F0091E71894EE
:102C70001995DEE7114B0E980F99DDF7F7FBB2E7D8
:102C80000000F0FFFFFF0F000000F03F0000E03FFA
:102C90000000F07F0000E07F0000B0FCFFFF9F7CA1
:102CA000FFFFEF7F0000F0BF9535A094FFFFDF3FEF
:102CB00035E5AF350000C0FFFFFFDF41FFFFCF3F2D
:102CC00010B5044C0A000100034B2068FFF706FA18
:102CD00010BDC0465C080020F0060020F0B585B0AD
:102CE00017001E0003900191242B44D80C00012BE7
:102CF00041D03D4B08229C46230061461D7801349B
:102D0000485D010011401042F6D12D2D3AD12578B1
:102D10009C1C0123009310223300934309D1302DD2
:102D200036D1202123788B43582B31D1160065787A
:102D300002342E4A009B94466344310018000293EB
:102D4000DDF78EFA0022844610002B00303B092B61
:102D500025D81D00AE4231DD531C09D0012252425C
:102D6000844505D301D1A94225DB012270432818EF
:102D700025780134E9E700F071FA1623036000209A
:102D800005B0F0BD00912B2DC5D125789C1CC2E764
:102D9000002ECED10836302DCBD00236C9E72B001D
:102DA000413B192B01D8373DD4E72B00613B192B50
:102DB00004D8573DCEE701225242D9E7531C08D12F
:102DC0002223039A02981360002FD9D0631E019327
:102DD00007E0009B002B00D04042002FD0D0002AFB
:102DE000F4D1019B3B60CBE7C9AE0208FFFFFF7F38
:102DF00010B5044C13000A0001002068FFF76EFFB5
:102E000010BDC0465C080020002310B5040003601C
:102E10004360836081814366C28103614361836152
:102E2000190008225C3000F032F90B4BE461236298
:102E30000A4B63620A4BA3620A4BE3620A4B9C4251
:102E400005D00A4B9C4202D0094B9C4203D1200082
:102E5000583000F02DFA10BDD12F0208F92F0208CA
:102E6000313002085D300208E894012050950120BD
:102E7000B895012010B5034A0349044800F06CF8E6
:102E800010BDC046E40600209159020860080020E9
:102E900041680B4B10B50400994201D002F078FD57
:102EA000A168084B994202D0200002F071FDE16850
:102EB000054B994202D0200002F06AFD10BDC046C9
:102EC000E894012050950120B895012010B5094BD8
:102ED000094A04211A6009480022FFF795FF0122E0
:102EE00009210748FFF790FF022212210548FFF74A
:102EF0008BFF10BD20960120752E0208E89401205A
:102F000050950120B895012010B5024800F0D2F983
:102F100010BDC0462A96012010B5024800F0CBF93A
:102F200010BDC0462A96012010B50400FFF7ECFF43
:102F3000636B002B02D0FFF7EFFF10BD044B636300
:102F4000044B1B68002BF6D1FFF7C0FFF3E7C04628
:102F5000912E020820960120F7B51400002600905B
:102F60000191A5686768013F04D52468002CF8D159
:102F70003000FEBDAB89012B08D90E22AB5E0133B8
:102F800004D029000098019B984706436835EAE77A
:102F90000EB400B50B499CB01DAB02900690079192
:102FA00004910948094904CB0591006802A90193DD
:102FB00001F0B4FA0022029B1A701CB008BC03B0E6
:102FC0001847C046FFFFFF7F5C0800200802FFFF94
:102FD00070B50C000E25495F00F006F9002803DBF0
:102FE000236D1B18236570BDA389024A1340A3817A
:102FF000F9E7C046FFEFFFFFF8B51F008B8905001A
:103000000C001600DB0505D50E23C95E0022022345
:1030100000F0D6F8A389054A28001340A3813200A6
:103020000E23E15E3B0000F005F9F8BDFFEFFFFF66
:1030300070B50C000E25495F00F0C2F8A389421C50
:1030400003D1054A1340A38170BD8022520113436E
:10305000A3812065F8E7C046FFEFFFFF10B50E2300
:10306000C95E00F09BF810BD10B5884206D8002359
:103070009A4208D0CC5CC4540133F9E78B189842CB
:10308000F5D2013A00D210BD8B5C8354F9E70300FE
:103090008218934200D1704719700133F9E702009A
:1030A00010B5137814000132002BFAD1CA5CE25437
:1030B0000133002AFAD110BDC9B20378002B04D025
:1030C0008B4200D170470130F7E74B4259414942EA
:1030D0000840F7E730B50500101E0BD00024013A78
:1030E0002B5D085D834204D1A24202D00134002B43
:1030F000F6D1181A30BD030030B51D00002A06D0E5
:103100000C78013A01332C700131002CF5D10021EB
:103110009A18934200D130BD19700133F9E70000CD
:10312000034B10B51A680123503200F003F810BDAC
:103130005C080020F0B5041E02D11468002C09D0F0
:1031400020000E00057801343778002F04D1002DBF
:103150000DD11560002006E00136BD42F4D1002BF0
:10316000EED114600370F0BD0133002D02D10B00CD
:10317000267801341D78AE42F6D100231D009E4210
:1031800002D02300611E0D701360ECE79422024B05
:103190005200985C7047C046F0060020002370B5CE
:1031A000064D040008002B6004F0D6FD431C03D13B
:1031B0002B68002B00D0236070BDC04624960120F0
:1031C00070B50400080011001A000023054D2B60A3
:1031D00004F0EAFD431C03D12B68002B00D02360D0
:1031E00070BDC0462496012070B50400080011008F
:1031F0001A000023054D2B6004F0DEFD431C03D1B3
:103200002B68002B00D0236070BDC046249601209F
:10321000002370B5064D040008002B6004F0D4FDB7
:10322000431C03D12B68002B00D0236070BDC04627
:103230002496012070B50400080011001A00002334
:10324000054D2B6004F0D0FD431C03D12B68002BEF
:1032500000D0236070BDC04624960120014B186841
:103260007047C0465C08002070B500260C4C0D4D20
:10327000641BA410A64209D1002604F0BFFD0A4C2D
:103280000A4D641BA410A64205D170BDB300EB58D3
:1032900098470136EEE7B300EB5898470136F2E75E
:1032A000B8B20208B8B20208C0B20208B8B2020846
:1032B0007047704770477047802310B5082804D0C6
:1032C000FFF7CCFF16230360173B180010BD030067
:1032D0000A7801311A700133002AF9D170470023AE
:1032E00010B59A4200D110BDCC5CC4540133F8E74C
:1032F000002001497047C0460000F87F034B10B51D
:10330000002B02D0024800F005F810BD00000000BC
:10331000BD5B0208002310B501001A00180002F07E
:103320009FFC10BDF7B5040008200D00FFF7C4FF97
:1033300006002000FEF7DCFC0322224F3100BB68B0
:103340005B68934318001138401B80190193DCF728
:1033500001FF451E7543AE4204DD2000FEF7D0FCA0
:103360000020FEBD00212000FFF752FFBB68019A3C
:103370009B189842F1D120006942FFF749FF0130C4
:1033800010D100212000FFF743FFBA68811A0F29EE
:10339000E3DD0D4D0D4B2D68401B186001230B43E1
:1033A0005360DAE70126019BBA685B1B3343536025
:1033B000064A200013685B1B1360FEF7A1FC300077
:1033C000CFE7C046DC020020D4020020B4940120E4
:1033D000F7B50D1E01902DD0FEF78AFC01232900C0
:1033E0009C4608394F6862463B0064469343C818C0
:1033F0004568023295434A4A2740966886421AD168
:103400005B19002F06D10868091A8D681B18C86857
:10341000E86085600120184348609160414A126865
:103420009A4204D8404B01981968FFF77BFF019836
:10343000FEF766FCF7BD00264560B74209D10F686C
:103440003A4CC91BDB198F68A7422CD0CC68FC60B2
:10345000A76047197C6801273C420BD15B1985683E
:10346000002E22D1314CA5421FD13E005161116185
:10347000CD608D600125280018434860CB50002E98
:10348000D5D180208000834213D2D8085B099D40AB
:1034900053681D43C3009B1855609A68CB608A60CF
:1034A0009960D160C3E76646D3E7C068E86085608D
:1034B000E0E75D0A042D12D898093830C600B61826
:1034C000B5680327AE4225D10123801083405068A0
:1034D00003435360CE608D60B160E960A7E7142DAF
:1034E00002D828005B30E9E7542D02D8180B6E3063
:1034F000E4E7AA204000854202D8D80B7730DDE708
:103500000B4E7E20B542D9D8980C7C30D6E7AD68FA
:10351000AE4203D06A68BA439A42F8D8EE68D9E757
:10352000DC020020D8020020E4940120E402002004
:10353000540500000200F0B5046985B014324B1147
:10354000160002939C4231DD1F260F009B00A50050
:10355000D318374055190093019731420DD1160009
:1035600019008D4236D8009B0026033B9D4202D3B2
:10357000029BE41AA600961918E02021019E019FE3
:10358000891B009E039102CE9446F940B54216D89D
:10359000009B002601339D4203D3029BE41AA60040
:1035A000043E96193160002900D00436B11A891002
:1035B0000161964201D10023436105B0F0BD376837
:1035C000039B9F400F43614680C18C46019B02CE06
:1035D000D940DBE780C980C6C3E70200303A030068
:1035E000092A02D8203BD8B270470200613A052A66
:1035F00001D8473BF7E71A00413A0020052AF3D8E3
:10360000273BF0E7F0B589B007930B680192039070
:1036100006919A1C11000132501E00783028F9D012
:10362000CB1A023B05930091FFF7D7FF00231D0043
:10363000029398421ED10122A6490098FFF74AFD45
:103640000700A84200D06AE0009B58785C1CFFF796
:10365000C4FF01230293A8422FD00094009B187846
:10366000302809D0FFF7B9FF42424241012325002B
:1036700002920593009C04E0009B01330093EDE768
:1036800001342078FFF7A9FF071EF9D1012220009D
:103690009049FFF71FFD00280DD1002D06D1013400
:1036A00025002078FFF799FF002802D12D1BAF00DD
:1036B00003E00134F5E7002DF8D12022237826001D
:1036C0009343502B1DD163782B2B2DD02D2B2FD036
:1036D0000023661C04933078FFF77FFF431EDBB2A4
:1036E0000500182B2AD87078FFF777FF431EDBB24E
:1036F0000136103D182B1DD9049B002B00D06D42C4
:103700007F19069B1E60029B002B19D0059B062685
:103710005A4253415B421E40300009B0F0BD0123C4
:103720000027009C0293C8E700230493A61CD2E75D
:103730000123FAE70A235D432D18D4E72600E0E7CA
:10374000009B0299E31A013B072B0ADC039800F067
:103750005DFA051E08D12A00E4215F4B5F4802F0A4
:10376000BFFA01315B10EFE70300143302930593B6
:1037700000231E000493009BA34238D3059C029BA8
:1037800040C4E41AA41030002C6100F001FB019B3E
:1037900064011B68261A00939E4252DDF61A31001E
:1037A000280000F08AFE041E0FD001241F232000F1
:1037B000721E134098400300511102988900095865
:1037C000194202D0A24234DC022431002800FFF763
:1037D000B1FEBF19019B9B68BB4242DA29000398E6
:1037E00000F03CFA00230E9AA326136094E7013CF4
:1037F00023782E2B12D0049B202B04D1059B40C391
:103800000026059304962078FFF7E7FE0F23184063
:10381000049B9840043306430493ACE7009BA34207
:10382000E9D8012220002B49FFF754FC0028E2D1FF
:10383000A1E72800B11E00F040FE0028C4D00324F8
:10384000C3E7009B00249E42C4DA9E1B290032007D
:10385000039800F0F9FB030014330500BF1B02932B
:10386000B8E7019B5E68BE426FDD009BF61BB3426A
:1038700036DC019BDB68022B24D0032B26D0012BE6
:1038800017D1009BB34214D1012B0BD1019B079A96
:103890005B68622613600123029A2B6113600E9B02
:1038A0001D6039E700992800013900F006FE002864
:1038B000ECD12900039800F0D1F900230E9A50268C
:1038C000136029E70F9B002BF3D1DFE70F9B002B41
:1038D000DCD1EEE770AE0208D1AF0208E2AF020819
:1038E000771E002C2FD1002F04D03900280000F0C3
:1038F000E4FD04001F237A111F401E3BBB400299C8
:10390000920052581A4201D002231C43009B3100FE
:103910009B1B022628000093FFF70CFE019B5F68AB
:10392000002C3FD0019BDB68022B10D0032B12D060
:10393000012B06D1A20704D5029A126814431C4237
:103940000CD110232DE00124D4E70126E8E7012360
:103950000F9A9B1A0F930F9B002BF2D02B6900201C
:1039600002939B0004932B00049A143399181A684D
:10397000541C1CD001321A602B001433022E3FD18C
:10398000019A00991268013A8A4209D10A001F205F
:1039900010400122824049118900CB5813423DD189
:1039A00020231E430E9B1D60079B1F60B4E601C3CE
:1039B0009942DCD8AB68029A9A4218DB696803988E
:1039C000013100F023F9041E04D1220084211D4B93
:1039D0001D48C4E629002A690C31023292000C30DD
:1039E000FFF77DFC2900039800F038F925002B69CA
:1039F0005A1C2A61012204339B00EB185A60BBE772
:103A00002A6902998A420BDD01212800FFF792FD05
:103A1000019B01379B68BB4200DADFE60126BFE766
:103A20001F22009C009914401142F7D0049A9B1861
:103A3000043B186800F0ACF920231B1B9842E3DB21
:103A4000ECE7C046D1AF0208E2AF0208082370B528
:103A500020259A1A9200AD1A436804681E00AE40F1
:103A6000D34034430460436004308842F4D370BDD3
:103A700030B503680C780133002C02D103600120BB
:103A800030BD1A781500413D192D00D82032013182
:103A9000A242EFD00020F3E7F0B50B688BB00192A3
:103AA00001995A1192008A18029219001F2211409E
:103AB00008900691134202D0029B04330293029BAA
:103AC00000251F1F3E003C00089B3D601B680795BA
:103AD00005930395059B01330993059B5B7804933C
:103AE000002B28D00498FFF778FD002855D1049BBF
:103AF000202B19D8039B079A934212DDB44206D2B9
:103B0000072D04DC2A0031002000FFF79FFF019BF6
:103B100008259C4205D9261F00253400039B3560EB
:103B20000793099B0593D5E7049B292B5AD1059B45
:103B3000089A02331360039B002B53D0B44206D281
:103B4000072D04DC2A0031002000FFF77FFF019BD6
:103B50009C4236D91A00230002CB02C29F42FBD2FC
:103B6000029B611CDA1E0423914205D8029B043B90
:103B70001B1B9B0801339B00019AD318002204C32E
:103B80009F42FCD23B68002B04D1019B9F4227D16E
:103B900001233B6005200BB0F0BD039B01350133D1
:103BA0000393082D06DD019B9C42BAD90023012511
:103BB000043C23600F22236810401B010343236051
:103BC000AFE7069B002BDDD02023069A02999B1AB3
:103BD00001225242DA4004390B6813400B60D1E7EE
:103BE000043FCFE70420D6E782B0002900D101A925
:103BF000101E06D0002B06D013780B601078431EE1
:103C0000984102B0704702204042FAE7436C70B519
:103C100006000C00002B12D0736CA2009B181868D1
:103C2000002815D101210D00A5406A1D3000920029
:103C300002F074F8002809D0446085600AE021226F
:103C4000042102F06BF870640028E5D1002070BDFB
:103C500002681A6000230361C360F8E7002906D0F8
:103C60004A68436C92009B181A680A601960704792
:103C7000F7B50F0001900C001E0000200D691437ED
:103C80003B68013099B251431B0C534389190E0C08
:103C90009B191E0C89B21B045B1808C78542EFDC18
:103CA000002E22D0A368AB4219DC61680198013173
:103CB000FFF7ACFF071E05D13A00BA210C4B0D48A7
:103CC00002F00EF8210022690C31023292000C3011
:103CD000FFF705FB21000198FFF7C0FF3C002B1DFB
:103CE0009B00E31801355E6025612000FEBDC046E3
:103CF000D1AF020842B00208F7B5070018000C0067
:103D00000830092101931500DCF7AEFA01230021E8
:103D100083420ADB3800FFF779FF011E08D10A0051
:103D2000194B1A48D33101F0DBFF5B000131EFE79B
:103D3000089B436101230361092D18DD230009332A
:103D40001E000093641933780A223800303BFFF7D5
:103D50008FFF01360100A642F5D12C00009B083CE4
:103D60001C192E00019B9E4204DB0800FEBD0925A4
:103D70000A34F6E7631B9B5D0A223800303BFFF7ED
:103D800077FF01360100EDE7D1AF020842B002082B
:103D90008022030052020020934201D21B04103003
:103DA00080225204934201D208301B028022520525
:103DB000934201D204301B018022D205934201D2EA
:103DC00002309B00002B03DB0130134200D1202086
:103DD00070470368010007221800104013420DD0FD
:103DE000063A0020134205D10230034203D0D340EB
:103DF00010000B6070479B080B60FBE79AB2002A2B
:103E000001D110201B0CDAB2002A01D108301B0AA4
:103E10001A0701D104301B099A0701D102309B080F
:103E2000DA07E9D401305B08E6D12020E2E70000A0
:103E300010B50C000121FFF7E9FE002807D146214B
:103E4000054C0200054B2000FF3101F049FF012322
:103E50004461036110BDC04642B00208D1AF020800
:103E6000F0B514000A6923690D008BB09A4202DB99
:103E700023000C001D0027692E696168BB1903939C
:103E8000A368BA19934200DA0131FFF7BFFE02902E
:103E9000002806D1B121494B4948029A490001F056
:103EA0001FFF029B002214339C46BB199B006344F6
:103EB0000493634604998B422AD32300BF00143332
:103EC00014350893B600DB190593AB190993042345
:103ED00006932300059A153301959A4205D3131BC7
:103EE000153B9B0801339B000693019B099A934263
:103EF00010D3039B002B05DD049B043B04931B683C
:103F0000002B56D0029B039A18001A610BB0F0BD2B
:103F100004C3CFE7019B186880B200281ED0674613
:103F20000025089E02CE3B6807938BB243431A00DC
:103F30006B46090C9B8B4143D318079A5B19120CF3
:103F400089181A0C8A189BB2150C12041A43059B87
:103F500004C7B342E6D86346069A9D50019B186891
:103F6000000C20D063462500614600271B681435ED
:103F70002A680E6892B24243360C9219D21916047E
:103F80009BB21E430E6040CD4B68360C46439BB23D
:103F9000120CF3189B18059A1F0C0431AA42E7D89B
:103FA000624606995350019B0433019304239C44B9
:103FB0009BE7039B013B03939BE7C046D1AF0208FD
:103FC00042B00208F7B50323150007000E001A409F
:103FD0001D4208D01A49013A92005258002331007C
:103FE000FFF746FE0600AD1027D03C6C002C07D131
:103FF00038001449FFF71CFF0023040038640360F5
:1040000001231D420AD0310022003800FFF728FFAB
:10401000310001903800FFF721FE019E6D100CD099
:104020002068002807D1220021003800FFF718FF80
:104030000023206003600400E2E73000FEBDC046BC
:104040009CB0020871020000F0B50C001600236954
:10405000571185B0FB180193013300934968A36899
:104060000290009A934210DB0298FFF7CFFD0023E5
:10407000010005001A00143198420CD1EF212A00EA
:10408000254B2648490001F02BFE01315B00E8E793
:1040900098000A500133BB42FADBFB43DB171F4099
:1040A000BF0023001F20C919370022691433920072
:1040B0009A180740064229D00130C01B03908C4655
:1040C00000201E68BE400643604640C08446039EF2
:1040D00001CBF0409A42F4D8260015360423B242B0
:1040E00004D3131B153B9B0801339B00C8500028C9
:1040F00002D0019B02330093009B0298013B2100F8
:104100002B61FFF7ABFD280005B0F0BD01CB01C16D
:104110009A42FBD8F0E7C046D1AF020842B002088D
:1041200030B50B6904690200E01A9C420FD11432C9
:104130009B0014311400C918D218043A04391568C8
:104140000B689D4204D001209D4200D2023830BD50
:104150009442F2D3FBE70000F0B50C0087B000906A
:10416000110020001700FFF7DBFF051E10D1010032
:104170000098FFF74BFD021E04D1404B40484149D7
:1041800001F0AEFD012345610361100007B0F0BDF1
:104190000026B04203DA23003C001F0001366168AC
:1041A0000098FFF733FD021E03D1344B34483649E3
:1041B000E6E72369143400939B00E318210001947F
:1041C0003C0002933B6914349B00E3180393030003
:1041D000C6608C460020143304930593634620CBBD
:1041E000A9B20E009C4608CC2D0C99B2711A091880
:1041F0001B0C0814EB1A1B18181489B21B04194362
:10420000059B02C30593039BA342E7D83900039C97
:10421000153104238C4204D3E31B153B9B08013367
:104220009B000199CD1804992E00CB181F0002990C
:104230008E4211D3029CE91E00208C4204D321003F
:104240000331491B890888001B18043B19680029A1
:1042500010D0009B136198E7844602CE88B2604478
:1042600000140C0C04196144201489B22404214365
:1042700002C7DCE7009901390091E6E7D1AF0208F7
:1042800042B00208370200004502000010B50024C9
:104290000C4B0D4A0B409B18A34206DC5B421A15DF
:1042A000132A05DC80231B0313411900200010BDD5
:1042B000143A01241E2A02DC80242406D440002360
:1042C000F3E7C0460000F07F0000C0FCF7B5060031
:1042D000036914369B00F3181D1F2C680F00200083
:1042E0000193FFF755FD2022121A3A6003001C4A81
:1042F0000A2815DC0B212700091ACF403A438C46C7
:1043000011000022AE4202D2019A083A1268153317
:104310009C4063462700DA401743380003B0F0BDE5
:104320000027AE4202D2019D083D2F680B21494271
:104330008C469C440B2B10D0614620238C405B1A8A
:104340003900D9400C43224311000022B54201D963
:10435000043D2A686446A740DDE722431100DCE7FC
:104360000000F03FF7B5012116001F00FFF74EFCDB
:10437000041E05D12200254B2548264901F0B0FC3A
:104380003B037D001B0B6D0D02D0802252031343B3
:104390000193002E25D068460096FFF71AFD019B79
:1043A000009900281BD020221E00121A96403200CD
:1043B000C3400A4362610193019EA661731E9E4140
:1043C00001362661002D14D03526134BED18089BBD
:1043D0002D181D60099B361A1E602000FEBD61610C
:1043E000EAE701A8FFF7F5FC019B01266361203095
:1043F000E7E70A4BC018089B1860094BF3189B00AD
:10440000E3185869FFF7C4FC7601E3E7D1AF02086F
:1044100042B002080F030000CDFBFFFFCEFBFFFF01
:10442000FFFFFF3FF0B587B00F0004A90600FFF7BC
:104430004DFF00900191009B019C380005A902935B
:104440000394FFF743FF0D0002000B003069396948
:10445000049E401A05994001711A41180805002967
:1044600008DD01994118039102980399DDF778F965
:1044700007B0F0BD2B1AF7E770B51400050001393D
:10448000136949110131890014349B004118E31864
:10449000A3420DD81400113400259C4203D89B1A66
:1044A000113B9B089D0000234019814203D870BD39
:1044B00040CC40C5ECE708C0F7E70200006910B542
:1044C00014324B11984213DB0CDD1F2408002040EE
:1044D000214207D099008C582100C1408140012021
:1044E0008C4204D19B00D318934203D8002010BD06
:1044F0000300F7E7043B19680029F5D00120F6E72F
:104500000300081E05D0FF2A04D98A2201201A6060
:104510004042704701200A70FBE70000F0B5DDB0B3
:104520001C000B9109920A9001F044FB03681800EB
:104530002093DBF7F3FD0B9B18909B891B0617D587
:104540000B9B1B69002B13D140210A98FDF7C0F982
:104550000B9B18601861002807D10C230A9A13607E
:1045600001235B421A9300F011FC40230B9A536124
:1045700000230022329331930E9300231692179357
:10458000002333AF30972393229314931D932193E9
:104590001A93099D2B78002B02D0252B00D090E098
:1045A000099BEE1A9D4216D03B60329B7E609B19A0
:1045B0003293319B083701333193072B08DD0B9978
:1045C0000A9830AA02F074FA002800D0D8E333AF7A
:1045D0001A9B9B191A932B78002B01D101F08AF9B1
:1045E00000231B220126691C1D0022A8121813702B
:1045F000764219934B1C15930B7810931098203822
:104600005A2801D900F002FEDBF79AFD9B00000654
:104610000006A50000060006000680000006000651
:10462000A700AF000006AD00B4000006D000D20025
:10463000D200D200D200D200D200D200D200D200EA
:1046400000060006000600060006000600065401EB
:104650000006FD000F01540154015401000600063C
:1046600000060006E40000060006D404000600066A
:104670000006180500063605000600066605000659
:1046800000060006000600060006000600065401AB
:104690000006FD001101540154015401E60011010E
:1046A000F9000006F2000006B604D6040705F9007A
:1046B00000061805A3003805000600065D00000688
:1046C000A300013566E7A54B28002393202318405B
:1046D0001D4201D100F003FD193B07349C43220029
:1046E00018CA069307940D92EB070AD5069B079A02
:1046F000134306D0302229AB1A70109A5A70022345
:104700001D43974B02201D4000F066FC0A9801F003
:1047100051FA436818002193DBF700FD1D900A98B9
:1047200001F048FA836814931D9B002B11D0149B51
:10473000002B0ED01B78002B0BD08023DB001D43F9
:1047400007E01B2322AA9B181A78002A01D12032E5
:104750001A7015994EE70123F1E708CC1993002B45
:10476000F7DA5B4219930423E9E71B2322AA9B187B
:104770002B22EDE7159A159B1278013310922A2A05
:104780000DD000260A21109A1593303A092A00D933
:1047900034E74E43B6181A7801331092F3E740CC51
:1047A000002E01DA012676421593D2E78023C6E770
:1047B00000220A21159B1992199A10984A43303801
:1047C000821819921A7801331092303A092AF3D9D3
:1047D000159313E70823B2E7159B1B78682B05D1C7
:1047E000159B0133159380239B00A8E74023A6E780
:1047F000159B1B786C2B04D1159B0133159320233B
:104800009DE710239BE7210004C943AB0D911B21B9
:104810001A70002222A809180A7001260C921B9215
:104820001292139211920993BEE110231D43AB061D
:104830002FD5072307349C43220018CA06930794F8
:104840000D92079B0120002B0BDA069B079C002290
:104850005942A241069107921B222D2122ABD21868
:104860001170069A079B1A43711C01D101F052F88E
:1048700080212C008C43002A01D001F050F8002E3A
:1048800001D100F0B9FC012801D001F04CF800F092
:104890004DFC220008CA0D92EA0603D50693DB17E9
:1048A0000793CEE76A0601D51BB2F7E7AA05F5D54F
:1048B0005BB2F3E7072307349C43220018CA0D922A
:1048C000012216931794169B52422493179B5B0068
:1048D0005B08259324982599224BDEF7E9F90028F7
:1048E00024D12498259901221E4B5242DBF7C8FDA2
:1048F00000281BD11698179900220023DBF7B6FD7C
:10490000002804D01B2322AA9B182D221A70164BB4
:104910000993109B472B01DD144B099380239D4382
:10492000002303260C931B9301F02CF8169A179B77
:1049300010001900DEF7BCF900281DD0179B002BD2
:1049400004DA1B2322AA9B182D221A70084B099304
:10495000109B472BE2DD074BDFE7C046A8B10208FA
:10496000FFFBFFFFFFFFEF7F98B102089CB1020839
:10497000A0B10208A4B10208109B612B00D1E9E1AB
:104980005822412B00D1E6E1731C00D109E220231B
:10499000109A0C909A43472A02D1002E00D101367A
:1049A00080235B002B431C93179B002B00DBFBE158
:1049B000802212069446169B1E93179B63441F93F6
:1049C0002D2327932023109A9A431292412A00D034
:1049D00006E21E981F992AAA01F010F9FF2300226F
:1049E0009B05DDF701FB002200230E900F91DBF702
:1049F00037FD002801D001232A93CF4B1393109B3E
:104A0000612B01D0CD4B1393099C731E00220E988D
:104A10000F991193CA4BDDF7E7FA0E900F91DEF76D
:104A200069F91B90DEF7A2F902000B000E980F99AE
:104A3000DDF7A2FD139A0E900F911B99119B525C0A
:104A40002270013401330BD00E980F99119B002274
:104A5000013B26930023DBF703FD002800D1A9E1E9
:104A600000220E980F99B74B2694DBF713FD002810
:104A70000CD10E980F990022B24BDBF7F1FC002805
:104A800000D1A8E11B9BDB0700D4A4E13020139BDD
:104A90002E94DB7B2E9A013A2E921178994200D106
:104AA0008AE14B1CDBB2392901D1139B9B7A13702D
:104AB000269B099A9B1A0E932A9B1193129B472BB4
:104AC00000D0DCE1119B033303DB119BB34200DC1C
:104AD000FBE1109B023B1093119B40225C1E6B4636
:104AE00010999B18203A00201B782A949143412961
:104AF00002D10F33DBB201302CA90B702B23002C19
:104B000003DA0124119BE41A2D234B70092C00DCDD
:104B1000CDE1372322AA9B181293129E2000731E08
:104B20000A211293DBF786FC731E303119702000C6
:104B30000A211194DBF798FB119B0400632BECDC3A
:104B40002A2222A8B11E121837200B0030340C7014
:104B500022AC0019834200D2A4E10023814203D891
:104B6000393322AA9B189B1B2A2222A95218D31838
:104B70002CAA9B1A0E9A22939E18012A01DCEB079D
:104B800001D5189BF61880226F4B52002B401A4318
:104B900000231C92129313931193279B002B00D098
:104BA000E4E100231C9D1B931B9B1C93B34200DA82
:104BB0001C961B2322AA9B181B785A1E93411C9AF1
:104BC000D3181C9302232B40269302231D4202D0AC
:104BD0001C9B02331C9384232B40279384231D4268
:104BE0001FD1199B1C9A9C1A002C1ADD3900319B8D
:104BF0005648329A013308313860102C00DD17E333
:104C00007C60A4180F0032943193072B09DD0B99B7
:104C10000A9830AA01F04CFF002801D000F049FEAC
:104C200033AF1B2222A952181178329B002914D0CD
:104C30003A6001229B183293319B7A609B18319322
:104C40000837072B09DD0B990A9830AA01F030FFCD
:104C5000002801D000F02DFE33AF269A329B002AA7
:104C600015D029AA3A6002229B183293319B7A60B0
:104C7000013331930837072B09DD0B990A9830AAC5
:104C800001F016FF002801D000F013FE33AF279B80
:104C9000802B1FD1199B1C9A9C1A002C1ADD3900FD
:104CA000319B2B48329A013308313860102C00DDDB
:104CB000D1E27C60A4180F0032943193072B09DDF8
:104CC0000B990A9830AA01F0F3FE002801D000F0F9
:104CD000F0FD33AF1B9B9C1B002C1ADD3900319B70
:104CE0001B48329A013308313860102C00DDC5E2D0
:104CF000A2187C6032920F003193072B09DD0B99CB
:104D00000A9830AA01F0D4FE002801D000F0D1FDAD
:104D100033AF329B1B93EB0500D5CBE2099B7E6042
:104D20003B601B9BF618319B329601333193072B66
:104D300000DDA3E3083701E3A8B10208B9B1020816
:104D4000000030400000E03FFFFBFFFFDCB1020845
:104D5000CCB102087822302129AB19705A70022395
:104D60001D43632E15DD0A98711CFCF7B1FD0990F7
:104D7000002813D10B9B9A89402313430B9A9381EC
:104D80000B9B9B895B0601D5FFF7EAFB1A985DB088
:104D9000F0BD00230C9343AB099301E6099B0C93F0
:104DA000FEE506260C90FBE5169B179C1E931F94B0
:104DB000002306E6269B29E610706BE61870013387
:104DC000CA1AFBD5119A0023013201DB119B013372
:104DD000E31826936CE6119A230030201119EFE7AF
:104DE000129A34000323462A05D01400453C62423F
:104DF0005441013B34192EAA04922BAA03922AAAE9
:104E0000029200930A981E9A1F9B019401F062F887
:104E1000129B0990472B19D1EB0701D42E9B48E632
:104E2000099B1B190E9300221E981F990023DBF784
:104E300017FB002801D00E9B2E9330222E9B0E993B
:104E40009942EBD9591C2E911A70F7E7099B1B194F
:104E50000E93129B462BE6D1099B1B78302B0AD16F
:104E60001E981F9900220023DBF7FAFA002802D1CE
:104E700001231B1B2A932A9B0E9AD318D2E7129B5D
:104E8000462B00D028E601222B0011991340334312
:104E9000002929DD002B42D0189A8B18F6186623BA
:104EA00010932DE01C7801331470013252E62A224F
:104EB00022ABD218002804D130232B228B7022ABD6
:104EC000D2183034531C147052E6119B0E9A934240
:104ED0000FDA0E9B189A9E1867231093119B002BD4
:104EE0000EDCF61A01360BE0002B1AD0189B0133AA
:104EF000D4E76723119E1093EB0701D5189AB618D3
:104F000080232A00DB001A401392002212921D42D5
:104F100000D142E6119B934225DC13923DE6119E9F
:104F2000BDE7662316001093EAE7119A93420FDA61
:104F3000D31A1193149B5B78002B10D0139B013371
:104F40001393149B01331493149B1B78FF2BECD108
:104F5000129A139B9B181D9A53439E191DE6129B90
:104F600001331293F0E7129B1393EDE71B2322AA60
:104F70009B182D221A7014E6AB0609D523681A9ADD
:104F80001A60D2175A600434159B0993FFF701FB8E
:104F9000EB0603D523681A9A1A60F4E76B0603D56B
:104FA00023681A9A1A80EEE7AD05F3D523681A9A9A
:104FB0001A70E8E710231D432023280018401D42E3
:104FC0000FD0193B07349C43220018CA069307945C
:104FD0000D920020B34B1D401B2222AB0021D218A2
:104FE0003EE4220008CA29000D9210221140154209
:104FF00002D006930790ECE74022280010401542AB
:1050000003D09BB206930791E3E780222900920028
:1050100011401542F6D0DBB2EBE7230004CBA249E6
:105020000D930023069229AA0793118002339F4A09
:1050300018001D43763323921093CDE7230004CB51
:1050400000240D931B23099222AA9B181C70731C29
:105050000DD032002100099800F0C4FD0C90A04250
:1050600000D1E2E0099A861A23000C945BE40998C7
:10507000DBF754F80600F7E710231D432023280030
:1050800018401D4209D0193B07349C43220018CA1E
:10509000069307940D9201209EE7230004CB29007C
:1050A0000D93102319401D4202D006920790F2E79B
:1050B0004023280018401D4203D093B20693079165
:1050C000E9E7802329009B0019401D4202D0D3B29A
:1050D0000693EBE70692F2E7754BFFF7F5FA23002C
:1050E00004CB29000D93102319401D4203D00692D2
:1050F0000790FFF7F9FA4023280018401D4204D01A
:1051000093B206930791FFF7EFFA802329009B00E3
:1051100019401D4202D0D3B20693E9E70692F1E7A7
:10512000079B002B0CD1069B092B09D8069B30331B
:10513000DBB2E72222A952181370099200F01BFC7F
:1051400000230E938023DB0023405CAD0C930A22E6
:10515000069807990023DBF7F5F96B1E30320993A7
:105160001A700E9B119001330E930C9B1291002B21
:105170001DD0149B0E9A1B789A4218D1FF2A16D084
:10518000079B002B02D1069B092B10D9099B1D9A66
:1051900021999B1A18000993FDF7ADFF0022149B7B
:1051A0000E925B785A1E9341149AD3181493079B5E
:1051B000002B03D1069B092B00D8DCE3119B099D32
:1051C0000693129B0793C2E70F20099B239A013B8A
:1051D0000993069B0340D35C099A1370079B190738
:1051E000069B1A09079B11431B0907930B00079A9B
:1051F00006911343E9D1BEE35CAB0993002800D0CC
:10520000B9E3ED0700D4B6E3302392E7109B002BFF
:1052100000D16FE3109A1B2143AB1A70002222A821
:1052200009180A700D94FFF7F8FA0C9BFFF77BFB47
:1052300010201218786032923193072B08DD0B99F9
:105240000A9830AA01F034FC002800D031E333A9D9
:105250000F00103CCAE4102012187860329231938B
:10526000072B08DD0B990A9830AA01F021FC0028D1
:1052700000D01EE333A90F00103C10E510201218D7
:10528000786032923193072B08DD0B990A9830AA87
:1052900001F00EFC002800D00BE333A90F00103CF6
:1052A0001CE5C046FFFBFFFF30780000A8B10208F4
:1052B000B9B10208109B652B00DC4AE216981799D9
:1052C00000220023DBF7CCF8002878D0CA4B1B9EC5
:1052D0003B6001237B60F618319B3296013331939A
:1052E0000837072B08DD0B990A9830AA01F0E0FB7C
:1052F000002800D0DDE233AF2A9B0E9A934201DBF7
:10530000EB071BD5209B189A3B60189B7B60329B58
:1053100008379B183293319B01333193072B08DDFB
:105320000B990A9830AA01F0C3FB002800D0C0E214
:1053300033AF0E9B10265C1E002C2FDC6D0700D5B2
:105340009AE2199B1C9A934200DA13001A9AD31816
:105350001A93329B002B07D00B990A9830AA01F0C0
:10536000A7FB002800D0A4E2002331930C9B002B64
:1053700000D0BAE20D9C33AF06E610327E60329266
:105380003193072B08DD0B990A9830AA01F090FBA6
:10539000002800D08DE233A90F00103C3900319B6A
:1053A0009648329A013308313860102CE5DC7C6075
:1053B000A4180F0032943193072BBFDD5EE02A9BC7
:1053C000002B77DC8C4B1B9E3B6001237B60F61827
:1053D000319B3296013331930837072B08DD0B9947
:1053E0000A9830AA01F064FB002800D061E233AFD4
:1053F0000E992A9B329A0B43012129400B439DD0E1
:10540000209B3B60189B7B609A18319B3292013342
:1054100031930837072B08DD0B990A9830AA01F061
:1054200047FB002800D044E233AF2A9C002C18DA56
:10543000644238003199714A329E01310837026066
:10544000102C25DC4460A41932943191072908DD21
:105450000B990A9830AA01F02BFB002800D028E213
:1054600033AF099B329A3B600E9BD2183292319A2D
:105470007B6001323192072A00DC5BE40B990A98C9
:1054800030AA01F015FB002800D012E233AF55E737
:105490001023F618436032963191072908DD0B99E5
:1054A0000A9830AA01F004FB002800D001E233AFD3
:1054B000103CBEE70E9A099B9446119C63441093DE
:1054C000944200DD1400002C14DD099B7C603B60DD
:1054D0001B9B0837E618319B329601333193072B1B
:1054E00008DD0B990A9830AA01F0E2FA002800D0F2
:1054F000DFE133AFE343DB171C40119B10261C1B7D
:10550000002C00DD8DE0119A099B944663440993B9
:105510006B050CD5139B002B00D09DE0129B002B3C
:1055200000D09CE0099B109A934200D909922A9BD3
:105530000E9A934201DBEB0716D5209B189A3B602D
:10554000189B7B60329B08379B183293319B013349
:105550003193072B08DD0B990A9830AA01F0A8FABD
:10556000002800D0A5E133AF099A109B2A9E9B1A10
:105570000E9A961B9E4200DD1E00329B002E13DD0C
:10558000F3183293319B099A01333A607E6031936C
:105590000837072B08DD0B990A9830AA01F088FA22
:1055A000002800D085E133AF0E9B2A9C1C1BF343DF
:1055B000DB171E40A41B1026002C00DCBEE63900C1
:1055C000319B0E48329A013308313860102C00DCD0
:1055D000EDE610327E6032923193072B08DD0B9995
:1055E0000A9830AA01F064FA002800D061E133A9DA
:1055F0000F00103CE3E7C046CAB10208CCB1020874
:1056000010327E6032923193072B08DD0B990A9895
:1056100030AA01F04DFA002800D04AE133A90F006A
:10562000103C3900319BB948329A01330831386057
:10563000102CE5DC7C60A4180F0032943193072B0A
:1056400000DC60E70B990A9830AA01F031FA0028D3
:1056500000D02EE133AF56E7129B002B5FD0129B98
:10566000013B1293219B1D9A3B601D9B7B60329BEB
:1056700008379B183293319B01333193072B08DD98
:105680000B990A9830AA01F013FA002800D010E113
:1056900033AF099A109B9B1A149A16789E4200DD2C
:1056A0001E00329B002E13DDF3183293319B099AB2
:1056B00001333A607E6031930837072B08DD0B9980
:1056C0000A9830AA01F0F4F9002800D0F1E033AFD5
:1056D000149B1C78F343DB171E40A41B002C18DD21
:1056E0003900319B8948329A013308313860102CD7
:1056F0001CDC7C60A4180F0032943193072B08DD6A
:105700000B990A9830AA01F0D3F9002800D0D0E014
:1057100033AF149B099A1B78D3180993FAE6149BAC
:10572000013B1493139B013B13939BE7102012182A
:10573000786032923193072B08DD0B990A9830AAD2
:1057400001F0B6F9002800D0B3E033A90F00103CF7
:10575000C6E73C001B9E319B0E9A0136013308348C
:10576000012A03DC0122154200D180E0099A329619
:105770003A60012231937A60072B08DD0B990A9871
:1057800030AA01F095F9002800D092E033AC209BBC
:10579000189A2360189B6360329B08349B183293DD
:1057A000319B01333193072B07DD0B990A9830AAFF
:1057B00001F07EF900287CD133AC319B0022169891
:1057C000179910930E9B329E5F1E0023DAF748FE56
:1057D000002826D1099B109A013323600E9B013EBD
:1057E0000132F6186760329631920834072A07DDD5
:1057F0000B990A9830AA01F05BF9002859D133AC13
:105800002CAB2360229B229A6360329B9B183293BD
:10581000319B01333193072B00DD2FE6083427003D
:105820008CE50E9B1026012BEADD2100319B3748C9
:10583000329A013308312060102F07DC67600C00BA
:10584000BA1832923193072BDADDD1E71032666055
:1058500032923193072B07DD0B990A9830AA01F099
:1058600027F9002825D133A90C00103FDDE709995D
:10587000329606C73193E6E7199B1C9A10259C1AAD
:10588000002C00DC5DE5319B2149329A01333960FF
:10589000102C19DC12197C6032923193072B00DC3A
:1058A0004FE50B990A9830AA01F002F9002800D1BF
:1058B00047E50C9B002B01D1FFF762FA19000A980B
:1058C000FDF786FDFFF75CFA10327D60329231936E
:1058D0000837072B07DD0B990A9830AA01F0E8F882
:1058E0000028E6D133AF103CCDE70C990A98FDF7BC
:1058F0006FFD3FE5329B002B01D1FFF741FA0B9979
:105900000A9830AA01F0D4F8FFF73AFACCB10208AD
:10591000DCB102082C00002A01D1FEF7B4FF0128F7
:1059200001D1FFF7FDFB5CAB0993022800D14BE4EA
:10593000099A07211300013B0993069B0B40099923
:1059400030330B70079949078C4665460699C8089D
:1059500007990543C908079129000798069501434F
:10596000E6D1E10707D5302B05D03021099B013B5B
:105970001970931E0993099A5CAB1B969E1A00231B
:1059800025000C93129313931193FFF70DF9C04662
:1059900070B505000C1E19D0002804D0436B002BF5
:1059A00001D1FDF7C1FA636EDB0705D4A3899B051E
:1059B00002D4A06DFDF77EFC0C22A35E002B08D163
:1059C000636EDB0702D4A06DFDF775FC0026300086
:1059D00070BD2100280000F037F8E36A0600002BB4
:1059E00006D02800E1699847002801DA01267642AE
:1059F000A3891B0603D528002169FDF7E9FC216B6B
:105A0000002908D023004033994202D02800FDF736
:105A1000DFFC00232363616C002904D02800FDF71C
:105A2000D7FC00236364FDF76FFA0023A381636E44
:105A3000DB0702D4A06DFDF73EFCA06DFDF739FC3D
:105A4000FDF76AFAC3E70000F7B50C228B5E05008C
:105A50000C001A075ED4802212011A438A814A6818
:105A6000002A02DCCA6B002A52DDA76A002F4FD041
:105A7000002280202E682A601A004001E16902405D
:105A8000034237D0226DA3895B0706D56368D21A1B
:105A9000236B002B01D0E36BD21A00232800A76AE6
:105AA000E169B847431C06D12A681D2A4AD82C4B05
:105AB0001341DB0746D40C22A35E2A4A1A40A28176
:105AC0000022626022692260DB0405D5431C02D1FA
:105AD0002B68002B00D12065216B2E60002917D088
:105AE00023004033994202D02800FDF771FC0023C7
:105AF00023630DE001232800B8470200431CC2D1F4
:105B00002B68002BBFD01D2B01D0162B1AD12E6075
:105B100000201EE00E69002EFAD00F680E60BA1B3E
:105B2000019200229B0700D14A69A260019B002BD1
:105B3000EEDD636A32001F002800019BE169B8476F
:105B4000002807DC40230120A289404213431BB2F6
:105B5000A381FEBD019B36181B1A0193E6E7C046E0
:105B6000FEFFBFDFFFF7FFFF70B505000C00002848
:105B700004D0436B002B01D1FDF7D6F90C22A35EB4
:105B80001E1E15D0626ED20704D49B0502D4A06DF0
:105B9000FDF790FB21002800FFF756FF636E06001B
:105BA000DB0705D4A3899B0502D4A06DFDF783FB19
:105BB000300070BD00487047E007002070B5074C0A
:105BC000074D641BA410002C02D102F01DF970BD1A
:105BD000013CA300EB589847F5E7C046C4B2020861
:105BE000C0B20208C9B28218904201D100207047A9
:105BF00003788B42FBD00130F6E7000070B514004B
:105C000000252560104D4B000A005B08AB421AD8F6
:105C10001D00054317D00D4D294209D100220C4B20
:105C2000DCF7E2F936250A004B006D425B0825607F
:105C3000084D1B155B192568EB182360064B1A40AD
:105C4000064B1343190070BDFFFFEF7F0000F07F8C
:105C50000000504302FCFFFFFFFF0F800000E03F09
:105C6000F7B51C4F04003868160001930091FDF74A
:105C700021FB194A1368002B01D1184B13605A6895
:105C800038681F2A04DDFDF716FB01204042FEBDE7
:105C9000002C14D0910059180F0088373E6001275E
:105CA0001E0097408536FF367568FC313D437560B0
:105CB000019DCD60022C02D1B1683943B160511C05
:105CC0005960023200999200D150FDF7F4FA002099
:105CD000DDE7C046800900202C9601203096012087
:105CE0007FB514001A00094B05001B680E00D86828
:105CF000074B002C01D1074B1C000749019302946C
:105D00002B00009600F0C4FE01F0D9FE5C080020D4
:105D1000ECB1020827B20208F9B10208F8B5002474
:105D20000B0C160CA34233D1A64221D18BB291B2F7
:105D30005943FBF7CDFD051E32D00300083B5A68DE
:105D400003239A43043A242A32D80300132A0AD997
:105D50000460446008331B2A05D98460C460242A87
:105D600021D00300103300221A605A609A6018E0B4
:105D7000331C0D1C89B292B29BB24A43ADB25D4353
:105D8000110C69180B0C07D1090492B21143D0E72A
:105D9000002E01D1151CEDE7FDF760FA0C2303601E
:105DA00000252800F8BD0300046118334461DAE7D8
:105DB0000021FDF76CF9F4E7F0B502690F6987B0CF
:105DC00006000B0000200291BA426DDB013FBC00CF
:105DD000143305931B190393330014331C190193D7
:105DE00023680493039B04981D6801352900DAF7A2
:105DF000B1F9049B0090AB422BD3059B019D9C46BF
:105E0000002305930493624608CA28689446009AC2
:105E100099B25143059A1B0C8918009A53430A0CF6
:105E20009B181A0C89B2059282B2521A0499000C7E
:105E300052189BB21114C31A5B18191492B21B04A6
:105E40001A43039B049104C56345DCD22368002BED
:105E500030D030000299FEF763F9002823DB3400CC
:105E60000025029914341431236801C902936B464A
:105E70001B8982B29A1A029B5219000C1B0C1B1A26
:105E800010141B181D1492B21B041A43039B04C464
:105E90008B42E9D2019ABB00D3181A68002A13D0AA
:105EA000009B01330093009807B0F0BD2368002BDE
:105EB00004D1013F019B043CA342F7D33761C8E7FB
:105EC0001A68002A04D1013F019A043B9A42F7D391
:105ED0003761E5E7F0B514001D00816B9DB00A94B1
:105EE0000B95259E0390002909D00123C26B934096
:105EF0004A608B60FDF7B2FE0023039A9363002D86
:105F00001EDA012333606B005B080B930B9FB64BCB
:105F1000B54A3B40934216D1B44B249A13603B03DD
:105F20001B0B234301D100F085FDB14B269A08934A
:105F3000002A02D0AF4B269A136008981DB0F0BD1E
:105F400000233360E2E70A9A0B9B12921393129894
:105F5000139900220023DAF783FA061E0BD00123DF
:105F6000249A1360269B002B02D0A34B269A136021
:105F7000A24B0893E1E71AAB01931BAB0093039884
:105F8000129A139BFEF7EEF97A000590520D00D19C
:105F90007BE0139B18961903994B090B0B43994906
:105FA00057181298139919000022974BDCF7E4FA5E
:105FB000964A974BDCF718F8964A974BDBF76CF844
:105FC000040038000D00DCF7D1FE944A944BDCF756
:105FD0000BF802000B0020002900DBF75DF804003D
:105FE0000D00DCF787FE002204900023200029002A
:105FF000DAF73CFA00280BD00498DCF7B7FE2B0048
:106000002200DAF72DFA43425841049B1B1A0493ED
:1060100001231593049B162B10D812981399049AF8
:10602000804BD2009B181A685B68DAF71FFA0028C9
:1060300047D0049B013B04930023159300221A9B35
:106040000692DB1B5A1E3ED50122D31A069300236B
:106050000D93049B002B38DB049A0D9B94466344FC
:106060000D93002314920F93229B0124092B67D8D0
:10607000052B02DD0024043B2293229B981E03285B
:1060800067D8DAF753F82B3A385B1B9B1A9EF61841
:10609000654BF218202A0FDD40239B1A9F40634B6B
:1060A0003800F318DC402043DCF78EFE0122604B01
:1060B000771ECB18189276E7202320009B1A984071
:1060C000F2E71590BAE70D92C3E7069B049A9B1A74
:1060D000069353420F9300231493C5E700231093B4
:1060E000239B0E930993002B13DC01231A000E93BC
:1060F000099323920DE00123F1E70023239A1093E3
:106100009446049B63440E9301330993002B00DCF7
:106110000123002104221000143098421DD9039B52
:106120001800D963FDF772FD0890002818D1B0213E
:10613000404B4148089AFF31FFF7D2FD0123DDE7CC
:10614000002310942293013B0E93099300221333F2
:10615000CFE701231093023BF6E701315200DAE763
:10616000039B089A9A63099B0E2B00D9D7E0002C59
:1061700000D1D4E0049B002B62DD0F21049A294B4F
:106180000A40D2009B181E685F68049B02241D1100
:10619000DB050AD5294B0D401A6A5B6A12981399E0
:1061A000DBF7DEFA0A900B910134244B0C93002D9F
:1061B00008D10A980B9932003B00DBF7D1FA0A901C
:1061C0000B9158E001231D4209D0E4180C9B3000CC
:1061D0001A685B683900DBF707FF06000F000C9BAD
:1061E0006D100833E2E7C0460000F07F0F27000083
:1061F00031B2020834B20208CBB10208CAB10208B7
:106200000000F03F01FCFFFF0000F83F61436F63B7
:10621000A787D23FB3C8608B288AC63FFB799F50BF
:106220001344D33FD0B0020832040000120400002F
:10623000000010FED1AF020835B20208A8B0020873
:10624000049B0224002B16D0129813990F225D4252
:106250002A40C34BD2009B181A685B68DBF7C4FE68
:10626000012700230A900B91BE4E2D11002D00D066
:10627000BAE0002BA3D10A9E0B9F159B002B00D1E7
:10628000BDE0002230003900B74BDAF7EFF8002804
:1062900000D1B4E0099B002B00D1B0E00E9B002B95
:1062A00039DD049B0022013B0C933000AF4B3900D9
:1062B000DBF79AFE0A900B910E9B0134200011939C
:1062C000DCF754FD0A9A0B9BDBF78EFEA84B0022ED
:1062D000DAF7E2FEA74B0600CF18119B002B00D087
:1062E00091E00A980B990022A34BDCF745F93200A4
:1062F0003B0004000D00DAF7CDF8002800D0A1E241
:10630000802109067B18320020002900DAF7AEF858
:10631000002800D044E1129B139C0A930B941B9B12
:10632000002B00DA7BE1049A0E2A00DD77E18C4B2A
:10633000D2009B185C681B6806930794239B002B74
:1063400003DA099B002B00DC1AE10A9E0B9F099BD4
:10635000089D013B5B190A93069A079B30003900A0
:10636000DBF7FEF9DCF7C6FC0990DCF7FFFC069AC8
:10637000079BDBF739FE02000B0030003900DCF729
:10638000FBF82B00099A013530321A700A9A2C005A
:106390009A4200D035E102000B00DAF77DFE069A42
:1063A000079B06000F00DAF775F8002800D013E10C
:1063B000069A079B30003900DAF752F8002803D01C
:1063C000099BDD0700D507E105990398FDF746FC19
:1063D00000232370049B249A01331360269B002B17
:1063E00000D1AAE51C60A8E53D4205D0326873687B
:1063F000DBF7FAFD3B0001346D10083636E7049BED
:106400000C93099B5AE7119A554B013AD200109907
:106410009B181A685B68002950D000205749DBF7A9
:106420009FF932003B00DCF7A7F8089A0600944673
:106430000F00089B1693119B634411930A980B99C4
:10644000DCF758FC0500DCF791FC02000B000A9811
:106450000B99DCF791F8169B30350A900B910200EE
:106460005C1C1D7030000B003900DAF713F80028AF
:106470006CD10A9A0B9B00203B49DCF77DF80200A7
:106480000B0030003900DAF705F8002800D0A5E04D
:10649000119BA34200D13EE7002230003900334B6C
:1064A000DBF7A2FD002206000F000A980B992F4B84
:1064B000DBF79AFD16940A900B91BFE73000390084
:1064C000DBF792FD089D119A2B00944616901791C8
:1064D000634419930A980B99DCF70CFC0400DCF771
:1064E00045FC0B0002000A980B99DCF745F83034A4
:1064F000199B2C70013506000F00AB4229D116986C
:106500001799089B119C9C4600221C4B6444DAF7A7
:10651000C3FD02000B0030003900D9F7BBFF002893
:106520005CD1169A179B00201449DCF725F802006D
:106530000B0030003900D9F799FF002800D1EAE6B6
:106540002300013C2278302AFAD01C000C9B0493D3
:106550003AE70022054BDBF747FD0A900B91B9E7BC
:10656000D0B00208A8B002080000F03F00002440AC
:1065700000001C400000C0FC000014400000E03F90
:10658000099B002B0CD1069807990022BE4BDBF724
:106590002BFD0A9A0B9BD9F787FF002800D154E105
:1065A00000263700239B089CDB430C9300230493B5
:1065B00031000398FDF752FB002FC7D0049B002B3E
:1065C00005D0BB4203D019000398FDF747FB390003
:1065D0000398FDF743FBB9E7049B0C9323001C00D1
:1065E000013B1A78392A08D1089A9A42F7D10C9AB5
:1065F000089901320C9230220A701A7801321A700E
:10660000A4E70022A14BDBF7EFFC002200230600E9
:106610000F00D9F725FF002800D19DE6D4E6109F92
:106620000F9D069C002F14D0229A012A00DDC8E09D
:10663000189A002A00D1BEE0954A9B18069A0121BB
:10664000D21806920D9A0398D3180D93FDF7F0FB1C
:106650000700002C0ED00D9B002B0BDD0D9A2300A4
:10666000944200DD1300069AE41AD21A06920D9A9B
:10667000D31A0D930F9B002B1FD0109B002B00D122
:10668000B5E0002D10D039002A000398FDF79AFCE0
:10669000059A010007000398FDF7E2FB0600059943
:1066A0000398FDF7DBFA05960F9B5A1BAB4204D00B
:1066B00005990398FDF786FC059001210398FDF7E5
:1066C000B7FB149B0600002B00D1BDE11A000100AE
:1066D0000398FDF777FC229B06000025012B16DCB2
:1066E00000250A9BAB420ED10B9B1B03AB420AD188
:1066F000684B0B9A134206D0069B01350133069373
:106700000D9B01330D93149B0120002B08D033699E
:1067100003339B00F3185868FDF73AFB2023181A3F
:106720000D9B181802001F231A40184265D0013330
:106730009B1A042B5DDD1C239B1A069AE418D218C1
:1067400006920D9AD3180D93069B002B05DD1A00B7
:1067500005990398FDF778FC05900D9B002B05DD4E
:1067600031001A000398FDF76FFC0600159B002B03
:1067700045D031000598FDF7D3FC00283FDA049B93
:106780000A22013B0C93059900230398FDF770FA48
:10679000109B0590002B00D15DE1002339000A22F7
:1067A0000398FDF765FA0E9B0700002B55DC229B32
:1067B000022B2DDC51E036231A9A0F9D069C9B1A62
:1067C0003CE7099B5D1E0F9BAB4208DB5D1B099BF1
:1067D000069C002B00DB31E7E41A00232EE70F9B19
:1067E000149AEB1AD3180F9514930025EFE70F9A1C
:1067F0005EE7042BA8D01C339FE71300FBE7049B44
:106800000C93099B0E93002B23DC229B022B20DD93
:106810000E9B002B00D0C5E6310005220398FDF742
:1068200027FA060001000598FDF77AFC002800DC35
:10683000B8E6089B089A5C1C312313700C9B01334B
:106840000C93B3E6119E3700F3E7049B099E0C936B
:10685000F9E7109B002B00D101E1002C05DD390088
:1068600022000398FDF7F0FB07003800002D26D02A
:1068700079680398FDF7CAF9041E13D12200064B6C
:106880000648074958E4C046000014400000244070
:10689000330400000000F07FD1AF020835B20208D7
:1068A000EF02000039003A690C31023292000C30DC
:1068B000FCF715FD012221000398FDF7C5FB089B9D
:1068C0000E9A0693013B9B180122049707000F9331
:1068D0000A9B13400E9331000598FFF76DFA049957
:1068E00005000A900598FDF71BFC3A000D90310059
:1068F0000398FDF731FC0122C3680400303509928A
:10690000002B04D101000598FDF70AFC0990210035
:106910000398FDF7A3F9069B099A5C1C229B13437D
:106920000E9A134309D1392D22D00D9B002B01DD86
:106930000A9D3135069B1D703AE60D9B002B04DB4A
:10694000229A13430E9A13431ED1099B002BF1DDAB
:10695000059901220398FDF777FB31000590FDF7BB
:10696000DFFB002802DCE5D1EB07E3D5392DDFD1D1
:106970003923069A137023001C00013B1A78392A28
:106980004FD001321A7013E6099B002B03DD392D1D
:10699000EED00135CEE7069B069A1D700F9B934201
:1069A0002AD000230A2205990398FDF761F9049B78
:1069B0000590BB4209D100230A2204990398FDF7F0
:1069C00057F904900700069485E7049900230A22EA
:1069D0000398FDF74DF9002304900A22390003982B
:1069E000FDF746F9EEE70E9B0124002B00DD1C00AD
:1069F000089B1C1900230493059901220398FDF7B5
:106A000023FB31000590FDF78BFB0028B3DC01D19F
:106A1000ED07B0D423001C00013B1A78302AFAD0CD
:106A2000C6E5089A9A42A7D10C9B01330C933123F7
:106A30001370BDE5144B269A0893144B002A01D01D
:106A4000FFF779FAFFF779FA229B012B00DC47E682
:106A50000120149D64E60E9B002B00DCD5E600248B
:106A600031000598FFF7A8F9089B303018550E9BA8
:106A7000013405009C42B6DA00230A2205990398E6
:106A8000FDF7F6F80590EBE728B2020830B20208ED
:106A90000EB417B5054C05AB04CB0100206801937B
:106AA00000F0C0F81EBC08BC03B018475C0800200A
:106AB000F0B5136887B017000393936800220C00A9
:106AC00016000590029293420BD1002000237B60B8
:106AD00007B0F0BD039B1B680293039B5E680833FD
:106AE0000393A5682368002EF4D0AE4232D30C2164
:106AF000625E9021C9000A422CD0032021695B1AF2
:106B0000049363694343D80FC3185B100193049B3C
:106B1000019801339B19834200D90193520530D566
:106B200001990598FAF7D4FE051E34D0049A21691C
:106B3000FCF7D5FBA2891E4B1A4080231343A38187
:106B4000049B2561ED1825603500019B049A636163
:106B50009B1AA360B54200D935002A00029920682B
:106B6000FCF782FAA3685B1BA36023685B192360B0
:106B7000029B9B190293BB689B1BBB60A5D00026A0
:106B8000AFE7019A0598FBF7E7F8051ED8D1216910
:106B90000598FCF71DFC0C23059A01201360A289BF
:106BA00034331343A38100234042BB608EE7C046C9
:106BB0007FFBFFFFF0B5936885B001900D001400D6
:106BC000181E08D04B6E9B0427D51668A0680028B5
:106BD00005D10023A3600023636005B0F0BD00274A
:106BE00033680293736800939B080393039BBB4233
:106BF00008DC0323009A08369A431300A268D31ACC
:106C0000A360E3E70299BB00C9582A00019800F08D
:106C10002DFF431CDDD00137E8E7019800F030FD7F
:106C2000D7E70000F0B5C1B01C001D00069004912C
:106C30000792002804D0436B002B01D1FCF774F9B4
:106C4000049B5B6EDB0707D4049B9B899B0503D4E5
:106C5000049B986DFCF72EFB049B0C229A5E80230C
:106C60009B011A4207D11343049A9381536EA74A9A
:106C70001340049A5366049B9B891B0703D5049B0E
:106C80001B69002B18D10499069800F053FE0028C8
:106C900012D0049B5B6EDB0705D501235B42089392
:106CA000089841B0F0BD049B9B899B05F5D4049BDB
:106CB000986DFCF700FBF0E7049B0C229B5E1A2208
:106CC0001A400A2A16D1049A0E21525E002A11DBBC
:106CD000049A526ED20705D49B0503D4049B986D89
:106CE000FCF7E9FA2300079A0499069800F084FC5F
:106CF0000890D5E7002317AE1496169315930396C4
:106D00000C930D930E930F930893079C2378002BFD
:106D100002D0252B00D087E0079BE71A9C4210D0B9
:106D2000039A1360169B5760DB191693159B01336A
:106D30001593072B7ADC130008330393089BDB19A8
:106D400008932378002B01D100F011FC002212A936
:106D5000CA700121631C14004942059109925A1C12
:106D60001B780792180020385A2800D95CE3D9F71D
:106D7000E7F9A0005B035B03A9005B035B035B0314
:106D800085005B035B03AB00B3005B03B100B7009E
:106D90005B03DC00DE00DE00DE00DE00DE00DE0085
:106DA000DE00DE00DE005B035B035B035B035B0373
:106DB0005B035B035B035B030601EA015B035B03AD
:106DC0005B035B035B035B035B035B035B035B03D3
:106DD00041025B035B035B037A025B0394025B0388
:106DE0005B03C2025B035B035B035B035B035B034D
:106DF0005B035B035B035B030601EC015B035B036B
:106E00005B03EF00EC0102015B03FB005B03260266
:106E100043026E0202015B037A02A70096025B0343
:106E20005B0367005B03A70001346FE704990698D2
:106E300014AAFFF7BFFE002800D073E317AB7CE76E
:106E4000334A20000C9220221040144200D154E218
:106E5000193A0735954306CD00910192E20709D50D
:106E6000009A01990A4305D013AA302153700223D6
:106E700011701C43274B1C400223CBE10698FEF700
:106E800099FE436818000F93D9F748F90E900698B9
:106E9000FEF790FE83680D930E9B002B10D00D9B88
:106EA000002B0DD01B78002B0AD08023DB001C4365
:106EB00006E012ABDA780333002A01D120321A70CF
:106EC000079B4CE70123F2E708CD0993002BF7DA83
:106ED0005B4209930423EAE72B2212ABDA70EFE757
:106EE000079B5A1C1B782A2B16D000210A200591DB
:106EF000190030390792092900D933E7059B43432C
:106F00005B18059313780132F2E7C046FFDFFFFFFD
:106F1000A8B10208FFFBFFFF08CD0593002B02DAA2
:106F200001235B4205930792CAE78023BFE7002154
:106F3000079A09910A310998303B48431B18099375
:106F400013780132180030380928F4D9079209E77C
:106F5000079B1B78682B05D1079B01330793802380
:106F60009B00A4E74023A2E7079B1B786C2B04D16E
:106F7000079B01330793202399E7102397E704CD5C
:106F800027AB1A70002212A9CA7001211E000591B8
:106F90000B920B9B059A0A93934200DA0A9212AB6A
:106FA00003331B785A1E93410A9AD3180A9302237B
:106FB0002340109302231C4202D00A9B02330A93FF
:106FC000842322001A4011921C4221D1099B0A9A63
:106FD0009F1A002F1CDD169B03999C46CB48159BDE
:106FE000039A013308311060102F00DD29E2576049
:106FF0006744169715930391072B09DD04990698AA
:1070000014AAFFF7D7FD002800D08BE217AB03933B
:1070100012A9C878169A159B033100280DD0039841
:107020000133016001215218416016921593072B1C
:1070300000DD19E20300083303931099169A159B9B
:1070400000290ED0039813A90160022101335218C0
:10705000416016921593072B00DD0EE20300083302
:107060000393119B802B21D1099B0A9A9F1A002F11
:107070001CDD169B03999C46A548159B039A01337A
:1070800008311060102F00DD00E25760674416974A
:1070900015930391072B09DD0499069814AAFFF7AD
:1070A00089FD002800D03DE217AB03930B9B059AA6
:1070B0009F1A002F1CDD169B03999C469448159B34
:1070C000039A013308311060102F00DDF1E15760A1
:1070D0006744169715930391072B09DD04990698C9
:1070E00014AAFFF767FD002800D01BE217AB03933B
:1070F000039A059B16605360169B059A9B1816937E
:10710000159B01331593072B00DDE5E1039E08363F
:10711000640700D5E9E1099B0A9A934200DA13005B
:10712000089AD3180893169B002B07D00499069849
:1071300014AAFFF73FFD002800D0F3E100231593C8
:1071400017AB0393E1E510231C43A30628D50723BF
:1071500007359D430CCD00920193019A0123002A2B
:1071600009DA009E019F00227142BA41009101920A
:107170002D2112AAD1700199009A0A430599013173
:1071800000D102E2802127008F43002A00D000E2D4
:10719000059A002A00D13DE1012B00D0FCE1D8E0A6
:1071A00008CDE20603D50093DB170193D5E762060D
:1071B00001D51BB2F7E7A205F5D55BB2F3E7A3064D
:1071C00006D52B68089A1A60D2175A6004359CE5D8
:1071D000E30603D52B68089A1A60F7E7630603D520
:1071E0002B68089A1A80F1E7A405F3D52B68089A52
:1071F0001A70EBE710231C432023200018401C4288
:107200000BD0193B07359D430CCD00920193414BA8
:107210001C400023002112AAACE71022210008CD57
:107220001140144202D000930190F0E74022200068
:107230001040144203D09BB200930191E7E78022F3
:107240002100920011401442F6D0DBB2EBE708CDEA
:1072500031490093002313AA1180304A019302336D
:107260001C430C92D6E7002708CD1E0012ABDF703E
:10727000059B01330CD039003000059AFEF7B2FCB3
:107280000B90B84200D184E6831B05930B9780E6F0
:107290003000D8F743FF0590F8E710231C43202364
:1072A000200018401C4207D0193B07359D430CCDE8
:1072B000009201930123ADE71023210004CD194072
:1072C0001C4203D0009201900F3BA3E74023200013
:1072D00018401C4203D093B200930191EAE7802347
:1072E00021009B0019401C4203D0D3B200930190AF
:1072F000E0E70092F1E70A4AA3E51021270004CD58
:107300000F400C420ED000920190A7E59DB20208FA
:107310008DB20208FFFBFFFF30780000A8B1020821
:10732000B9B102084021200008400C4203D092B2BB
:107330000092019792E58021270089000F400C42BE
:10734000F6D0D2B2DFE7019B002B0BD1009B092BBB
:1073500008D8009B3033DBB2B72212A952181600AE
:10736000137040E140AB1E0080230024DB003B4053
:107370000A930A22009801990023D9F7E3F8330011
:107380003032013B1E001A700A9B0B9010910134A1
:10739000002B1AD00D9B1B78A34216D1FF2C14D0C2
:1073A000019B002B02D1009B092B0ED90E9A0F993D
:1073B000B31A18001E00FBF79EFE0D9B00245B789D
:1073C0005A1E93410D9AD3180D93019B002B03D1A4
:1073D000009B092B00D806E10B9B0093109B0193A7
:1073E000C7E740AB1E000F203300013B1E00009B8F
:1073F0000C9A0340D35C3370019B1907009B1A0958
:10740000019B11431B0901930B00019A0091134347
:10741000EAD1E8E040AA1600002B00D0E3E0E40740
:1074200000D4E0E0303397E7002B00D19FE027AA9B
:107430001370002312A9CB700121160005910B9344
:10744000A7E5102050606246121816921593072B7C
:1074500007DD0499069814AAFFF7ACFB002861D158
:1074600017A9103F0391B6E50499069814AAFFF7EF
:10747000A1FB002856D117ABDEE50499069814AAA3
:10748000FFF798FB00284DD117ABE9E510205060BD
:107490006246121816921593072B07DD0499069879
:1074A00014AAFFF787FB00283CD117A9103F0391CE
:1074B000DFE5102050606246121816921593072BD4
:1074C00007DD0499069814AAFFF774FB002829D158
:1074D00017A9103F0391EEE50499069814AAFFF747
:1074E00069FB00281ED117AE12E6099B0A9A1027E5
:1074F0009C1A002C00DC0EE615993E4A169B0131C1
:107500003260102C22DC7460E4181694159107295F
:1075100000DC00E60499069814AAFFF74BFB00284C
:1075200000D1F8E5049B5B6EDB0707D4049B9B89C5
:107530009B0503D4049B986DFBF7BDFE049B9B89C0
:107540005B0601D4FFF7ACFBFFF7A7FB10337760B6
:10755000169315910836072907DD0499069814AA91
:10756000FFF728FB0028DDD117AE103CC4E7169BBF
:10757000002B02D100231593D4E70499069814AA8E
:10758000FFF718FB0028F5D0CCE72700002A00D130
:1075900002E6012B00D1D6E6022B00D121E740AB59
:1075A0001E0007239C463300013B32001E00634649
:1075B00000990B40019930334C0700993370C8088B
:1075C00001990443C90801912100019800940143E5
:1075D000E9D1F90707D5302B05D033003021013B25
:1075E0001970931E1E00059B3C000B9340AB9B1B28
:1075F0000593CEE49DB20208F0B5150002221E4CA0
:107600001F008B89A54493436A4693814B6E060005
:107610001993CB8916A8D381CB690C0007934B6AC9
:1076200009931AAB009304938023DB000293059324
:1076300000230693FBF73CFE2A003B00694630001E
:10764000FFF7F0FA051E07DB69463000FEF78CFAFB
:10765000002801D001256D426B469A8940231A42C9
:1076600002D0A2891343A3811698FBF722FE2800BB
:10767000024B9D44F0BDC04694FBFFFF6C0400002C
:10768000F0B5936887B00C0002900492002B02D1F1
:10769000002007B0F0BD8B891B0756D50B69002B66
:1076A00053D0049B1B6801930C22A35E02221E0090
:1076B000164013426FD1012201211A400B4200D122
:1076C000A2E0300037000396002F00D10AE1002825
:1076D0000AD13A000A210398FEF784FA7E1C00289A
:1076E00002D0039B0130C61A0596BE4200D9059709
:1076F00020682269A5686369904200D8FBE0059A7A
:10770000ED18AA4200DCF6E003992A00FBF7ACFC76
:10771000236821005B1902982360FEF725FA0028F0
:107720006DD10120761B05D121000298FEF71CFACD
:10773000002864D1039B049A5B190393049B7F1B6D
:107740009B685B1B9360BFD1A2E72100029800F009
:10775000F1F80028A5D0012040429AE7019B1E685D
:107760005D6808330193676AE169002DF6D06E4ABF
:107770002B00954200D9130032000298B847002828
:107780003DDD049B049A9B6836181B1A2D1A9360E2
:10779000002BE8D17CE700263500E4E7019B1B685D
:1077A0000393019B5D68083301930C22A35E20685C
:1077B000A668002DF2D080229200134262D0AE4221
:1077C00037D89022D200134233D02169421A0320C5
:1077D000059262694243D70FBF18059A7F100132A4
:1077E0005219BA4200D917005B053CD539000298FE
:1077F000FAF76EF8061E0AD10C23029A1360402392
:10780000A2891343A381A6E715000392CDE7059A49
:107810002169FBF764FDA289444B1A40802313437E
:10782000A381059B2661F61826602E006761FF1A6A
:10783000A7602F00AE4200D92E00320003992068C5
:10784000FBF712FCA3689B1BA36023689B192360B2
:10785000039B049ADB190393049BED1B9B68DB1BC2
:107860009360A2D114E73A000298FAF775FA061E5F
:10787000D7D121690298FBF7ABFD8022A3899343FE
:10788000A381B9E72369834202D36769AF4216D95E
:10789000AE4200D92E0032000399FBF7E5FBA36846
:1078A00022689B1B92193700A3602260002BCFD166
:1078B00021000298FEF758F90028C9D09FE78023DD
:1078C00028001B069D4200D319483900D8F7CCFC8C
:1078D0003B00666A4343039AE1690298B047071E7A
:1078E000B6DC8CE7019B00201B680393019B5F685B
:1078F00008330193E8E6059A934208DC656A039A27
:10790000E1690298A847051E00DD0AE777E7059AB6
:107910000399FBF7A9FB059AA36815009B1AA360BE
:1079200023689B182360FCE600FCFF7F7FFBFFFFC2
:10793000FFFFFF7F2D4B70B5050018680C00002875
:1079400004D0436B002B01D1FBF7EEFA0C23E25E6F
:10795000130723D4D30607D409232B604023012027
:107960001343A38140423AE0520713D5216B00290B
:1079700008D023004033994202D02800FBF728FDAD
:10798000002323632422A3899343A38100236360FC
:10799000236923600823A2891343A3812369002B51
:1079A0000BD1A0218022A389890092000B40934231
:1079B00003D02100280000F0CDF80C23E25E012165
:1079C00013000B400A420BD00023A36063695B42A3
:1079D000A36100202369834201D11306BED470BD88
:1079E000910700D46369A360F3E7C0465C080020F8
:1079F000F0B585B00E0014000190FBF7C7FB050041
:107A0000012819D1731EFE2B16D802AB1E71002758
:107A1000AF4221D003ABD95DA368013BA360002B2B
:107A200004DAA26993421ADB0A2918D023685A1C87
:107A3000226019700137EBE72300320001985C33B4
:107A400003A900F043F80500431CE0D14023A289BC
:107A50001343A38101267642300005B0F0BD220019
:107A6000019800F0B9F80130E4D1F3E7536E70B536
:107A700005000E001400DB0705D493899B0502D492
:107A8000906DFBF717FC0C23E25E80239B011A42EA
:107A900004D11A43A281626E134363662800220058
:107AA0003100FFF7A5FF636E0500DB0705D4A3894E
:107AB0009B0502D4A06DFBF7FEFB280070BD0620DD
:107AC00010B500F005F9012000F096F97FB51D0012
:107AD000084B04001E682B00002901D10A0001A9EF
:107AE0002000B047431C03D100232B608A3323605E
:107AF00004B070BDD007002070B50E001D000E232D
:107B0000C95E140096B0002909DAB28980231100F9
:107B100019401A4218D18023DB00080010E06A46A1
:107B200000F0E0F80028F0DBF02301991B02194077
:107B3000074B8020C9184B42594180230001DB00CC
:107B40002960236016B070BD00214023E5E7C046E0
:107B500000E0FFFFF0B502268B8905000C0085B020
:107B6000334207D023004333236023610123636141
:107B700005B0F0BD03AB02AAFFF7BEFF029F019064
:107B800039002800F9F7A4FE002808D10C22A35ED2
:107B90009A05EDD4032293431E43A681E2E7802396
:107BA000A28920601343A381039B20616761002B9E
:107BB0000CD028000E23E15E00F0A6F8002805D0C6
:107BC0000323A2899A43023B1343A381A389019A09
:107BD0001343A381CCE70000F8B506000D001400A4
:107BE000002804D0436B002B01D1FBF79DF9A3695A
:107BF000A360A3891B0702D52369002B09D12100AB
:107C00003000FFF797FE002803D001256D422800C1
:107C1000F8BD0C23E25E80239B01EFB2EDB21A4265
:107C200005D11343A381134A636E1340636623692E
:107C30002068C01A6369834205DC21003000FDF72B
:107C400093FF0028E1D1A3680130013BA3602368C2
:107C50005A1C22601F706369834204D0A389DB072A
:107C6000D5D50A2DD3D121003000FDF77DFF0028A6
:107C7000CDD0CAE7FFDFFFFF70B504000D001F295C
:107C800004D9162303600120404270BD0300FC3379
:107C9000DB69002B04D08A009B181A68002A08D1DF
:107CA000200000F055F82A000100200000F03EF806
:107CB000EBE7012A09D0511C03D1162303600120F0
:107CC000E3E700212800196090470020DDE700006D
:107CD00010B5034B01001868FFF7CEFF10BDC0467A
:107CE0005C080020002370B5064D04000800110058
:107CF0002B6000F039F8431C03D12B68002B00D017
:107D0000236070BD24960120002370B5064D040049
:107D100008002B6000F038F8431C03D12B68002BBF
:107D200000D0236070BDC04624960120002370B5AA
:107D3000064D0400080011002B6000F02DF8431CD4
:107D400003D12B68002B00D0236070BD2496012046
:107D500010B500F011F810BD58220120014B40422F
:107D60001A6070472496012058220120014B40429E
:107D70001A6070472496012058220120014B40428E
:107D80001A607047249601205822024B00201A6086
:107D90007047C0462496012058220120014B4042E2
:107DA0001A6070472496012058220120014B40425E
:107DB0001A6070472496012058220120014B40424E
:107DC0001A60704724960120054A030011680029B3
:107DD00001D1044911601068C31813607047C04690
:107DE000C0970120C897012058220120014B404232
:107DF0001A60704724960120FEE70000F8B5C046DF
:107E0000F8BC08BC9E467047F8B5C046F8BC08BC34
:107E10009E4670470000000001B40248844601BC41
:087E2000604700BF8509002046
:107E2800081C3044586C80000000000000004830F6
:107E38003152300050303152300048323352300025
:107E480048323352310048323352330048303752C7
:107E580033004830385236005030385236004830F7
:107E680039523000483039523900483142523600D0
:107E78004831325230004831335237004830465288
:107E880031004830465236004830465237004831B3
:107E98004152320048304152390048314452310091
:107EA8004831445235004830425234004831385243
:107EB80030004832365230004831355230004831AF
:107EC800305234004832415233004834315236007F
:107ED8004833425236004831385231004831465210
:107EE800350048334252320048323152320048316C
:107EF800375231004831355238004832425230004A
:107F080048303552300048334252370048324252E6
:107F1800310048303752380048303852370048313D
:107F2800365236005030385237000000000000004A
:107F380000000000000000006D650000616C6C002E
:107F480069660000666F72004A616E0046656200ED
:107F58004D617200417072004D6179004A756E0082
:107F68004A756C0041756700536570004F63740073
:107F78004E6F7600446563004D6F6E646179000052
:107F880054756573646179005765646E65736461DF
:107F9800790000005468757273646179000000000C
:107FA800467269646179000053617475726461791D
:107FB8000000000053756E64617900000A0D546872
:107FC8006973206D6F64756C652077696C6C2062CD
:107FD8006520666F7263656420696E746F20626FD6
:107FE8006F746C6F61646572206D6F64652E0A0D25
:107FF800506C65617365207573652074686520220F
:1080080053544D20466C617368204C6F61646572EF
:108018002044656D6F6E73747261746F72222009EB
:108028000909090909090920207574696C697479B5
:1080380020746F20757064617465207468652066AB
:1080480069726D776172652E0A0D0A092A2A2A203B
:10805800496D706F7274616E74202A2A2A0A0D495C
:10806800662074686973206D6F64756C6520697328
:1080780020636F6E6E6563746564206469726563FE
:10808800746C7920746F20504320706C656173653F
:1080980020636C6F7365207468697320706F7274E5
:1080A8002066697273742E0A0D0000000A0D4D6F68
:1080B80064756C652025642077696C6C2062652086
:1080C800666F7263656420696E746F20626F6F7487
:1080D8006C6F61646572206D6F64652E000000002E
:1080E8000A0D52656D6F7465207570646174652042
:1080F800766961206D6F64756C652025642C20702D
:108108006F7274205025642077696C6C206265203A
:108118007472696767657265642E00000A0D506C99
:1081280065617365207573652074686520225354F2
:108138004D20466C617368204C6F61646572204401
:10814800656D6F6E73747261746F722220757469D5
:108158006C69747920746F2075706461746520741B
:108168006865206669726D776172652E090909096B
:10817800090909090909092020200A0D0A092A2ADA
:108188002A20496D706F7274616E74202A2A2A0A37
:108198000D2D2049662074686973206D6F64756CB5
:1081A8006520697320636F6E6E656374656420640F
:1081B80069726563746C7920746F20504320706C09
:1081C8006561736520636C6F7365207468697320DB
:1081D800706F72742066697273742E0A0D0909092A
:1081E80009090909090909092020202D20596F7555
:1081F800206D75737420706F776572206379636C76
:10820800652074686520656E746972652061727294
:108218006179206166746572207468652075706480
:108228006174652069732066696E69736865642E78
:108238000A0D00000D0A424F532E726573706F6E5F
:1082480073653A20616C6C2C206D6573736167658A
:108258002C20636C692C206E6F6E650D0A0000007F
:108268000D0A424F532E74726163653A20616C6C3B
:108278002C206D6573736167652C20726573706F50
:108288006E73652C206E6F6E650D0A00424F532E7B
:10829800636C6962617564726174653A20434C4924
:1082A8002062617564726174652E2044656661752B
:1082B8006C74206973203932313630302E2054687E
:1082C8006973206166666563747320616C6C2070E5
:1082D8006F7274732E20496620796F752063686108
:1082E8006E676520746869732076616C75652C20EB
:1082F8002020202020202020202020796F75206D2C
:1083080075737420636F6E6E65637420746F20617B
:1083180020434C4920706F7274206F6E2065616332
:1083280068207374617274757020746F207265733D
:10833800746F7265206F74686572206172726179FA
:1083480020706F72747320696E746F206465666143
:10835800756C742062617564726174650D0A000041
:10836800424F532E6465626F756E63653A20312003
:108378002E2E2E2E2E2E2E2E2E2E2E2E203635350D
:108388003336206D7365630D0A000000424F532E8B
:1083980073696E676C65636C69636B74696D653A64
:1083A8002031202E2E2E2E2E203635353336206DB8
:1083B8007365630D0A000000424F532E6D696E69A4
:1083C8006E746572636C69636B74696D653A2031AC
:1083D800202E2E2E20323535206D7365630D0A0050
:1083E800424F532E6D6178696E746572636C696370
:1083F8006B74696D653A2031202E2E2E203235356A
:10840800206D7365630D0A003D0000003E0000000A
:108418003C0000003E3D00003C3D0000213D0000C6
:108428000A0D284D6F64756C653A506F727429098E
:108438000900000050256409000000000A0A0D0028
:108448004D6F64756C652025643A090009000000C9
:108458002564090025643A25640900000A0D000016
:108468000A0000000A0D546865736520706F727405
:1084780073206172652072657665727365643A006F
:108488000A0D4D6F64756C65202564203A205025CF
:10849800640000000A0A0D416C6C206F74686572F4
:1084A80020706F72747320617265206E6F726D61D7
:1084B8006C0A0D000A0D2A2A2A204D6F64756C6516
:1084C80020256420537461747573202A2A2A0A00AF
:1084D8000A0D436F6E6E656374656420766961206A
:1084E800706F72743A205025640A0D000A0D4669AF
:1084F800726D776172652076657273696F6E3A2066
:1085080025642E25642E2564000000005365702024
:1085180033302032303234000A0D4669726D77618B
:10852800726520646174653A20202020257300005C
:1085380031353A33343A3437000000000A0D4669C1
:10854800726D776172652074696D653A202020200C
:1085580025730A0D000000000A0D506F7274732015
:108568005374617475733A0A0A0D00005025643A11
:1085780020000000467265650A0D000052656365BB
:108588006976696E67206D657373616765730A0D37
:108598000000000053747265616D696E670A0D0012
:1085A800526563656976696E6720757365722063C5
:1085B8006F6D6D616E64730A0D000000436F6E6E1F
:1085C800656374656420746F206120627574746FCC
:1085D8006E2F7377697463680A0D00000A0D444DA5
:1085E800412053747265616D73205374617475739F
:1085F8003A0A0D000A0D53747265616D696E672041
:10860800444D412025642069732066726565000029
:108618000A0D53747265616D696E6720444D41207F
:1086280025642069732073747265616D696E6720B3
:1086380066726F6D2050256420746F205025640089
:108648000A0D546865736520706F727473206172C7
:10865800652072657665727365643A2000000000D3
:1086680050256420000000004E6F6E650000000079
:1086780082500008905000089E500008AC50000836
:10868800BA5000086D650000616C6C00A85B0008BA
:1086980024580008405800085E5800088C58000804
:1086A800BA580008FA5800083A590008245800082F
:1086B800AC5B0008F4590008145A0008365A000840
:1086C800685A00089A5A0008DE5A0008345B000805
:1086D800F45900084C5E0008545E00085C5E00080F
:1086E800645E00086C5E0008C25E0008CA5E00088E
:1086F800D25E0008DA5E0008E25E000825732025D5
:108708003032642F253032642F2530346400000065
:10871800253032643A253032643A2530326400001C
:10872800081C3044586C80000A0D0A0D3D3D3D3D43
:108738003D3D3D3D3D3D3D3D3D3D3D3D3D3D3D3D61
:108748003D3D3D3D3D3D3D3D3D3D3D3D3D3D3D3D51
:108758003D3D3D3D3D3D3D3D3D3D3D3D3D3D3D3D41
:108768000920202020200A0D3D3D3D3D3D3D3D3D59
:108778003D3D3D3D3D3D3D3D3D3D3D3D3D3D3D3D21
:108788003D3D3D3D3D3D3D3D3D3D3D3D3D3D3D3D11
:108798003D3D3D3D3D3D3D3D3D3D3D3D092020208C
:1087A80020200A0D7C7C2020202020202020202032
:1087B800202057656C636F6D6520746F2042697463
:1087C8007A4F5320434C492120202020202020206C
:1087D8002020202020207C7C0909200A0D7C7C2078
:1087E80020202020202028432920434F5059524937
:1087F80047485420484558414249545A203230315C
:10880800372D323032342E20202020202020207C8A
:108818007C0920202020200A0D7C7C20202020207C
:108828002020202020202020202020202020202040
:108838002020202020202020202020202020202030
:1088480020202020202020202020207C7C09092096
:108858000A0D7C7C202020202020506C65617365E7
:1088680020636865636B207468652070726F6A6541
:1088780063742077656273697465206174202020B1
:10888800202020207C7C0909200A0D7C7C202020C7
:1088980020202020202020202020687474703A2F67
:1088A8002F686578616269747A2E636F6D2F202056
:1088B800202020202020202020202020207C7C090F
:1088C80020202020200A0D7C7C2020202020202011
:1088D8002020202020202020202020202020202090
:1088E8002020202020202020202020202020202080
:1088F8002020202020202020207C7C0920202020CF
:10890800200A0D7C7C202020547970652068656CD5
:108918007020666F722061206C697374206F662006
:10892800617661696C61626C6520636F6D6D616E03
:1089380064732E20207C7C0920202020200A0D3DF5
:108948003D3D3D3D3D3D3D3D3D3D3D3D3D3D3D3D4F
:108958003D3D3D3D3D3D3D3D3D3D3D3D3D3D3D3D3F
:108968003D3D3D3D3D3D3D3D3D3D3D3D3D3D3D3D2F
:108978003D3D3D0920202020200A0D3D3D3D3D3D47
:108988003D3D3D3D3D3D3D3D3D3D3D3D3D3D3D3D0F
:108998003D3D3D3D3D3D3D3D3D3D3D3D3D3D3D3DFF
:1089A8003D3D3D3D3D3D3D3D3D3D3D3D3D3D3D0923
:1089B80020202020200A0A0D000000000D0A0000D7
:1089C8000D0A5B507265737320454E5445522074EE
:1089D8006F206578656375746520746865207072AA
:1089E8006576696F757320636F6D6D616E64206164
:1089F8006761696E5D0D0A3E00000000436F6E6E90
:108A0800656374656420746F206D6F64756C652090
:108A1800256420282573292C20706F727420502516
:108A2800642E0A0A0D3E0000696620000A43616E42
:108A38006E6F742073746F7265206D6F726520435A
:108A48006F6D6D616E6420536E6970706574732EFE
:108A580020506C656173652064656C65746520657C
:108A680078697374696E67206F6E657320616E64D0
:108A78002074727920616761696E2E0A0D0000000A
:108A8800656E642069660000000000000A436F6E8E
:108A9800646974696F6E616C2073746174656D6567
:108AA8006E7420616363657074656420616E642010
:108AB800616464656420746F20436F6D6D616E64DA
:108AC80020536E6970706574732E0A0D00000000E3
:108AD800626F730057726F6E67206D6F64756C6597
:108AE800206E616D652120506C656173652074721C
:108AF8007920616761696E2E0A0D000057726F6EEA
:108B080067206D6F64756C652049442120506C6541
:108B18006173652074727920616761696E2E0A0D30
:108B280000000000436F6D6D616E642062726F61BA
:108B38006463617374656420746F20616C6C0A0DE2
:108B48000000000025734D756C74696361737420AF
:108B5800436F6D6D616E6420666F727761726465D4
:108B68006420746F2067726F75702025730A0D007A
:108B78007570646174650000436F6D6D616E64208B
:108B8800666F7277617264656420746F204D6F64DC
:108B9800756C652025640A0D0000000025734D6F73
:108BA80064756C65202564206973206E6F7420726B
:108BB8006561636861626C652E0A0D00636C6963A8
:108BC8006B656400646F75626C6520636C69636BC8
:108BD800656400007072657373656420666F722047
:108BE8000000000072656C656173656420666F72D1
:108BF80020000000200000007A730008D8720008E6
:108C0800EC7200080073000822730008367300082D
:108C180058730008081C3044586C80003D3D003EE5
:108C280000003C00003E3D003C3D00213D000000AE
:108C380072756E2D74696D652D737461747300009F
:108C480072756E2D74696D652D73746174733A0D48
:108C58000A20446973706C61792061207461626CC8
:108C6800652073686F77696E6720686F77206D7508
:108C780063682070726F63657373696E67207469C7
:108C88006D652065616368204672656552544F536F
:108C9800207461736B2068617320757365640D0AB5
:108CA8000D0A0000388C0208488C020881760008FA
:108CB800000000007461736B2D737461747300009D
:108CC8007461736B2D73746174733A0D0A2044696F
:108CD80073706C61792061207461626C65207368BF
:108CE8006F77696E67207468652073746174652096
:108CF8006F662065616368204672656552544F53FC
:108D0800207461736B0D0A0D0A000000BC8C020808
:108D1800C88C0208417600080000000070696E6780
:108D28000000000070696E673A0D0A2050696E678E
:108D38002061206D6F64756C650D0A0D0A000000D6
:108D4800248D02082C8D0208C1760008000000005E
:108D580075706461746500007570646174653A0DBE
:108D68000A2050757420746865206D6F64756C6591
:108D780020696E20666163746F727920626F6F7408
:108D88006C6F61646572206D6F646520746F207507
:108D9800706461746520697473206669726D7761A7
:108DA80072652E0D0A0A09090909090920202D20D2
:108DB8005573652027236E2E7570646174652720AE
:108DC800746F207570646174652072656D6F746569
:108DD800206D6F64756C65206E2E204D616B65206B
:108DE80073757265207468652070726F6772616D43
:108DF8006D696E6720706F7274206973207468657E
:108E080020696E636F6D696E6720706F7274206F72
:108E1800662074686973206D6F64756C652E0D0A21
:108E280009090909090920202D205573652027758E
:108E380070646174652076696120236E20707827DC
:108E480020746F207573652074686520535420461C
:108E58006C617368204C6F6164657220746F6F6C0D
:108E68002077697468206D6F64756C65206E2C209E
:108E7800706F7274207820746F20757064617465E7
:108E88002061206E65696768626F72206D6F647516
:108E98006C652E2054686973206973207573656644
:108EA800756C206966200909090909090974617244
:108EB800676574206D6F64756C65206973206E6FCB
:108EC800742070617274206F662074686520746FF6
:108ED800706F6C6F6779206F722069662070726F8F
:108EE8006772616D6D696E6720706F727420697347
:108EF800206E6F7420696E207468652073686F72C5
:108F080074657374207061746820746F2074617262
:108F1800676574206D6F64756C652E0D0A0D0A0007
:108F2800588D0208608D020859770008FF0000007C
:108F3800726573657400000072657365743A0D0A92
:108F480020526573657420746865206D6F64756C54
:108F5800650D0A0D0A000000388F0208408F0208CC
:108F680055790008000000006E616D650000000082
:108F78006E616D653A0D0A204E616D6520746865F5
:108F8800206D6F64756C65207769746820616E2048
:108F9800616C6961732028317374207061722E29A5
:108FA8000D0A0D0A00000000708F0208788F020871
:108FB800657900080100000067726F757000000095
:108FC80067726F75703A0D0A2047726F7570206D61
:108FD800756C7469706C65206D6F64756C65732051
:108FE80028326E642B207061722E2920696E746F8E
:108FF8002061206E6577206F7220657869737469C7
:109008006E672067726F75702028317374207061E5
:10901800722E290D0A0D0A00C08F0208C88F020897
:109028004D7A0008FF0000007374617475730000C6
:109038007374617475733A0D0A20446973706C61B6
:1090480079206D6F64756C65207374617475730D28
:109058000A0D0A003090020838900208497D00087D
:1090680000000000696E666F00000000696E666FA0
:109078003A0D0A20446973706C61792061727261DB
:109088007920696E666F726D6174696F6E0D0A0D75
:109098000A0000006C90020874900208657D0008C0
:1090A80000000000736361737400000073636173F0
:1090B800743A0D0A20537461727420612073696ECA
:1090C800676C652D6361737420444D41207374721D
:1090D80065616D2E20536F7572636520706F7274B1
:1090E8002028317374207061722E292C20736F75BB
:1090F800726365206D6F64756C652028326E64201C
:109108007061722E292C2064657374696E617469AC
:109118006F6E20706F7274202833726420706172D1
:109128002E292C2020202020202020202020202014
:1091380020202020202020202064657374696E611F
:1091480074696F6E206D6F64756C6520283474685F
:10915800207061722E292C20646972656374696FAE
:109168006E202827666F7277617264272C20276229
:1091780061636B77617264272C2027626964697266
:10918800656374696F6E616C2729202835746820BF
:109198007061722E292C207472616E73666572205C
:1091A800636F756E74202862797465732920283678
:1091B8007468207061722E292C207472616E736637
:1091C80065722074696D656F757420286D73292028
:1091D80028377468207061722E290D0A0D0A000064
:1091E800AC900208B4900208617E000807000000F5
:1091F8006164642D627574746F6E00006164642D1F
:10920800627574746F6E3A0D0A20446566696E65FE
:10921800206120627574746F6E206174206F6E65B2
:10922800206F662074686520617272617920706FA2
:109238007274732E20427574746F6E207479706521
:109248002028276D6F6D656E746172792D6E6F279A
:109258002C20276D6F6D656E746172792D6E632792
:109268002C20276F6E6F66662D6E6F272C20276F58
:109278006E6F66662D6E63272928317374207061BE
:10928800722E292C20427574746F6E20706F727460
:109298002028326E64207061722E290D0A0D0A0092
:1092A800F8910208049202083D81000802000000BB
:1092B80072656D6F76652D627574746F6E0000004F
:1092C80072656D6F76652D627574746F6E3A0D0AEE
:1092D8002052656D6F7665206120627574746F6EBB
:1092E8002074686174207761732070726576696F85
:1092F80075736C7920646566696E65642061742095
:109308007468697320706F727420283173742070C8
:1093180061722E290D0A0D0A00000000B892020899
:10932800C89202088D82000801000000736574006D
:109338007365743A0D0A2053657420612070617258
:10934800616D657465722028317374207061722EA6
:10935800292077697468206120676976656E2076B0
:10936800616C75652028326E64207061722E290D3B
:109378000A0D0A0034930208389302082183000872
:10938800FF000000676574006765743A0D0A20479E
:109398006574207468652063757272656E742076D2
:1093A800616C7565206F66206120706172616D6502
:1093B8007465722028317374207061722E290D0A29
:1093C8000D0A00008C93020890930208198F000878
:1093D800FF00000064656661756C74006465666111
:1093E800756C743A0D0A2054797065202764656697
:1093F80061756C7420706172616D732720746F20C1
:1094080073657420616C6C20706172616D65746540
:10941800727320746F2064656661756C7420766160
:109428006C7565730D0A205479706520276465662C
:1094380061756C742061727261792720746F207273
:10944800656D6F76652063757272656E7420746FD2
:10945800706F6C6F67790D0A0D0A0000DC930208C3
:10946800E4930208CD9200080100000074696D655C
:109478000000000074696D653A0D0A204469737034
:109488006C61792063757272656E742074696D659C
:1094980020696E2048483A4D4D3A53532D6D7365F7
:1094A8006320666F726D61740D0A0D0A000000007A
:1094B800749402087C940208C1930008000000001C
:1094C8006461746500000000646174653A0D0A20E7
:1094D800446973706C61792063757272656E74206B
:1094E8006461746520696E205765656B64617920D5
:1094F8004D4D2F44442F5959595920666F726D614B
:10950800740D0A0D0A000000C8940208D0940208DD
:1095180099940008000000007365742D62617564F9
:1095280072617465000000007365742D6261756472
:10953800726174653A0D0A2053657420554152547E
:109548002062617564726174650D0A09283173744B
:1095580020706172616D65746572293A20503120FE
:10956800746F2050360D0A0928326E6420706172BB
:10957800616D65746572293A2062617564726174FF
:10958800650D0A0D0A0000002095020830950208B2
:10959800CD940008020000007575696400000000A1
:1095A800757569643A0D0A20446973706C61792095
:1095B8004D435520756E69717565205549440D0AEE
:1095C8000D0A0000A0950208A89502088D950008CC
:1095D800000000006964636F646500006964636F7C
:1095E80064653A0D0A20446973706C6179204D43B3
:1095F80055204944434F444520284445565F494433
:1096080020616E64205245565F4944290D0A0D0AAF
:1096180000000000DC950208E4950208FD950008AA
:1096280000000000666C6173682D73697A6500003C
:10963800666C6173682D73697A653A0D0A2044690E
:1096480073706C6179204D435520466C61736820B6
:1096580073697A6520696E204B62797465730D0AA7
:109668000D0A00002C96020838960208DD960008BC
:1096780000000000736E697000000000736E69706E
:109688003A0D0A20446973706C61792061206C6915
:109698007374206F662073746F72656420436F6DF6
:1096A8006D616E6420536E69707065747320746F99
:1096B8002065646974206F722064656C6574650D3B
:1096C8000A0D0A007C960208849602081197000881
:1096D800000000006163742D736E69700000000063
:1096E8006163742D736E69703A0D0A204163746961
:1096F80076617465206120436F6D6D616E642053DF
:109708006E69707065740D0A0D0A0000DC96020817
:10971800E8960208BD9A00080100000070617573A0
:10972800652D736E6970000070617573652D736EB9
:1097380069703A0D0A205061757365206120436F86
:109748006D6D616E6420536E69707065740D0A0DDD
:109758000A0000002497020830970208759B000849
:109768000100000064656C2D736E697000000000D4
:1097780064656C2D736E69703A0D0A2044656C65DA
:109788007465206120436F6D6D616E6420536E694E
:10979800707065740D0A0D0A000000006C970208CD
:1097A800789702082D9C0008010000006272696425
:1097B800676500006272696467653A0D0A20427243
:1097C800696467652074776F2061727261792070AF
:1097D8006F7274730D0A0D0A00000000B497020836
:1097E800BC970208019E000802000000756E6272B4
:1097F8006964676500000000756E62726964676578
:109808003A0D0A20556E2D62726964676520747777
:109818006F20617272617920706F7274730D0A0D16
:109828000A000000F4970208009802081D9F00082B
:1098380002000000746573742D706F72740000006C
:10984800746573742D706F72743A0D0A20746573A1
:109858007420706F72742066756E6374696F6E61C0
:109868006C6974792E20796F752063616E20636846
:109878006F6F73652065697468657220746F2074F2
:10988800657374206F6E65207370656369666963BC
:1098980020706F7274206F7220746F2074657374F7
:1098A80020616C6C20706F7274732E20706C65610F
:1098B80073652074797065205078207768657265C3
:1098C8002078207374616E647320666F72207468E8
:1098D80065206E756D626572206F6620706F727498
:1098E800206F722074797065203C616C6C3E207426
:1098F8006F207465737420616C6C20706F72740DC6
:109908000A0D0A003C9802084898020839A0000885
:1099180001000000726561642D616463000000004D
:10992800726561642D6164633A0D0A205265616451
:10993800204144432056616C75652066726F6D2026
:10994800506F72742032206F7220506F72742033FF
:1099580020616E642063686F6F736520746865208A
:1099680073696465207768657265617320746F70C8
:10997800206F7220626F74746F6D0D0A0D0A0000FB
:109988001C9902082899020821A300080200000077
:10999800726561642D74656D7000000072656164A4
:1099A8002D74656D703A0D0A205265616420696EE8
:1099B8007465726E616C2074656D70657261747522
:1099C80072650D0A0D0A000098990208A499020808
:1099D80055A4000800000000726561642D76726568
:1099E80066000000726561642D767265663A0D0A3C
:1099F800205265616420696E7465726E616C2072B4
:109A080065666572656E636520566F6C746167651F
:109A18000D0A0D0A00000000E0990208EC990208FE
:109A2800A9A4000800000000726561642D616463E8
:109A38002D70657263656E74616765007265616437
:109A48002D6164632D70657263656E746167653A34
:109A58000D0A204765742070657263656E746167CE
:109A6800652076616C75652066726F6D20706F7207
:109A7800742032206F7220706F727420330D0A0DBB
:109A88000A000000309A0208449A0208FDA400085F
:109A9800010000005461736B205374617465205099
:109AA80072696F7269747920537461636B20230D36
:109AB8000A2A2A2A2A2A2A2A2A2A2A2A2A2A2A2A1E
:109AC8002A2A2A2A2A2A2A2A2A2A2A2A2A2A2A2AEE
:109AD8002A2A2A2A2A2A2A2A2A2A2A2A2A2A2A2ADE
:109AE8002A0D0A005461736B204162732054696D1A
:109AF8006520252054696D650D0A2A2A2A2A2A2AF2
:109B08002A2A2A2A2A2A2A2A2A2A2A2A2A2A2A2AAD
:109B18002A2A2A2A2A2A2A2A2A2A2A2A2A2A2A2A9D
:109B28002A2A0D0A00000000766961004D6F6475ED
:109B38006C6573205B0000002C2000000A0D4E7538
:109B48006D626572206F66206D6F64756C65733A1F
:109B58002025640A000000000A0D41727261792014
:109B6800746F706F6C6F67793A0A0000436F756C99
:109B780064206E6F74207265616420706F727473F4
:109B880020646972656374696F6E20666F722073F2
:109B98006F6D65206D6F64756C65732120506C6501
:109BA8006173652074727920616761696E0A0D00BE
:109BB80020000000666F7277617264006261636BF7
:109BC8007761726400000000626964697265637499
:109BD800696F6E616C0000006D6F6D656E74617207
:109BE800792D6E6F000000006D6F6D656E74617287
:109BF800792D6E63000000006F6E6F66662D6E6FC4
:109C0800000000006F6E6F66662D6E630000000036
:109C1800626F732E00000000726573706F6E73655B
:109C280000000000616C6C006D657373616765000E
:109C3800636C69006E6F6E6500000000747261638A
:109C480065000000636C6962617564726174650027
:109C58006465626F756E63650000000073696E6706
:109C68006C65636C69636B74696D65006D696E69B9
:109C78006E746572636C69636B74696D650000006E
:109C88006D6178696E746572636C69636B74696D14
:109C980065000000616D0000706D00006D6F6E64FE
:109CA8006179000074756573646179007765646E25
:109CB8006573646179000000746875727364617912
:109CC8000000000066726964617900007361747550
:109CD800726461790000000073756E646179000038
:109CE8006A616E7561727900312000006665627282
:109CF8007561727900000000322000006D617263A6
:109D08006800000033200000617072696C00000078
:109D1800342000006D617900352000006A756E6599
:109D280000000000362000006A756C790000000011
:109D380037200000617567757374000038200000D3
:109D480073657074656D62657200000039200000EB
:109D58006F63746F62657200313000006E6F7665F4
:109D68006D62657200000000313100006465636552
:109D78006D62657200000000313200006D7367008B
:109D880025640A0D0000000025732325640A0D00D0
:109D9800706172616D730000617272617900000018
:109DA800414D0000504D0000257300000D0A0000D1
:109DB80053544D33324630337800000053544D33FA
:109DC800324630347800000053544D333246303533
:109DD8007800000053544D33324630377800000085
:109DE80053544D333246303978000000554E4B4EAF
:109DF8004F574E0052960008829600087296000847
:109E0800829600083296000842960008829600085A
:109E18008296000862960008506175736564004177
:109E2800637469766500000048000000746F700074
:109E3800626F74746F6D00004144435F56616C75C6
:109E4800653D2575200D0A00696E7465726E616C3A
:109E58002074656D70657261747572652069732010
:109E6800252E326643200D0A00000000696E7465D5
:109E7800726E616C207265666572656E63652076C8
:109E88006F6C746167652069733D252E32665620B4
:109E98000D0A00004144432076616C7565207065A9
:109EA8007263656E746167652069733D252E32663D
:109EB800252520250D0A000048692066726F6D204F
:109EC8006D6F64756C652025640D0A00486920660D
:109ED800726F6D206D6F64756C6520256420282570
:109EE80073290D0A000000005570646174652066CE
:109EF80069726D7761726520666F72206D6F647527
:109F08006C652025640A0D0057726F6E67207661B4
:109F18006C7565210A0D00004D6F64756C65202510
:109F280064206973206E616D65642025730A0D00D5
:109F38002573206973206120726573657276656484
:109F480020424F53206B6579776F72642120506CE3
:109F5800656173652075736520612064696666654F
:109F680072656E7420616C6961730A0D00000000EF
:109F7800257320697320616C72656164792075733B
:109F880065642120506C6561736520757365206177
:109F980020646966666572656E7420616C696173B8
:109FA8000A0D0000257320697320616E20657869A9
:109FB8007374696E6720434C4920636F6D6D616EE1
:109FC800642120506C65617365207573652061207C
:109FD800646966666572656E7420616C6961730A8E
:109FE8000D000000257320697320612077726F6E61
:109FF80067206D6F64756C65204944206F7220611D
:10A008006C6961730A0D0000506C656173652065A9
:10A018006E74657220736F6D65206D6F64756C6505
:10A028002049447320746F2061646420746F202574
:10A03800730A0D005D20616464656420746F206E8E
:10A0480065772067726F75702025730A0D00000010
:10A058005D20616464656420746F20657869737439
:10A06800696E672067726F75702025730A0D00008E
:10A0780041637469766174696E6720612025732075
:10A0880073696E676C652D6361737420444D41205C
:10A0980073747265616D2066726F6D20502564203F
:10A0A800696E206D6F64756C6520257320746F2050
:10A0B80050256420696E206D6F64756C652025736A
:10A0C8002E205468652073747265616D2077696C01
:10A0D8006C20646561637469766174652061667477
:10A0E8006572202564206279746573206F7220255B
:10A0F80064206D730A0D000041206E65772025737A
:10A1080020627574746F6E206E616D6564204225DF
:10A11800642077617320646566696E656420617484
:10A1280020706F7274205025640A0D004275747493
:10A138006F6E20422564207761732072656D6F769B
:10A1480065642066726F6D20706F7274205025648C
:10A158000A0D0000257320776173207365742074DD
:10A168006F2025730A0D00000A596F75206D7573ED
:10A1780074207265737461727420746F20656E61E7
:10A18800626C6520746865206E657720626175640D
:10A19800726174652E0A0D005468697320616666E1
:10A1A8006563747320616C6C20706F7274732E20F9
:10A1B800496620796F75206368616E6765207468E9
:10A1C80069732076616C75652066726F6D206465B1
:10A1D8006661756C742C20090909090909090909BE
:10A1E800090909202020796F75206D757374206323
:10A1F8006F6E6E65637420746F206120434C492034
:10A20800706F7274206F6E2065616368207374616B
:10A218007274757020746F20726573746F72652024
:10A228006F7468657220617272617920706F7274E0
:10A238007320696E746F2064656661756C74206242
:10A24800617564726174650A0D00000057726F6E63
:10A258006720706172616D65746572210A0D000076
:10A2680025730A0D0000000025732067726F757052
:10A2780020646F6573206E6F74206578697374212C
:10A288000A0D000047726F7570202573206D656D8B
:10A29800626572733A0A0D0025732069732073652D
:10A2A8007420746F20612077726F6E672076616CFE
:10A2B8007565210A0D000000416C6C2070617261A7
:10A2C8006D65746572732073657420746F2064659E
:10A2D8006661756C742076616C7565730A0D000093
:10A2E80043757272656E7420617272617920746F41
:10A2F800706F6C6F6779207761732072656D6F7608
:10A3080065642E20506C65617365207265626F6F9D
:10A318007420616C6C206D6F64756C65730A0D0038
:10A3280043757272656E742074696D652069732057
:10A33800253032643A253032643A253032642D258E
:10A348003033640A0D00000043757272656E742024
:10A3580074696D6520697320253032643A2530327E
:10A36800643A253032642D253033642025730A0D74
:10A378000000000043757272656E74206461746534
:10A388002069732025730A0D0000000057726F6E54
:10A398006720706172616D65746572210D0A000035
:10A3A800426175647261746520666F7220706F72A5
:10A3B8007420502564207761732073657420746F4E
:10A3C8002025640D0A0000004D4355205555494489
:10A3D8002069730A0D0000004D4355204445565F1F
:10A3E80049442069732025730A0D000025734D43E5
:10A3F80055205245565F49442069732025642E3004
:10A408000A0D00004D435520466C6173682073693E
:10A418007A65206973202564204B62797465730A14
:10A428000D00000054686520666F6C6C6F77696E6C
:10A438006720436F6D6D616E6420536E697070653F
:10A448007473206172652073746F72656420696E1D
:10A45800206D656D6F72793A0A0A0D005B253032FE
:10A46800645D2025730A0D002573696620622564E2
:10A478002E636C69636B6564000000002573696670
:10A48800206225642E646F75626C6520636C696355
:10A498006B65640025736966206225642E70726599
:10A4A8007373656420666F7220256400257369667E
:10A4B800206225642E72656C656173656420666F21
:10A4C800722025640000000025736966202573202A
:10A4D800257320252E31660025730A0D0925730082
:10A4E8000A0D656E642069660A0A0D00546F2064BF
:10A4F800656C657465206120536E69707065742C95
:10A5080020747970653A2064656C2D736E697020CB
:10A51800780A0D546F2061637469766174652061EF
:10A5280020536E69707065742C20747970653A20B8
:10A5380009090909090909090909090909096163D1
:10A54800742D736E697020780A0D546F20706175D0
:10A558007365206120536E69707065742C2074795E
:10A5680070653A2070617573652D736E6970207817
:10A578000A0A0D7768657265207820697320746807
:10A588006520536E6970706574206E756D626572B2
:10A598002066726F6D20746865206C6973740A0D8B
:10A5A80000000000536E6970706574207761732035
:10A5B8006163746976617465642E205479706520CE
:10A5C800736E697020746F20766965772075706482
:10A5D80061746564206C6973740A0D0054686520A1
:10A5E800536E6970706574206E756D626572207740
:10A5F8006173206E6F7420666F756E640A0D0000BB
:10A60800536E69707065742077617320706175731B
:10A6180065642E205479706520736E697020746F9C
:10A6280020766965772075706461746564206C694B
:10A6380073740A0D00000000536E69707065742011
:10A648007761732064656C657465642E2054797035
:10A658006520736E697020746F2076696577207540
:10A66800706461746564206C6973740A0D0000007D
:10A6780050256420616E6420502564206172652035
:10A688006272696467656420746F6765746865726F
:10A698000A0D000057726F6E672073796E746178C7
:10A6A8000A0D0000506F7274206272696467696EE7
:10A6B80067206661696C65640A0D00005025642096
:10A6C800616E64205025642061726520756E2D626C
:10A6D8007269646765640A0D00000000506F727447
:10A6E80020756E6272696467696E67206661696C5D
:10A6F80065640A0D00000000502564206973207706
:10A708006F726B696E6720636F72726563746C79C0
:10A718000A0D000050256420746573742066616911
:10A728006C65640A0D000000506C656173652073E8
:10A73800686F7274656E20746865206E6578742021
:10A74800706F727420616E6420707265737320611B
:10A758006E79206B657920746F20636F6E74696EF3
:10A7680075652074657374696E6720746865206EFA
:10A77800657874206F6E650A0D0A0D00746865208F
:10A78800706F7274206E756D6265722069732077C0
:10A79800726F6E670A0D000057726F6E6720506106
:10A7A80072616D657465720A0D00000057726F6EF4
:10A7B8006720506F7274206E756D626572200A0D85
:10A7C80000000000081C3044586C80004465666135
:10A7D800756C745461736B004261636B456E6454AD
:10A7E80061736B00557365725461736B00000000F0
:10A7F800436C695461736B0050314D7367546173D6
:10A808006B00000050324D73675461736B00000099
:10A8180050334D73675461736B00000050344D73AF
:10A82800675461736B00000050354D736754617352
:10A838006B000000081C3044586C8000537472652B
:10A84800616D54696D6572003EB30008EEB2000890
:10A85800FEB200080EB300081EB300082EB30008AD
:10A86800081C3044586C800048692066726F6D205F
:10A878006D6F64756C652025640D0A004869206653
:10A88800726F6D206D6F64756C65202564202825B6
:10A8980073290D0A00000000746F7000626F7474F1
:10A8A8006F6D0000781A010896CD0008CECD00081B
:10A8B8004CCE00089CCE0008AECE0008D419010882
:10A8C800D4190108D4190108D4190108BECE00080A
:10A8D800A2CF0008D4190108D4190108A0D400088F
:10A8E800E4D7000862D5000830D60008D41901085A
:10A8F80008D700081CD7000890D90008A2D900087A
:10A90800B6D9000822DB000820DC000836DC000885
:10A91800CCDC0008B0E40008D4190108BCE6000843
:10A928007AEE0008B0F50008CC060108B0F500087A
:10A93800F606010854070108D4190108D4190108BA
:10A94800D4190108CA0B0108640C0108640C010839
:10A95800700C0108DA0D0108E40D0108EE0D01087C
:10A968003E1901088A19010868EE0008A4E70008E2
:10A97800C8E70008EEE7000826E8000870E80008C5
:10A98800BEE800080CE90008A4E700086EEE00081D
:10A9980044EA000868EA00088EEA0008C6EA0008E7
:10A9A800FEEA00084CEB00089AEB000844EA0008AD
:10A9B80074EE0008C4EC0008E8EC00080EED00088E
:10A9C80046ED00087EED0008CCED00081AEE000800
:10A9D800C4EC0008ECEE0008F4EE000834EF0008C0
:10A9E80098EF0008FEEF000864F0000808F100087E
:10A9F800ACF10008F4EE000898F5000886F20008AB
:10AA0800BAF20008F0F2000858F30008B2F30008A0
:10AA180054F40008F6F4000886F200088AFE0008DC
:10AA280066F6000862F7000848F8000856F90008BA
:10AA380074FA0008C6FB000818FD000866F600084E
:10AA48008C0301086C0001089A000108CA0001087B
:10AA5800220101089801010838020108D8020108FA
:10AA68006C000108760601080604010806040108BE
:10AA78005404010854040108C8040108C804010862
:10AA88009C05010806040108280E0108440F010866
:10AA980018100108A4100108E8110108A8120108FB
:10AAA8009C13010870160108740E0108081C304434
:10AAB800586C80000000000053776974636854691B
:10AAC8006D657200081C3044586C800052450108BE
:10AAD800924501081645010834450108D245010888
:10AAE800144601085646010898460108FC46010824
:10AAF8003A470108626F74746F6D0000746F7000DC
:10AB0800081C3044586C8000526573746172746913
:10AB18006E672E2E2E0D0A00486172644661756CB0
:10AB280074204572726F720D0A00000053746163DD
:10AB38006B204F766572666C6F770D0A0000000017
:10AB4800486561702073697A652065786365656416
:10AB580065640D0A00000000081C3044586C800031
:10AB680053657020333020323032340031353A3377
:10AB7800343A343800000000081C3044586C800017
:10AB8800B6700108A2700108A6700108AA70010831
:10AB9800AE700108B2700108081C3044586C80007F
:10ABA800000000000000000000000000000000009D
:10ABB800000000000000000000000000000000008D
:10ABC8000100000002000000030000000400000073
:10ABD800060000000700000008000000090000004F
:10ABE800000000000000000000000000000000005D
:10ABF8000100000002000000030000000400000043
:10AC0800081C3044586C800068656C7000000000B7
:10AC18000D0A68656C703A0D0A204C6973747320CC
:10AC2800616C6C20746865207265676973746572FD
:10AC3800656420636F6D6D616E64732E2054797046
:10AC480065202768656C7020706172616D732720BC
:10AC5800746F206C69737420617661696C61626CD1
:10AC68006520706172616D657465727320616E64D0
:10AC780020746865697220706F737369626C6520EF
:10AC880076616C7565730D0A0D0A000010AC020838
:10AC980018AC020855770108FF000000496E636F81
:10ACA800727265637420636F6D6D616E642070618C
:10ACB80072616D657465722873292E2020456E7443
:10ACC8006572202268656C702220746F2076696531
:10ACD800772061206C697374206F662061766169E2
:10ACE8006C61626C6520636F6D6D616E64732E0DAF
:10ACF8000A0D0A00436F6D6D616E64206E6F7420DB
:10AD08007265636F676E697365642E2020456E7483
:10AD18006572202268656C702220746F20766965E0
:10AD2800772061206C697374206F66206176616991
:10AD38006C61626C6520636F6D6D616E64732E0D5E
:10AD48000A0D0A00706172616D73000049444C4538
:10AD58000000000009256309257509257509257571
:10AD68000D0A0000589C0108629C01086C9C0108AF
:10AD7800769C0108809C0108092575090925752517
:10AD8800250D0A0009257509093C3125250D0A00FC
:10AD98008A9F01084C9F01085A9F0108669F010875
:10ADA8006E9F010892A0010854A0010862A0010842
:10ADB8006EA0010876A00108546D722053766300D6
:10ADC8000CA601080CA601080CA6010870A601082B
:10ADD80084A60108B4A601080CA601080CA601085F
:10ADE80070A6010884A60108546D72510000000085
:10ADF800081C3044586C8000010002000400060062
:10AE080008000A000C00100020004000800000012B
:10AE1800081C3044586C8000010101030701000040
:10AE28000804020408010101481800083A1800083B
:10AE38001818000844180008181800082E1B0008E5
:10AE480018180008441800083A1800083A180008AA
:10AE58002E1B0008441800080018000800180008F5
:10AE680000180008A01B00082E0000003400000095
:10AE7800CEFBFFFFCB030000010000000000000034
:10AE880035000000CEFBFFFFCB03000001000000EF
:10AE98000000000000000000BC89D897B2D29C3C9A
:10AEA80033A7A8D523F649393DA7F444FD0FA532A9
:10AEB8009D978CCF08BA5B25436FAC642806681150
:10AEC8000020202020202020202028282828282072
:10AED800202020202020202020202020202020206A
:10AEE80020881010101010101010101010101010D2
:10AEF80010040404040404040404041010101010C2
:10AF0800101041414141414101010101010101018B
:10AF180001010101010101010101010110101010DD
:10AF2800101042424242424202020202020202025D
:10AF380002020202020202020202020210101010B1
:10AF480020000000000000000000000000000000D9
:10AF580000000000000000000000000000000000E9
:10AF680000000000000000000000000000000000D9
:10AF780000000000000000000000000000000000C9
:10AF880000000000000000000000000000000000B9
:10AF980000000000000000000000000000000000A9
:10AFA8000000000000000000000000000000000099
:10AFB8000000000000000000000000000000000089
:10AFC800004300504F5349580042616C6C6F632036
:10AFD800737563636565646564002F6275696C6485
:10AFE8002F676E752D746F6F6C732D666F722D736E
:10AFF800746D33325F31322E332E72656C312E32DE
:10B00800303234303631322D313331352F7372636B
:10B018002F6E65776C69622F6E65776C69622F6C2D
:10B028006962632F7374646C69622F6764746F61FB
:10B038002D6765746865782E63002F6275696C6486
:10B048002F676E752D746F6F6C732D666F722D730D
:10B05800746D33325F31322E332E72656C312E327D
:10B06800303234303631322D313331352F7372630B
:10B078002F6E65776C69622F6E65776C69622F6CCD
:10B088006962632F7374646C69622F6D7072656393
:10B098002E63000005000000190000007D0000007C
:10B0A8000080E03779C34143176E05B5B5B89346BC
:10B0B800F5F93FE9034F384D321D30F94877825A88
:10B0C8003CBF737FDD4F1575000000000000F03FA6
:10B0D800000000000000244000000000000059406B
:10B0E8000000000000408F40000000000088C340BE
:10B0F80000000000006AF8400000000080842E4133
:10B1080000000000D01263410000000084D797417E
:10B118000000000065CDCD41000000205FA0024284
:10B12800000000E876483742000000A2941A6D42F9
:10B13800000040E59C30A2420000901EC4BCD642EC
:10B1480000003426F56B0C430080E03779C3414397
:10B1580000A0D8855734764300C84E676DC1AB430D
:10B16800003D9160E458E143408CB5781DAF15442B
:10B1780050EFE2D6E41A4B4492D54D06CFF0804406
:10B18800F64AE1C7022DB544B49DD9794378EA441B
:10B19800494E4600696E66004E414E006E616E0073
:10B1A8003031323334353637383961626364656635
:10B1B800003031323334353637383941424344452B
:10B1C80046003000303030303030303030303030C1
:10B1D8003030303020202020202020202020202027
:10B1E800202020202C2066756E6374696F6E3A20CB
:10B1F80000617373657274696F6E20222573222053
:10B208006661696C65643A2066696C6520222573FD
:10B21800222C206C696E65202564257325730A002D
:10B22800496E66696E697479004E614E002F6275C9
:10B23800696C642F676E752D746F6F6C732D666FF4
:10B24800722D73746D33325F31322E332E72656C0A
:10B25800312E32303234303631322D313331352FD0
:10B268007372632F6E65776C69622F6E65776C6990
:10B27800622F6C6962632F7374646C69622F6474E3
:10B288006F612E6300303030303030303030303045
:10B298003030303030202020202020202020202056
:08B2A8002020202020000000FE
:08B2B0003C54FD7F0100000089
:08B2B800FD320208E900000864
:04B2C000C1000008C1
:10B2C4000E00000000001300000000000000150044
:10B2D400000000000B000000000000001E0032000F
:10B2E40005FA000000100E00001800000000000025
:10B2F40000000000000000006000000000000100E9
:10B304000E000000507F0208547F0208587F020894
:10B314005C7F0208607F0208647F0208687F02087D
:10B324006C7F0208707F0208747F0208787F02082D
:10B334007C7F0208807F0208887F0208907F0208D1
:10B344009C7F0208A87F0208B07F0208BC7F020825
:10B35400C47F0208B4800208E8800208248102083D
:10B364000201FF013C8202086882020894820208FA
:10B374006883020894830208C0830208E8830208F1
:10B384000E00000000001300000000000000150083
:10B39400000000000B0000000000000030870208DD
:10B3A400C4890208C88902080E00000000001300C6
:10B3B4000000000000001500000000000B00000069
:10B3C40000000000C09E0208D49E0208F09E0208FD
:10B3D400109F0208209F0208389F0208789F0208E5
:10B3E400AC9F0208EC9F020810A002083CA00208CF
:10B3F40058A00208389F0208789F0208AC9F0208F0
:10B4040078A0020800A1020834A102085CA1020885
:10B4140070A10208A0A1020854A20208109F020809
:10B4240068A2020870A202088CA2020854A20208B0
:10B43400A0A20208C0A20208E8A20208109F020803
:10B4440028A3020850A302087CA3020894A30208BC
:10B45400A8A30208D0A30208E0A30208F4A30208E8
:10B464000CA402082CA4020864A4020870A4020814
:10B4740084A402089CA40208B4A40208D0A402086C
:10B48400E0A40208E8A40208F4A40208ACA5020897
:10B49400E4A5020808A60208E4A5020840A60208DA
:10B4A400E4A5020878A602089CA60208ACA6020835
:10B4B400C4A602089CA60208E4A6020800A7020883
:10B4C4001CA7020830A7020884A702089CA6020849
:10B4D400A0A70208B4A70208B4A702080E0000003F
:10B4E4000000130000000000000015000000000030
:10B4F4000B000000000000000E000000000013001C
:10B504000000000000001500000000000B00000017
:10B51400000000000000000007000000BCAA0208B0
:10B524000000000000000000000000000000000017
:10B534000000000000000000010000000E000000F8
:10B5440000001300000000000000150000000000CF
:10B554000B0000000000000010AB02080024F400FF
:10B564000E000000000013000000000000001500A1
:10B57400000000000B0000000000000094AC020872
:10B5840000000000BC020020AAAAAAAA040000002D
:10B5940001000000FFFFFFFF0000020000000000A8
:10B5A40000000000DC020020DC020020E402002095
:10B5B400E4020020EC020020EC020020F40200204F
:10B5C400F4020020FC020020FC02002004030020FE
:10B5D400040300200C0300200C03002014030020AB
:10B5E400140300201C0300201C030020240300205B
:10B5F400240300202C0300202C030020340300200B
:10B60400340300203C0300203C03002044030020BA
:10B61400440300204C0300204C030020540300206A
:10B62400540300205C0300205C030020640300201A
:10B63400640300206C0300206C03002074030020CA
:10B64400740300207C0300207C030020840300207A
:10B65400840300208C0300208C030020940300202A
:10B66400940300209C0300209C030020A4030020DA
:10B67400A4030020AC030020AC030020B40300208A
:10B68400B4030020BC030020BC030020C40300203A
:10B69400C4030020CC030020CC030020D4030020EA
:10B6A400D4030020DC030020DC030020E40300209A
:10B6B400E4030020EC030020EC030020F40300204A
:10B6C400F4030020FC030020FC03002004040020F9
:10B6D400040400200C0400200C04002014040020A6
:10B6E400140400201C0400201C0400202404002056
:10B6F400240400202C0400202C0400203404002006
:10B70400340400203C0400203C04002044040020B5
:10B71400440400204C0400204C0400205404002065
:10B72400540400205C0400205C0400206404002015
:10B73400640400206C0400206C04002074040020C5
:10B74400740400207C0400207C0400208404002075
:10B75400840400208C0400208C0400209404002025
:10B76400940400209C0400209C040020A4040020D5
:10B77400A4040020AC040020AC040020B404002085
:10B78400B4040020BC040020BC040020C404002035
:10B79400C4040020CC040020CC040020D4040020E5
:10B7A400D4040020DC040020DC040020E404002095
:10B7B400E4040020EC040020EC040020F404002045
:10B7C400F4040020FC040020FC04002004050020F4
:10B7D400040500200C0500200C05002014050020A1
:10B7E400140500201C0500201C0500202405002051
:10B7F400240500202C0500202C0500203405002001
:10B80400340500203C0500203C05002044050020B0
:10B81400440500204C0500204C0500205405002060
:10B82400540500205C0500205C0500206405002010
:10B83400640500206C0500206C05002074050020C0
:10B84400740500207C0500207C0500208405002070
:10B85400840500208C0500208C0500209405002020
:10B86400940500209C0500209C050020A4050020D0
:10B87400A4050020AC050020AC050020B405002080
:10B88400B4050020BC050020BC050020C405002030
:10B89400C4050020CC050020CC050020D4050020E0
:10B8A400D4050020DC050020DC050020E405002090
:10B8B400E4050020EC050020EC050020F405002040
:10B8C400F4050020FC050020FC05002004060020EF
:10B8D400040600200C0600200C060020140600209C
:10B8E400140600201C0600201C060020240600204C
:10B8F400240600202C0600202C06002034060020FC
:10B90400340600203C0600203C06002044060020AB
:10B91400440600204C0600204C060020540600205B
:10B92400540600205C0600205C060020640600200B
:10B93400640600206C0600206C06002074060020BB
:10B94400740600207C0600207C060020840600206B
:10B95400840600208C0600208C060020940600201B
:10B96400940600209C0600209C060020A4060020CB
:10B97400A4060020AC060020AC060020B40600207B
:10B98400B4060020BC060020BC060020C40600202B
:10B99400C4060020CC060020CC060020D4060020DB
:10B9A400D40600200000000003000000E8940120F9
:10B9B4004300000000000000000000000000000040
:10B9C4000000000000000000000000000000000073
:10B9D4004300000000000000000000000000000020
:10B9E4000000000000000000000000000000000053
:10B9F4004300000000000000000000000000000000
:10BA04000000000000000000000000000000000032
:10BA140043000000000000000000000000000000DF
:10BA24000000000000000000000000000000000012
:10BA340043000000000000000000000000000000BF
:10BA440000000000000000000000000000000000F2
:10BA5400430000000000000000000000000000009F
:10BA640000000000000000000000000000000000D2
:10BA7400430000000000000000000000000000007F
:10BA840000000000000000000000000000000000B2
:10BA940001450208E93B020800000000C8AE0208A4
:10BAA40070AE020827B2020827B2020827B20208C1
:10BAB40027B2020827B2020827B2020827B20208F6
:10BAC40027B2020827B20208FFFFFFFFFFFFFFFFB4
:10BAD400FFFFFFFFFFFF00000100415343494900FE
:10BAE4000000000000000000000000000000000052
:10BAF40000000000000000000000415343494900D9
:10BB04000000000000000000000000000000000031
:10BB14000000000000000000000000006008002099
:10BB240000000000E894012050950120B895012000
:10BB34000000000000000000000000000000000001
:10BB440000000000000000000000000000000000F1
:10BB540000000000000000000000000000000000E1
:10BB640000000000000000000000000000000000D1
:10BB740000000000000000000000000000000000C1
:10BB840000000000000000000000000000000000B1
:10BB940000000000000000000000000000000000A1
:10BBA4000000000000000000000000000000000091
:10BBB4000000000000000000010000000000000080
:10BBC4000E33CDAB34126DE6ECDE05000B00000045
:10BBD4000000000000000000000000000000000061
:10BBE4000000000000000000000000000000000051
:10BBF4000000000000000000000000000000000041
:10BC04000000000000000000000000000000000030
:10BC14000000000000000000000000000000000020
:10BC24000000000000000000000000000000000010
:10BC34000000000000000000000000000000000000
:10BC44002996012080B588B000AF786039601F2341
:10BC5400FB1800221A707B68BB613B687B611A4B3E
:10BC64005A69194B8021C9020A435A61EFF31083C0
:10BC7400FB60FB683B6172B6C0460FE07A69BB6942
:10BC840012681A607B6904337B61BB690433BB614E
:10BC94001F217B181A787B1801321A701F23FB1896
:10BCA4001B783F2BEAD9C046074B1A69C0239B0275
:10BCB4001340F9D13B69BB60BB6883F31088C0466D
:0CBCC400C046BD4608B080BD0020024014
:06BCD0000000000000006E
:04000005080172D1AB
:00000001FF
